operationId,auctionStatus,Date,settlementDate,maturityDate,operationType,operationMethod,settlementType,termCalenderDays,term,releaseTime,closeTime,note,lastUpdated,operationLimit,totalAmtSubmitted,totalAmtAccepted,details,participatingCpty,acceptedCpty,propositions,Accepted_Billions,Counterparties
RP 072925 3,Results,2025-07-29,2025-07-29,2025-07-30,Repo,Multiple Price,Same Day,1,Overnight,13:30,13:45,,2025-07-29 13:45:59,499996000000.0,1000000,1000000,"[{'securityType': 'Treasury', 'amtSubmitted': 1000000, 'amtAccepted': 1000000, 'minimumBidRate': 4.5, 'percentHighRate': 4.5, 'percentLowRate': 4.5, 'percentStopOutRate': 4.5, 'percentWeightedAverageRate': 4.5}, {'securityType': 'Agency', 'amtSubmitted': 0, 'amtAccepted': 0, 'minimumBidRate': 4.5}, {'securityType': 'Mortgage-Backed', 'amtSubmitted': 0, 'amtAccepted': 0, 'minimumBidRate': 4.5}]",,,,0.001,
RP 072925 2,Results,2025-07-29,2025-07-29,2025-07-30,Reverse Repo,Fixed Rate,Same Day,1,Overnight,12:45,13:15,,2025-07-29 13:16:02,,171018000000,171018000000,"[{'securityType': 'Treasury', 'amtSubmitted': 171018000000, 'amtAccepted': 171018000000, 'percentOfferingRate': 4.25, 'percentAwardRate': 4.25}]",33.0,33.0,"[{'counterpartyType': 'bank', 'amtAccepted': 1000000}, {'counterpartyType': 'gse', 'amtAccepted': 2825000000}, {'counterpartyType': 'mmf', 'amtAccepted': 168192000000}, {'counterpartyType': 'pd', 'amtAccepted': 0}]",171.018,
RP 072925 1,Results,2025-07-29,2025-07-29,2025-07-30,Repo,Multiple Price,Same Day,1,Overnight,08:15,08:30,"Today's afternoon SRF operation will have an aggregate operation limit of $499.996 billion, which is $500 billion less the amount of total accepted propositions in this morning's SRF operation.",2025-07-29 08:32:01,500000000000.0,4000000,4000000,"[{'securityType': 'Treasury', 'amtSubmitted': 2000000, 'amtAccepted': 2000000, 'minimumBidRate': 4.5, 'percentHighRate': 4.5, 'percentLowRate': 4.5, 'percentStopOutRate': 4.5, 'percentWeightedAverageRate': 4.5}, {'securityType': 'Agency', 'amtSubmitted': 1000000, 'amtAccepted': 1000000, 'minimumBidRate': 4.5, 'percentHighRate': 4.5, 'percentLowRate': 4.5, 'percentStopOutRate': 4.5, 'percentWeightedAverageRate': 4.5}, {'securityType': 'Mortgage-Backed', 'amtSubmitted': 1000000, 'amtAccepted': 1000000, 'minimumBidRate': 4.5, 'percentHighRate': 4.5, 'percentLowRate': 4.5, 'percentStopOutRate': 4.5, 'percentWeightedAverageRate': 4.5}]",,,,0.004,
RP 073025 1,Results,2025-07-30,2025-07-30,2025-07-31,Repo,Multiple Price,Same Day,1,Overnight,08:15,08:30,"Today's afternoon SRF operation will have an aggregate operation limit of $500.000 billion, which is $500 billion less the amount of total accepted propositions in this morning's SRF operation.",2025-07-30 08:31:32,500000000000.0,0,0,"[{'securityType': 'Treasury', 'amtSubmitted': 0, 'amtAccepted': 0, 'minimumBidRate': 4.5}, {'securityType': 'Agency', 'amtSubmitted': 0, 'amtAccepted': 0, 'minimumBidRate': 4.5}, {'securityType': 'Mortgage-Backed', 'amtSubmitted': 0, 'amtAccepted': 0, 'minimumBidRate': 4.5}]",,,,0.0,
RP 073025 3,Results,2025-07-30,2025-07-30,2025-07-31,Repo,Multiple Price,Same Day,1,Overnight,13:30,13:45,,2025-07-30 13:45:37,500000000000.0,0,0,"[{'securityType': 'Treasury', 'amtSubmitted': 0, 'amtAccepted': 0, 'minimumBidRate': 4.5}, {'securityType': 'Agency', 'amtSubmitted': 0, 'amtAccepted': 0, 'minimumBidRate': 4.5}, {'securityType': 'Mortgage-Backed', 'amtSubmitted': 0, 'amtAccepted': 0, 'minimumBidRate': 4.5}]",,,,0.0,
RP 073025 2,Results,2025-07-30,2025-07-30,2025-07-31,Reverse Repo,Fixed Rate,Same Day,1,Overnight,12:45,13:15,,2025-07-30 13:15:53,,155481000000,155481000000,"[{'securityType': 'Treasury', 'amtSubmitted': 155481000000, 'amtAccepted': 155481000000, 'percentOfferingRate': 4.25, 'percentAwardRate': 4.25}]",27.0,27.0,"[{'counterpartyType': 'bank', 'amtAccepted': 0}, {'counterpartyType': 'gse', 'amtAccepted': 4425000000}, {'counterpartyType': 'mmf', 'amtAccepted': 151056000000}, {'counterpartyType': 'pd', 'amtAccepted': 0}]",155.481,
RP 073125 1,Results,2025-07-31,2025-07-31,2025-08-01,Repo,Multiple Price,Same Day,1,Overnight,08:15,08:30,"Today's afternoon SRF operation will have an aggregate operation limit of $500.000 billion, which is $500 billion less the amount of total accepted propositions in this morning's SRF operation.",2025-07-31 08:31:13,500000000000.0,0,0,"[{'securityType': 'Treasury', 'amtSubmitted': 0, 'amtAccepted': 0, 'minimumBidRate': 4.5}, {'securityType': 'Agency', 'amtSubmitted': 0, 'amtAccepted': 0, 'minimumBidRate': 4.5}, {'securityType': 'Mortgage-Backed', 'amtSubmitted': 0, 'amtAccepted': 0, 'minimumBidRate': 4.5}]",,,,0.0,
RP 073125 3,Results,2025-07-31,2025-07-31,2025-08-01,Repo,Multiple Price,Same Day,1,Overnight,13:30,13:45,,2025-07-31 13:45:38,500000000000.0,0,0,"[{'securityType': 'Treasury', 'amtSubmitted': 0, 'amtAccepted': 0, 'minimumBidRate': 4.5}, {'securityType': 'Agency', 'amtSubmitted': 0, 'amtAccepted': 0, 'minimumBidRate': 4.5}, {'securityType': 'Mortgage-Backed', 'amtSubmitted': 0, 'amtAccepted': 0, 'minimumBidRate': 4.5}]",,,,0.0,
RP 073125 2,Results,2025-07-31,2025-07-31,2025-08-01,Reverse Repo,Fixed Rate,Same Day,1,Overnight,12:45,13:15,,2025-07-31 13:15:45,,214445000000,214445000000,"[{'securityType': 'Treasury', 'amtSubmitted': 214445000000, 'amtAccepted': 214445000000, 'percentOfferingRate': 4.25, 'percentAwardRate': 4.25}]",52.0,52.0,"[{'counterpartyType': 'bank', 'amtAccepted': 0}, {'counterpartyType': 'gse', 'amtAccepted': 34335000000}, {'counterpartyType': 'mmf', 'amtAccepted': 180110000000}, {'counterpartyType': 'pd', 'amtAccepted': 0}]",214.445,
RP 080125 3,Results,2025-08-01,2025-08-01,2025-08-04,Repo,Multiple Price,Same Day,3,Overnight,13:30,13:45,,2025-08-01 13:45:40,500000000000.0,0,0,"[{'securityType': 'Treasury', 'amtSubmitted': 0, 'amtAccepted': 0, 'minimumBidRate': 4.5}, {'securityType': 'Agency', 'amtSubmitted': 0, 'amtAccepted': 0, 'minimumBidRate': 4.5}, {'securityType': 'Mortgage-Backed', 'amtSubmitted': 0, 'amtAccepted': 0, 'minimumBidRate': 4.5}]",,,,0.0,
RP 080125 2,Results,2025-08-01,2025-08-01,2025-08-04,Reverse Repo,Fixed Rate,Same Day,3,Overnight,12:45,13:15,,2025-08-01 13:15:56,,97426000000,97426000000,"[{'securityType': 'Treasury', 'amtSubmitted': 97426000000, 'amtAccepted': 97426000000, 'percentOfferingRate': 4.25, 'percentAwardRate': 4.25}]",21.0,21.0,"[{'counterpartyType': 'bank', 'amtAccepted': 0}, {'counterpartyType': 'gse', 'amtAccepted': 3190000000}, {'counterpartyType': 'mmf', 'amtAccepted': 94236000000}, {'counterpartyType': 'pd', 'amtAccepted': 0}]",97.426,
RP 080125 1,Results,2025-08-01,2025-08-01,2025-08-04,Repo,Multiple Price,Same Day,3,Overnight,08:15,08:30,"Today's afternoon SRF operation will have an aggregate operation limit of $500.000 billion, which is $500 billion less the amount of total accepted propositions in this morning's SRF operation.",2025-08-01 08:31:03,500000000000.0,0,0,"[{'securityType': 'Treasury', 'amtSubmitted': 0, 'amtAccepted': 0, 'minimumBidRate': 4.5}, {'securityType': 'Agency', 'amtSubmitted': 0, 'amtAccepted': 0, 'minimumBidRate': 4.5}, {'securityType': 'Mortgage-Backed', 'amtSubmitted': 0, 'amtAccepted': 0, 'minimumBidRate': 4.5}]",,,,0.0,
RP 080425 3,Results,2025-08-04,2025-08-04,2025-08-05,Repo,Multiple Price,Same Day,1,Overnight,13:30,13:45,,2025-08-04 13:46:01,500000000000.0,1000000,1000000,"[{'securityType': 'Treasury', 'amtSubmitted': 1000000, 'amtAccepted': 1000000, 'minimumBidRate': 4.5, 'percentHighRate': 4.5, 'percentLowRate': 4.5, 'percentStopOutRate': 4.5, 'percentWeightedAverageRate': 4.5}, {'securityType': 'Agency', 'amtSubmitted': 0, 'amtAccepted': 0, 'minimumBidRate': 4.5}, {'securityType': 'Mortgage-Backed', 'amtSubmitted': 0, 'amtAccepted': 0, 'minimumBidRate': 4.5}]",,,,0.001,
RP 080425 2,Results,2025-08-04,2025-08-04,2025-08-05,Reverse Repo,Fixed Rate,Same Day,1,Overnight,12:45,13:15,,2025-08-04 13:16:00,,125730000000,125730000000,"[{'securityType': 'Treasury', 'amtSubmitted': 125730000000, 'amtAccepted': 125730000000, 'percentOfferingRate': 4.25, 'percentAwardRate': 4.25}]",26.0,26.0,"[{'counterpartyType': 'bank', 'amtAccepted': 1000000}, {'counterpartyType': 'gse', 'amtAccepted': 3980000000}, {'counterpartyType': 'mmf', 'amtAccepted': 121749000000}, {'counterpartyType': 'pd', 'amtAccepted': 0}]",125.73,
RP 080425 1,Results,2025-08-04,2025-08-04,2025-08-05,Repo,Multiple Price,Same Day,1,Overnight,08:15,08:30,"Today's afternoon SRF operation will have an aggregate operation limit of $500.000 billion, which is $500 billion less the amount of total accepted propositions in this morning's SRF operation.",2025-08-04 08:32:07,500000000000.0,0,0,"[{'securityType': 'Treasury', 'amtSubmitted': 0, 'amtAccepted': 0, 'minimumBidRate': 4.5}, {'securityType': 'Agency', 'amtSubmitted': 0, 'amtAccepted': 0, 'minimumBidRate': 4.5}, {'securityType': 'Mortgage-Backed', 'amtSubmitted': 0, 'amtAccepted': 0, 'minimumBidRate': 4.5}]",,,,0.0,
RP 080525 1,Results,2025-08-05,2025-08-05,2025-08-06,Repo,Multiple Price,Same Day,1,Overnight,08:15,08:30,"Today's afternoon SRF operation will have an aggregate operation limit of $499.999 billion, which is $500 billion less the amount of total accepted propositions in this morning SRF operation.",2025-08-05 08:32:28,500000000000.0,1000000,1000000,"[{'securityType': 'Treasury', 'amtSubmitted': 1000000, 'amtAccepted': 1000000, 'minimumBidRate': 4.5, 'percentHighRate': 4.5, 'percentLowRate': 4.5, 'percentStopOutRate': 4.5, 'percentWeightedAverageRate': 4.5}, {'securityType': 'Agency', 'amtSubmitted': 0, 'amtAccepted': 0, 'minimumBidRate': 4.5}, {'securityType': 'Mortgage-Backed', 'amtSubmitted': 0, 'amtAccepted': 0, 'minimumBidRate': 4.5}]",,,,0.001,
RP 080525 2,Results,2025-08-05,2025-08-05,2025-08-06,Reverse Repo,Fixed Rate,Same Day,1,Overnight,12:45,13:15,,2025-08-05 13:16:48,,84356000000,84356000000,"[{'securityType': 'Treasury', 'amtSubmitted': 84356000000, 'amtAccepted': 84356000000, 'percentOfferingRate': 4.25, 'percentAwardRate': 4.25}]",23.0,23.0,"[{'counterpartyType': 'bank', 'amtAccepted': 0}, {'counterpartyType': 'gse', 'amtAccepted': 3715000000}, {'counterpartyType': 'mmf', 'amtAccepted': 80641000000}, {'counterpartyType': 'pd', 'amtAccepted': 0}]",84.356,
RP 080525 3,Results,2025-08-05,2025-08-05,2025-08-06,Repo,Multiple Price,Same Day,1,Overnight,13:30,13:45,,2025-08-05 13:46:05,499999000000.0,0,0,"[{'securityType': 'Treasury', 'amtSubmitted': 0, 'amtAccepted': 0, 'minimumBidRate': 4.5}, {'securityType': 'Agency', 'amtSubmitted': 0, 'amtAccepted': 0, 'minimumBidRate': 4.5}, {'securityType': 'Mortgage-Backed', 'amtSubmitted': 0, 'amtAccepted': 0, 'minimumBidRate': 4.5}]",,,,0.0,
RP 080625 3,Results,2025-08-06,2025-08-06,2025-08-07,Repo,Multiple Price,Same Day,1,Overnight,13:30,13:45,,2025-08-06 13:46:17,499995000000.0,0,0,"[{'securityType': 'Treasury', 'amtSubmitted': 0, 'amtAccepted': 0, 'minimumBidRate': 4.5}, {'securityType': 'Agency', 'amtSubmitted': 0, 'amtAccepted': 0, 'minimumBidRate': 4.5}, {'securityType': 'Mortgage-Backed', 'amtSubmitted': 0, 'amtAccepted': 0, 'minimumBidRate': 4.5}]",,,,0.0,
RP 080625 2,Results,2025-08-06,2025-08-06,2025-08-07,Reverse Repo,Fixed Rate,Same Day,1,Overnight,12:45,13:15,,2025-08-06 13:16:22,,91966000000,91966000000,"[{'securityType': 'Treasury', 'amtSubmitted': 91966000000, 'amtAccepted': 91966000000, 'percentOfferingRate': 4.25, 'percentAwardRate': 4.25}]",22.0,22.0,"[{'counterpartyType': 'bank', 'amtAccepted': 0}, {'counterpartyType': 'gse', 'amtAccepted': 4190000000}, {'counterpartyType': 'mmf', 'amtAccepted': 87776000000}, {'counterpartyType': 'pd', 'amtAccepted': 0}]",91.966,
RP 080625 1,Results,2025-08-06,2025-08-06,2025-08-07,Repo,Multiple Price,Same Day,1,Overnight,08:15,08:30,"Today's afternoon SRF operation will have an aggregate operation limit of $499.995 billion, which is $500 billion less the amount of total accepted propositions in this morning SRF operation.",2025-08-06 08:32:22,500000000000.0,5000000,5000000,"[{'securityType': 'Treasury', 'amtSubmitted': 2000000, 'amtAccepted': 2000000, 'minimumBidRate': 4.5, 'percentHighRate': 4.5, 'percentLowRate': 4.5, 'percentStopOutRate': 4.5, 'percentWeightedAverageRate': 4.5}, {'securityType': 'Agency', 'amtSubmitted': 1000000, 'amtAccepted': 1000000, 'minimumBidRate': 4.5, 'percentHighRate': 4.5, 'percentLowRate': 4.5, 'percentStopOutRate': 4.5, 'percentWeightedAverageRate': 4.5}, {'securityType': 'Mortgage-Backed', 'amtSubmitted': 2000000, 'amtAccepted': 2000000, 'minimumBidRate': 4.5, 'percentHighRate': 4.5, 'percentLowRate': 4.5, 'percentStopOutRate': 4.5, 'percentWeightedAverageRate': 4.5}]",,,,0.005,
RP 080725 3,Results,2025-08-07,2025-08-07,2025-08-08,Repo,Multiple Price,Same Day,1,Overnight,13:30,13:45,,2025-08-07 13:46:14,500000000000.0,44000000,44000000,"[{'securityType': 'Treasury', 'amtSubmitted': 41000000, 'amtAccepted': 41000000, 'minimumBidRate': 4.5, 'percentHighRate': 4.5, 'percentLowRate': 4.5, 'percentStopOutRate': 4.5, 'percentWeightedAverageRate': 4.5}, {'securityType': 'Agency', 'amtSubmitted': 0, 'amtAccepted': 0, 'minimumBidRate': 4.5}, {'securityType': 'Mortgage-Backed', 'amtSubmitted': 3000000, 'amtAccepted': 3000000, 'minimumBidRate': 4.5, 'percentHighRate': 4.5, 'percentLowRate': 4.5, 'percentStopOutRate': 4.5, 'percentWeightedAverageRate': 4.5}]",,,,0.044,
RP 080725 2,Results,2025-08-07,2025-08-07,2025-08-08,Reverse Repo,Fixed Rate,Same Day,1,Overnight,12:45,13:15,,2025-08-07 13:16:39,,77961000000,77961000000,"[{'securityType': 'Treasury', 'amtSubmitted': 77961000000, 'amtAccepted': 77961000000, 'percentOfferingRate': 4.25, 'percentAwardRate': 4.25}]",26.0,26.0,"[{'counterpartyType': 'bank', 'amtAccepted': 0}, {'counterpartyType': 'gse', 'amtAccepted': 3640000000}, {'counterpartyType': 'mmf', 'amtAccepted': 74320000000}, {'counterpartyType': 'pd', 'amtAccepted': 1000000}]",77.961,
RP 080725 1,Results,2025-08-07,2025-08-07,2025-08-08,Repo,Multiple Price,Same Day,1,Overnight,08:15,08:30,"Today's afternoon SRF operation will have an aggregate operation limit of $500.000 billion, which is $500 billion less the amount of total accepted propositions in this morning's SRF operation.",2025-08-07 08:31:24,500000000000.0,0,0,"[{'securityType': 'Treasury', 'amtSubmitted': 0, 'amtAccepted': 0, 'minimumBidRate': 4.5}, {'securityType': 'Agency', 'amtSubmitted': 0, 'amtAccepted': 0, 'minimumBidRate': 4.5}, {'securityType': 'Mortgage-Backed', 'amtSubmitted': 0, 'amtAccepted': 0, 'minimumBidRate': 4.5}]",,,,0.0,
RP 080825 1,Results,2025-08-08,2025-08-08,2025-08-11,Repo,Multiple Price,Same Day,3,Overnight,08:15,08:30,"Today's afternoon SRF operation will have an aggregate operation limit of $500.000 billion, which is $500 billion less the amount of total accepted propositions in this morning's SRF operation.",2025-08-08 08:31:36,500000000000.0,0,0,"[{'securityType': 'Treasury', 'amtSubmitted': 0, 'amtAccepted': 0, 'minimumBidRate': 4.5}, {'securityType': 'Agency', 'amtSubmitted': 0, 'amtAccepted': 0, 'minimumBidRate': 4.5}, {'securityType': 'Mortgage-Backed', 'amtSubmitted': 0, 'amtAccepted': 0, 'minimumBidRate': 4.5}]",,,,0.0,
RP 080825 2,Results,2025-08-08,2025-08-08,2025-08-11,Reverse Repo,Fixed Rate,Same Day,3,Overnight,12:45,13:15,,2025-08-08 13:16:29,,80303000000,80303000000,"[{'securityType': 'Treasury', 'amtSubmitted': 80303000000, 'amtAccepted': 80303000000, 'percentOfferingRate': 4.25, 'percentAwardRate': 4.25}]",21.0,21.0,"[{'counterpartyType': 'bank', 'amtAccepted': 0}, {'counterpartyType': 'gse', 'amtAccepted': 3450000000}, {'counterpartyType': 'mmf', 'amtAccepted': 76853000000}, {'counterpartyType': 'pd', 'amtAccepted': 0}]",80.303,
RP 080825 3,Results,2025-08-08,2025-08-08,2025-08-11,Repo,Multiple Price,Same Day,3,Overnight,13:30,13:45,,2025-08-08 13:45:52,500000000000.0,0,0,"[{'securityType': 'Treasury', 'amtSubmitted': 0, 'amtAccepted': 0, 'minimumBidRate': 4.5}, {'securityType': 'Agency', 'amtSubmitted': 0, 'amtAccepted': 0, 'minimumBidRate': 4.5}, {'securityType': 'Mortgage-Backed', 'amtSubmitted': 0, 'amtAccepted': 0, 'minimumBidRate': 4.5}]",,,,0.0,
RP 081125 1,Results,2025-08-11,2025-08-11,2025-08-12,Repo,Multiple Price,Same Day,1,Overnight,08:15,08:30,"Today's afternoon SRF operation will have an aggregate operation limit of $500.000 billion, which is $500 billion less the amount of total accepted propositions in this morning's SRF operation.",2025-08-11 08:31:01,500000000000.0,0,0,"[{'securityType': 'Treasury', 'amtSubmitted': 0, 'amtAccepted': 0, 'minimumBidRate': 4.5}, {'securityType': 'Agency', 'amtSubmitted': 0, 'amtAccepted': 0, 'minimumBidRate': 4.5}, {'securityType': 'Mortgage-Backed', 'amtSubmitted': 0, 'amtAccepted': 0, 'minimumBidRate': 4.5}]",,,,0.0,
RP 081125 3,Results,2025-08-11,2025-08-11,2025-08-12,Repo,Multiple Price,Same Day,1,Overnight,13:30,13:45,,2025-08-11 13:45:29,500000000000.0,1000000,1000000,"[{'securityType': 'Treasury', 'amtSubmitted': 0, 'amtAccepted': 0, 'minimumBidRate': 4.5}, {'securityType': 'Agency', 'amtSubmitted': 0, 'amtAccepted': 0, 'minimumBidRate': 4.5}, {'securityType': 'Mortgage-Backed', 'amtSubmitted': 1000000, 'amtAccepted': 1000000, 'minimumBidRate': 4.5, 'percentHighRate': 4.5, 'percentLowRate': 4.5, 'percentStopOutRate': 4.5, 'percentWeightedAverageRate': 4.5}]",,,,0.001,
RP 081125 2,Results,2025-08-11,2025-08-11,2025-08-12,Reverse Repo,Fixed Rate,Same Day,1,Overnight,12:45,13:15,,2025-08-11 13:15:41,,82214000000,82214000000,"[{'securityType': 'Treasury', 'amtSubmitted': 82214000000, 'amtAccepted': 82214000000, 'percentOfferingRate': 4.25, 'percentAwardRate': 4.25}]",26.0,26.0,"[{'counterpartyType': 'bank', 'amtAccepted': 1000000}, {'counterpartyType': 'gse', 'amtAccepted': 3950000000}, {'counterpartyType': 'mmf', 'amtAccepted': 78263000000}, {'counterpartyType': 'pd', 'amtAccepted': 0}]",82.214,
RP 081225 3,Results,2025-08-12,2025-08-12,2025-08-13,Repo,Multiple Price,Same Day,1,Overnight,13:30,13:45,,2025-08-12 13:45:53,500000000000.0,101000000,101000000,"[{'securityType': 'Treasury', 'amtSubmitted': 101000000, 'amtAccepted': 101000000, 'minimumBidRate': 4.5, 'percentHighRate': 4.5, 'percentLowRate': 4.5, 'percentStopOutRate': 4.5, 'percentWeightedAverageRate': 4.5}, {'securityType': 'Agency', 'amtSubmitted': 0, 'amtAccepted': 0, 'minimumBidRate': 4.5}, {'securityType': 'Mortgage-Backed', 'amtSubmitted': 0, 'amtAccepted': 0, 'minimumBidRate': 4.5}]",,,,0.101,
RP 081225 2,Results,2025-08-12,2025-08-12,2025-08-13,Reverse Repo,Fixed Rate,Same Day,1,Overnight,12:45,13:15,,2025-08-12 13:15:29,,57492000000,57492000000,"[{'securityType': 'Treasury', 'amtSubmitted': 57492000000, 'amtAccepted': 57492000000, 'percentOfferingRate': 4.25, 'percentAwardRate': 4.25}]",22.0,22.0,"[{'counterpartyType': 'bank', 'amtAccepted': 0}, {'counterpartyType': 'gse', 'amtAccepted': 3140000000}, {'counterpartyType': 'mmf', 'amtAccepted': 54352000000}, {'counterpartyType': 'pd', 'amtAccepted': 0}]",57.492,
RP 081225 1,Results,2025-08-12,2025-08-12,2025-08-13,Repo,Multiple Price,Same Day,1,Overnight,08:15,08:30,"Today's afternoon SRF operation will have an aggregate operation limit of $500.000 billion, which is $500 billion less the amount of total accepted propositions in this morning's SRF operation.",2025-08-12 08:30:46,500000000000.0,0,0,"[{'securityType': 'Treasury', 'amtSubmitted': 0, 'amtAccepted': 0, 'minimumBidRate': 4.5}, {'securityType': 'Agency', 'amtSubmitted': 0, 'amtAccepted': 0, 'minimumBidRate': 4.5}, {'securityType': 'Mortgage-Backed', 'amtSubmitted': 0, 'amtAccepted': 0, 'minimumBidRate': 4.5}]",,,,0.0,
RP 081325 3,Results,2025-08-13,2025-08-13,2025-08-14,Repo,Multiple Price,Same Day,1,Overnight,13:30,13:45,,2025-08-13 13:45:46,500000000000.0,1000000,1000000,"[{'securityType': 'Treasury', 'amtSubmitted': 1000000, 'amtAccepted': 1000000, 'minimumBidRate': 4.5, 'percentHighRate': 4.5, 'percentLowRate': 4.5, 'percentStopOutRate': 4.5, 'percentWeightedAverageRate': 4.5}, {'securityType': 'Agency', 'amtSubmitted': 0, 'amtAccepted': 0, 'minimumBidRate': 4.5}, {'securityType': 'Mortgage-Backed', 'amtSubmitted': 0, 'amtAccepted': 0, 'minimumBidRate': 4.5}]",,,,0.001,
RP 081325 2,Results,2025-08-13,2025-08-13,2025-08-14,Reverse Repo,Fixed Rate,Same Day,1,Overnight,12:45,13:15,,2025-08-13 13:15:50,,57202000000,57202000000,"[{'securityType': 'Treasury', 'amtSubmitted': 57202000000, 'amtAccepted': 57202000000, 'percentOfferingRate': 4.25, 'percentAwardRate': 4.25}]",21.0,21.0,"[{'counterpartyType': 'bank', 'amtAccepted': 5000000}, {'counterpartyType': 'gse', 'amtAccepted': 2800000000}, {'counterpartyType': 'mmf', 'amtAccepted': 54397000000}, {'counterpartyType': 'pd', 'amtAccepted': 0}]",57.202,
RP 081325 1,Results,2025-08-13,2025-08-13,2025-08-14,Repo,Multiple Price,Same Day,1,Overnight,08:15,08:30,"Today's afternoon SRF operation will have an aggregate operation limit of $500.000 billion, which is $500 billion less the amount of total accepted propositions in this morning's SRF operation.",2025-08-13 08:31:12,500000000000.0,0,0,"[{'securityType': 'Treasury', 'amtSubmitted': 0, 'amtAccepted': 0, 'minimumBidRate': 4.5}, {'securityType': 'Agency', 'amtSubmitted': 0, 'amtAccepted': 0, 'minimumBidRate': 4.5}, {'securityType': 'Mortgage-Backed', 'amtSubmitted': 0, 'amtAccepted': 0, 'minimumBidRate': 4.5}]",,,,0.0,
RP 081425 2,Results,2025-08-14,2025-08-14,2025-08-15,Reverse Repo,Fixed Rate,Same Day,1,Overnight,12:45,13:15,,2025-08-14 13:15:56,,28818000000,28818000000,"[{'securityType': 'Treasury', 'amtSubmitted': 28818000000, 'amtAccepted': 28818000000, 'percentOfferingRate': 4.25, 'percentAwardRate': 4.25}]",14.0,14.0,"[{'counterpartyType': 'bank', 'amtAccepted': 0}, {'counterpartyType': 'gse', 'amtAccepted': 2225000000}, {'counterpartyType': 'mmf', 'amtAccepted': 26593000000}, {'counterpartyType': 'pd', 'amtAccepted': 0}]",28.818,
RP 081425 1,Results,2025-08-14,2025-08-14,2025-08-15,Repo,Multiple Price,Same Day,1,Overnight,08:15,08:30,"Today's afternoon SRF operation will have an aggregate operation limit of $499.999 billion, which is $500 billion less the amount of total accepted propositions in this morning SRF operation.",2025-08-14 08:31:22,500000000000.0,1000000,1000000,"[{'securityType': 'Treasury', 'amtSubmitted': 0, 'amtAccepted': 0, 'minimumBidRate': 4.5}, {'securityType': 'Agency', 'amtSubmitted': 0, 'amtAccepted': 0, 'minimumBidRate': 4.5}, {'securityType': 'Mortgage-Backed', 'amtSubmitted': 1000000, 'amtAccepted': 1000000, 'minimumBidRate': 4.5, 'percentHighRate': 4.5, 'percentLowRate': 4.5, 'percentStopOutRate': 4.5, 'percentWeightedAverageRate': 4.5}]",,,,0.001,
RP 081425 3,Results,2025-08-14,2025-08-14,2025-08-15,Repo,Multiple Price,Same Day,1,Overnight,13:30,13:45,,2025-08-14 13:45:40,499999000000.0,0,0,"[{'securityType': 'Treasury', 'amtSubmitted': 0, 'amtAccepted': 0, 'minimumBidRate': 4.5}, {'securityType': 'Agency', 'amtSubmitted': 0, 'amtAccepted': 0, 'minimumBidRate': 4.5}, {'securityType': 'Mortgage-Backed', 'amtSubmitted': 0, 'amtAccepted': 0, 'minimumBidRate': 4.5}]",,,,0.0,
RP 081525 3,Results,2025-08-15,2025-08-15,2025-08-18,Repo,Multiple Price,Same Day,3,Overnight,13:30,13:45,,2025-08-15 13:45:43,500000000000.0,0,0,"[{'securityType': 'Treasury', 'amtSubmitted': 0, 'amtAccepted': 0, 'minimumBidRate': 4.5}, {'securityType': 'Agency', 'amtSubmitted': 0, 'amtAccepted': 0, 'minimumBidRate': 4.5}, {'securityType': 'Mortgage-Backed', 'amtSubmitted': 0, 'amtAccepted': 0, 'minimumBidRate': 4.5}]",,,,0.0,
RP 081525 2,Results,2025-08-15,2025-08-15,2025-08-18,Reverse Repo,Fixed Rate,Same Day,3,Overnight,12:45,13:15,,2025-08-15 13:15:43,,33757000000,33757000000,"[{'securityType': 'Treasury', 'amtSubmitted': 33757000000, 'amtAccepted': 33757000000, 'percentOfferingRate': 4.25, 'percentAwardRate': 4.25}]",16.0,16.0,"[{'counterpartyType': 'bank', 'amtAccepted': 0}, {'counterpartyType': 'gse', 'amtAccepted': 2330000000}, {'counterpartyType': 'mmf', 'amtAccepted': 31427000000}, {'counterpartyType': 'pd', 'amtAccepted': 0}]",33.757,
RP 081525 1,Results,2025-08-15,2025-08-15,2025-08-18,Repo,Multiple Price,Same Day,3,Overnight,08:15,08:30,"Today's afternoon SRF operation will have an aggregate operation limit of $500.000 billion, which is $500 billion less the amount of total accepted propositions in this morning's SRF operation.",2025-08-15 08:30:53,500000000000.0,0,0,"[{'securityType': 'Treasury', 'amtSubmitted': 0, 'amtAccepted': 0, 'minimumBidRate': 4.5}, {'securityType': 'Agency', 'amtSubmitted': 0, 'amtAccepted': 0, 'minimumBidRate': 4.5}, {'securityType': 'Mortgage-Backed', 'amtSubmitted': 0, 'amtAccepted': 0, 'minimumBidRate': 4.5}]",,,,0.0,
RP 081825 1,Results,2025-08-18,2025-08-18,2025-08-19,Repo,Multiple Price,Same Day,1,Overnight,08:15,08:30,"Today's afternoon SRF operation will have an aggregate operation limit of $500.000 billion, which is $500 billion less the amount of total accepted propositions in this morning's SRF operation.",2025-08-18 08:32:14,500000000000.0,0,0,"[{'securityType': 'Treasury', 'amtSubmitted': 0, 'amtAccepted': 0, 'minimumBidRate': 4.5}, {'securityType': 'Agency', 'amtSubmitted': 0, 'amtAccepted': 0, 'minimumBidRate': 4.5}, {'securityType': 'Mortgage-Backed', 'amtSubmitted': 0, 'amtAccepted': 0, 'minimumBidRate': 4.5}]",,,,0.0,
RP 081825 3,Results,2025-08-18,2025-08-18,2025-08-19,Repo,Multiple Price,Same Day,1,Overnight,13:30,13:45,,2025-08-18 13:46:22,500000000000.0,0,0,"[{'securityType': 'Treasury', 'amtSubmitted': 0, 'amtAccepted': 0, 'minimumBidRate': 4.5}, {'securityType': 'Agency', 'amtSubmitted': 0, 'amtAccepted': 0, 'minimumBidRate': 4.5}, {'securityType': 'Mortgage-Backed', 'amtSubmitted': 0, 'amtAccepted': 0, 'minimumBidRate': 4.5}]",,,,0.0,
RP 081825 2,Results,2025-08-18,2025-08-18,2025-08-19,Reverse Repo,Fixed Rate,Same Day,1,Overnight,12:45,13:15,,2025-08-18 13:15:46,,38240000000,38240000000,"[{'securityType': 'Treasury', 'amtSubmitted': 38240000000, 'amtAccepted': 38240000000, 'percentOfferingRate': 4.25, 'percentAwardRate': 4.25}]",19.0,19.0,"[{'counterpartyType': 'bank', 'amtAccepted': 0}, {'counterpartyType': 'gse', 'amtAccepted': 3075000000}, {'counterpartyType': 'mmf', 'amtAccepted': 35165000000}, {'counterpartyType': 'pd', 'amtAccepted': 0}]",38.24,
RP 081925 1,Results,2025-08-19,2025-08-19,2025-08-20,Repo,Multiple Price,Same Day,1,Overnight,08:15,08:30,"Today's afternoon SRF operation will have an aggregate operation limit of $500.000 billion, which is $500 billion less the amount of total accepted propositions in this morning's SRF operation.",2025-08-19 08:31:08,500000000000.0,0,0,"[{'securityType': 'Treasury', 'amtSubmitted': 0, 'amtAccepted': 0, 'minimumBidRate': 4.5}, {'securityType': 'Agency', 'amtSubmitted': 0, 'amtAccepted': 0, 'minimumBidRate': 4.5}, {'securityType': 'Mortgage-Backed', 'amtSubmitted': 0, 'amtAccepted': 0, 'minimumBidRate': 4.5}]",,,,0.0,
RP 081925 3,Results,2025-08-19,2025-08-19,2025-08-20,Repo,Multiple Price,Same Day,1,Overnight,13:30,13:45,,2025-08-19 13:45:33,500000000000.0,0,0,"[{'securityType': 'Treasury', 'amtSubmitted': 0, 'amtAccepted': 0, 'minimumBidRate': 4.5}, {'securityType': 'Agency', 'amtSubmitted': 0, 'amtAccepted': 0, 'minimumBidRate': 4.5}, {'securityType': 'Mortgage-Backed', 'amtSubmitted': 0, 'amtAccepted': 0, 'minimumBidRate': 4.5}]",,,,0.0,
RP 081925 2,Results,2025-08-19,2025-08-19,2025-08-20,Reverse Repo,Fixed Rate,Same Day,1,Overnight,12:45,13:15,,2025-08-19 13:15:39,,22344000000,22344000000,"[{'securityType': 'Treasury', 'amtSubmitted': 22344000000, 'amtAccepted': 22344000000, 'percentOfferingRate': 4.25, 'percentAwardRate': 4.25}]",29.0,29.0,"[{'counterpartyType': 'bank', 'amtAccepted': 0}, {'counterpartyType': 'gse', 'amtAccepted': 3625000000}, {'counterpartyType': 'mmf', 'amtAccepted': 18719000000}, {'counterpartyType': 'pd', 'amtAccepted': 0}]",22.344,
RP 082025 3,Results,2025-08-20,2025-08-20,2025-08-21,Repo,Multiple Price,Same Day,1,Overnight,13:30,13:45,,2025-08-20 13:45:58,499800000000.0,1000000,1000000,"[{'securityType': 'Treasury', 'amtSubmitted': 1000000, 'amtAccepted': 1000000, 'minimumBidRate': 4.5, 'percentHighRate': 4.5, 'percentLowRate': 4.5, 'percentStopOutRate': 4.5, 'percentWeightedAverageRate': 4.5}, {'securityType': 'Agency', 'amtSubmitted': 0, 'amtAccepted': 0, 'minimumBidRate': 4.5}, {'securityType': 'Mortgage-Backed', 'amtSubmitted': 0, 'amtAccepted': 0, 'minimumBidRate': 4.5}]",,,,0.001,
RP 082025 2,Results,2025-08-20,2025-08-20,2025-08-21,Reverse Repo,Fixed Rate,Same Day,1,Overnight,12:45,13:15,,2025-08-20 13:15:43,,34999000000,34999000000,"[{'securityType': 'Treasury', 'amtSubmitted': 34999000000, 'amtAccepted': 34999000000, 'percentOfferingRate': 4.25, 'percentAwardRate': 4.25}]",18.0,18.0,"[{'counterpartyType': 'bank', 'amtAccepted': 0}, {'counterpartyType': 'gse', 'amtAccepted': 3675000000}, {'counterpartyType': 'mmf', 'amtAccepted': 31323000000}, {'counterpartyType': 'pd', 'amtAccepted': 1000000}]",34.999,
RP 082025 1,Results,2025-08-20,2025-08-20,2025-08-21,Repo,Multiple Price,Same Day,1,Overnight,08:15,08:30,"Today's afternoon SRF operation will have an aggregate operation limit of $499.800 billion, which is $500 billion less the amount of total accepted propositions in this morning's SRF operation.",2025-08-20 08:31:10,500000000000.0,200000000,200000000,"[{'securityType': 'Treasury', 'amtSubmitted': 100000000, 'amtAccepted': 100000000, 'minimumBidRate': 4.5, 'percentHighRate': 4.5, 'percentLowRate': 4.5, 'percentStopOutRate': 4.5, 'percentWeightedAverageRate': 4.5}, {'securityType': 'Agency', 'amtSubmitted': 0, 'amtAccepted': 0, 'minimumBidRate': 4.5}, {'securityType': 'Mortgage-Backed', 'amtSubmitted': 100000000, 'amtAccepted': 100000000, 'minimumBidRate': 4.5, 'percentHighRate': 4.5, 'percentLowRate': 4.5, 'percentStopOutRate': 4.5, 'percentWeightedAverageRate': 4.5}]",,,,0.2,
RP 082125 4,Results,2025-08-21,2025-08-21,2025-08-22,Repo,Multiple Price,Same Day,1,Overnight,13:30,13:45,,2025-08-21 13:45:58,500000000000.0,1000000,1000000,"[{'securityType': 'Treasury', 'amtSubmitted': 0, 'amtAccepted': 0, 'minimumBidRate': 4.5}, {'securityType': 'Agency', 'amtSubmitted': 0, 'amtAccepted': 0, 'minimumBidRate': 4.5}, {'securityType': 'Mortgage-Backed', 'amtSubmitted': 1000000, 'amtAccepted': 1000000, 'minimumBidRate': 4.5, 'percentHighRate': 4.5, 'percentLowRate': 4.5, 'percentStopOutRate': 4.5, 'percentWeightedAverageRate': 4.5}]",,,,0.001,
RP 082125 3,Results,2025-08-21,2025-08-21,2025-08-22,Reverse Repo,Fixed Rate,Same Day,1,Overnight,12:45,13:15,,2025-08-21 13:16:03,,25358000000,25358000000,"[{'securityType': 'Treasury', 'amtSubmitted': 25358000000, 'amtAccepted': 25358000000, 'percentOfferingRate': 4.25, 'percentAwardRate': 4.25}]",17.0,17.0,"[{'counterpartyType': 'bank', 'amtAccepted': 0}, {'counterpartyType': 'gse', 'amtAccepted': 3250000000}, {'counterpartyType': 'mmf', 'amtAccepted': 22108000000}, {'counterpartyType': 'pd', 'amtAccepted': 0}]",25.358,
RP 082125 2,Results,2025-08-21,2025-08-21,2025-08-26,Repo,Multiple Price,Same Day,5,Term,10:30,10:45,This operation is a Small Value Exercise.,2025-08-21 10:48:33,75000000.0,61000000,61000000,"[{'securityType': 'Treasury', 'amtSubmitted': 25000000, 'amtAccepted': 25000000, 'minimumBidRate': 4.5, 'percentHighRate': 4.5, 'percentLowRate': 4.5, 'percentStopOutRate': 4.5, 'percentWeightedAverageRate': 4.5}, {'securityType': 'Agency', 'amtSubmitted': 15000000, 'amtAccepted': 15000000, 'minimumBidRate': 4.5, 'percentHighRate': 4.5, 'percentLowRate': 4.5, 'percentStopOutRate': 4.5, 'percentWeightedAverageRate': 4.5}, {'securityType': 'Mortgage-Backed', 'amtSubmitted': 21000000, 'amtAccepted': 21000000, 'minimumBidRate': 4.5, 'percentHighRate': 4.5, 'percentLowRate': 4.5, 'percentStopOutRate': 4.5, 'percentWeightedAverageRate': 4.5}]",,,,0.061,
RP 082125 1,Results,2025-08-21,2025-08-21,2025-08-22,Repo,Multiple Price,Same Day,1,Overnight,08:15,08:30,"Today's afternoon SRF operation will have an aggregate operation limit of $500.000 billion, which is $500 billion less the amount of total accepted propositions in this morning's SRF operation.",2025-08-21 08:31:37,500000000000.0,0,0,"[{'securityType': 'Treasury', 'amtSubmitted': 0, 'amtAccepted': 0, 'minimumBidRate': 4.5}, {'securityType': 'Agency', 'amtSubmitted': 0, 'amtAccepted': 0, 'minimumBidRate': 4.5}, {'securityType': 'Mortgage-Backed', 'amtSubmitted': 0, 'amtAccepted': 0, 'minimumBidRate': 4.5}]",,,,0.0,
RP 082225 3,Results,2025-08-22,2025-08-22,2025-08-25,Repo,Multiple Price,Same Day,3,Overnight,13:30,13:45,,2025-08-22 13:45:32,500000000000.0,0,0,"[{'securityType': 'Treasury', 'amtSubmitted': 0, 'amtAccepted': 0, 'minimumBidRate': 4.5}, {'securityType': 'Agency', 'amtSubmitted': 0, 'amtAccepted': 0, 'minimumBidRate': 4.5}, {'securityType': 'Mortgage-Backed', 'amtSubmitted': 0, 'amtAccepted': 0, 'minimumBidRate': 4.5}]",,,,0.0,
RP 082225 2,Results,2025-08-22,2025-08-22,2025-08-25,Reverse Repo,Fixed Rate,Same Day,3,Overnight,12:45,13:15,,2025-08-22 13:15:41,,36275000000,36275000000,"[{'securityType': 'Treasury', 'amtSubmitted': 36275000000, 'amtAccepted': 36275000000, 'percentOfferingRate': 4.25, 'percentAwardRate': 4.25}]",16.0,16.0,"[{'counterpartyType': 'bank', 'amtAccepted': 0}, {'counterpartyType': 'gse', 'amtAccepted': 3025000000}, {'counterpartyType': 'mmf', 'amtAccepted': 33250000000}, {'counterpartyType': 'pd', 'amtAccepted': 0}]",36.275,
RP 082225 1,Results,2025-08-22,2025-08-22,2025-08-25,Repo,Multiple Price,Same Day,3,Overnight,08:15,08:30,"Today's afternoon SRF operation will have an aggregate operation limit of $500.000 billion, which is $500 billion less the amount of total accepted propositions in this morning's SRF operation.",2025-08-22 08:31:12,500000000000.0,0,0,"[{'securityType': 'Treasury', 'amtSubmitted': 0, 'amtAccepted': 0, 'minimumBidRate': 4.5}, {'securityType': 'Agency', 'amtSubmitted': 0, 'amtAccepted': 0, 'minimumBidRate': 4.5}, {'securityType': 'Mortgage-Backed', 'amtSubmitted': 0, 'amtAccepted': 0, 'minimumBidRate': 4.5}]",,,,0.0,
RP 082525 1,Results,2025-08-25,2025-08-25,2025-08-26,Repo,Multiple Price,Same Day,1,Overnight,08:15,08:30,"Today's afternoon SRF operation will have an aggregate operation limit of $499.980 billion, which is $500 billion less the amount of total accepted propositions in this morning's SRF operation.",2025-08-25 08:33:19,500000000000.0,20000000,20000000,"[{'securityType': 'Treasury', 'amtSubmitted': 10000000, 'amtAccepted': 10000000, 'minimumBidRate': 4.5, 'percentHighRate': 4.5, 'percentLowRate': 4.5, 'percentStopOutRate': 4.5, 'percentWeightedAverageRate': 4.5}, {'securityType': 'Agency', 'amtSubmitted': 0, 'amtAccepted': 0, 'minimumBidRate': 4.5}, {'securityType': 'Mortgage-Backed', 'amtSubmitted': 10000000, 'amtAccepted': 10000000, 'minimumBidRate': 4.5, 'percentHighRate': 4.5, 'percentLowRate': 4.5, 'percentStopOutRate': 4.5, 'percentWeightedAverageRate': 4.5}]",,,,0.02,
RP 082525 2,Results,2025-08-25,2025-08-25,2025-08-26,Reverse Repo,Fixed Rate,Same Day,1,Overnight,12:45,13:15,,2025-08-25 13:15:50,,47567000000,47567000000,"[{'securityType': 'Treasury', 'amtSubmitted': 47567000000, 'amtAccepted': 47567000000, 'percentOfferingRate': 4.25, 'percentAwardRate': 4.25}]",23.0,23.0,"[{'counterpartyType': 'bank', 'amtAccepted': 0}, {'counterpartyType': 'gse', 'amtAccepted': 2900000000}, {'counterpartyType': 'mmf', 'amtAccepted': 44667000000}, {'counterpartyType': 'pd', 'amtAccepted': 0}]",47.567,
RP 082525 3,Results,2025-08-25,2025-08-25,2025-08-26,Repo,Multiple Price,Same Day,1,Overnight,13:30,13:45,,2025-08-25 13:45:56,499980000000.0,3000000,3000000,"[{'securityType': 'Treasury', 'amtSubmitted': 1000000, 'amtAccepted': 1000000, 'minimumBidRate': 4.5, 'percentHighRate': 4.5, 'percentLowRate': 4.5, 'percentStopOutRate': 4.5, 'percentWeightedAverageRate': 4.5}, {'securityType': 'Agency', 'amtSubmitted': 1000000, 'amtAccepted': 1000000, 'minimumBidRate': 4.5, 'percentHighRate': 4.5, 'percentLowRate': 4.5, 'percentStopOutRate': 4.5, 'percentWeightedAverageRate': 4.5}, {'securityType': 'Mortgage-Backed', 'amtSubmitted': 1000000, 'amtAccepted': 1000000, 'minimumBidRate': 4.5, 'percentHighRate': 4.5, 'percentLowRate': 4.5, 'percentStopOutRate': 4.5, 'percentWeightedAverageRate': 4.5}]",,,,0.003,
RP 082625 3,Results,2025-08-26,2025-08-26,2025-08-27,Repo,Multiple Price,Same Day,1,Overnight,13:30,13:45,,2025-08-26 13:45:38,499999000000.0,0,0,"[{'securityType': 'Treasury', 'amtSubmitted': 0, 'amtAccepted': 0, 'minimumBidRate': 4.5}, {'securityType': 'Agency', 'amtSubmitted': 0, 'amtAccepted': 0, 'minimumBidRate': 4.5}, {'securityType': 'Mortgage-Backed', 'amtSubmitted': 0, 'amtAccepted': 0, 'minimumBidRate': 4.5}]",,,,0.0,
RP 082625 2,Results,2025-08-26,2025-08-26,2025-08-27,Reverse Repo,Fixed Rate,Same Day,1,Overnight,12:45,13:15,,2025-08-26 13:15:40,,28574000000,28574000000,"[{'securityType': 'Treasury', 'amtSubmitted': 28574000000, 'amtAccepted': 28574000000, 'percentOfferingRate': 4.25, 'percentAwardRate': 4.25}]",16.0,16.0,"[{'counterpartyType': 'bank', 'amtAccepted': 0}, {'counterpartyType': 'gse', 'amtAccepted': 3035000000}, {'counterpartyType': 'mmf', 'amtAccepted': 25539000000}, {'counterpartyType': 'pd', 'amtAccepted': 0}]",28.574,
RP 082625 1,Results,2025-08-26,2025-08-26,2025-08-27,Repo,Multiple Price,Same Day,1,Overnight,08:15,08:30,"Today's afternoon SRF operation will have an aggregate operation limit of $499.999 billion, which is $500 billion less the amount of total accepted propositions in this morning's SRF operation.",2025-08-26 08:31:42,500000000000.0,1000000,1000000,"[{'securityType': 'Treasury', 'amtSubmitted': 0, 'amtAccepted': 0, 'minimumBidRate': 4.5}, {'securityType': 'Agency', 'amtSubmitted': 0, 'amtAccepted': 0, 'minimumBidRate': 4.5}, {'securityType': 'Mortgage-Backed', 'amtSubmitted': 1000000, 'amtAccepted': 1000000, 'minimumBidRate': 4.5, 'percentHighRate': 4.5, 'percentLowRate': 4.5, 'percentStopOutRate': 4.5, 'percentWeightedAverageRate': 4.5}]",,,,0.001,
RP 082725 3,Results,2025-08-27,2025-08-27,2025-08-28,Repo,Multiple Price,Same Day,1,Overnight,13:30,13:45,,2025-08-27 13:45:39,499980000000.0,1000000,1000000,"[{'securityType': 'Treasury', 'amtSubmitted': 0, 'amtAccepted': 0, 'minimumBidRate': 4.5}, {'securityType': 'Agency', 'amtSubmitted': 0, 'amtAccepted': 0, 'minimumBidRate': 4.5}, {'securityType': 'Mortgage-Backed', 'amtSubmitted': 1000000, 'amtAccepted': 1000000, 'minimumBidRate': 4.5, 'percentHighRate': 4.5, 'percentLowRate': 4.5, 'percentStopOutRate': 4.5, 'percentWeightedAverageRate': 4.5}]",,,,0.001,
RP 082725 2,Results,2025-08-27,2025-08-27,2025-08-28,Reverse Repo,Fixed Rate,Same Day,1,Overnight,12:45,13:15,,2025-08-27 13:15:38,,34744000000,34744000000,"[{'securityType': 'Treasury', 'amtSubmitted': 34744000000, 'amtAccepted': 34744000000, 'percentOfferingRate': 4.25, 'percentAwardRate': 4.25}]",21.0,21.0,"[{'counterpartyType': 'bank', 'amtAccepted': 0}, {'counterpartyType': 'gse', 'amtAccepted': 2550000000}, {'counterpartyType': 'mmf', 'amtAccepted': 32194000000}, {'counterpartyType': 'pd', 'amtAccepted': 0}]",34.744,
RP 082725 1,Results,2025-08-27,2025-08-27,2025-08-28,Repo,Multiple Price,Same Day,1,Overnight,08:15,08:30,"Today's afternoon SRF operation will have an aggregate operation limit of $499.980 billion, which is $500 billion less the amount of total accepted propositions in this morning's SRF operation.",2025-08-27 08:31:36,500000000000.0,20000000,20000000,"[{'securityType': 'Treasury', 'amtSubmitted': 10000000, 'amtAccepted': 10000000, 'minimumBidRate': 4.5, 'percentHighRate': 4.5, 'percentLowRate': 4.5, 'percentStopOutRate': 4.5, 'percentWeightedAverageRate': 4.5}, {'securityType': 'Agency', 'amtSubmitted': 0, 'amtAccepted': 0, 'minimumBidRate': 4.5}, {'securityType': 'Mortgage-Backed', 'amtSubmitted': 10000000, 'amtAccepted': 10000000, 'minimumBidRate': 4.5, 'percentHighRate': 4.5, 'percentLowRate': 4.5, 'percentStopOutRate': 4.5, 'percentWeightedAverageRate': 4.5}]",,,,0.02,
RP 082825 3,Results,2025-08-28,2025-08-28,2025-08-29,Repo,Multiple Price,Same Day,1,Overnight,13:30,13:45,,2025-08-28 13:45:48,500000000000.0,0,0,"[{'securityType': 'Treasury', 'amtSubmitted': 0, 'amtAccepted': 0, 'minimumBidRate': 4.5}, {'securityType': 'Agency', 'amtSubmitted': 0, 'amtAccepted': 0, 'minimumBidRate': 4.5}, {'securityType': 'Mortgage-Backed', 'amtSubmitted': 0, 'amtAccepted': 0, 'minimumBidRate': 4.5}]",,,,0.0,
RP 082825 2,Results,2025-08-28,2025-08-28,2025-08-29,Reverse Repo,Fixed Rate,Same Day,1,Overnight,12:45,13:15,,2025-08-28 13:15:42,,31966000000,31966000000,"[{'securityType': 'Treasury', 'amtSubmitted': 31966000000, 'amtAccepted': 31966000000, 'percentOfferingRate': 4.25, 'percentAwardRate': 4.25}]",20.0,20.0,"[{'counterpartyType': 'bank', 'amtAccepted': 0}, {'counterpartyType': 'gse', 'amtAccepted': 2525000000}, {'counterpartyType': 'mmf', 'amtAccepted': 29440000000}, {'counterpartyType': 'pd', 'amtAccepted': 1000000}]",31.966,
RP 082825 1,Results,2025-08-28,2025-08-28,2025-08-29,Repo,Multiple Price,Same Day,1,Overnight,08:15,08:30,"Today's afternoon SRF operation will have an aggregate operation limit of $500 billion, which is $500 billion less the amount of total accepted propositions in this morning's SRF operation.",2025-08-28 08:31:13,500000000000.0,0,0,"[{'securityType': 'Treasury', 'amtSubmitted': 0, 'amtAccepted': 0, 'minimumBidRate': 4.5}, {'securityType': 'Agency', 'amtSubmitted': 0, 'amtAccepted': 0, 'minimumBidRate': 4.5}, {'securityType': 'Mortgage-Backed', 'amtSubmitted': 0, 'amtAccepted': 0, 'minimumBidRate': 4.5}]",,,,0.0,
RP 082925 1,Results,2025-08-29,2025-08-29,2025-09-02,Repo,Multiple Price,Same Day,4,Overnight,08:15,08:30,"Today's afternoon SRF operation will have an aggregate operation limit of $500.000 billion, which is $500 billion less the amount of total accepted propositions in this morning's SRF operation.",2025-08-29 08:32:33,500000000000.0,0,0,"[{'securityType': 'Treasury', 'amtSubmitted': 0, 'amtAccepted': 0, 'minimumBidRate': 4.5}, {'securityType': 'Agency', 'amtSubmitted': 0, 'amtAccepted': 0, 'minimumBidRate': 4.5}, {'securityType': 'Mortgage-Backed', 'amtSubmitted': 0, 'amtAccepted': 0, 'minimumBidRate': 4.5}]",,,,0.0,
RP 082925 3,Results,2025-08-29,2025-08-29,2025-09-02,Repo,Multiple Price,Same Day,4,Overnight,13:30,13:45,,2025-08-29 13:45:43,500000000000.0,0,0,"[{'securityType': 'Treasury', 'amtSubmitted': 0, 'amtAccepted': 0, 'minimumBidRate': 4.5}, {'securityType': 'Agency', 'amtSubmitted': 0, 'amtAccepted': 0, 'minimumBidRate': 4.5}, {'securityType': 'Mortgage-Backed', 'amtSubmitted': 0, 'amtAccepted': 0, 'minimumBidRate': 4.5}]",,,,0.0,
RP 082925 2,Results,2025-08-29,2025-08-29,2025-09-02,Reverse Repo,Fixed Rate,Same Day,4,Overnight,12:45,13:15,,2025-08-29 13:24:28,,77898000000,77898000000,"[{'securityType': 'Treasury', 'amtSubmitted': 77898000000, 'amtAccepted': 77898000000, 'percentOfferingRate': 4.25, 'percentAwardRate': 4.25}]",26.0,26.0,"[{'counterpartyType': 'bank', 'amtAccepted': 0}, {'counterpartyType': 'gse', 'amtAccepted': 22925000000}, {'counterpartyType': 'mmf', 'amtAccepted': 54973000000}, {'counterpartyType': 'pd', 'amtAccepted': 0}]",77.898,
RP 090225 3,Results,2025-09-02,2025-09-02,2025-09-03,Repo,Multiple Price,Same Day,1,Overnight,13:30,13:45,,2025-09-02 13:45:48,500000000000.0,0,0,"[{'securityType': 'Treasury', 'amtSubmitted': 0, 'amtAccepted': 0, 'minimumBidRate': 4.5}, {'securityType': 'Agency', 'amtSubmitted': 0, 'amtAccepted': 0, 'minimumBidRate': 4.5}, {'securityType': 'Mortgage-Backed', 'amtSubmitted': 0, 'amtAccepted': 0, 'minimumBidRate': 4.5}]",,,,0.0,
RP 090225 2,Results,2025-09-02,2025-09-02,2025-09-03,Reverse Repo,Fixed Rate,Same Day,1,Overnight,12:45,13:15,,2025-09-02 13:15:49,,21066000000,21066000000,"[{'securityType': 'Treasury', 'amtSubmitted': 21066000000, 'amtAccepted': 21066000000, 'percentOfferingRate': 4.25, 'percentAwardRate': 4.25}]",17.0,17.0,,21.066,
RP 090225 1,Results,2025-09-02,2025-09-02,2025-09-03,Repo,Multiple Price,Same Day,1,Overnight,08:15,08:30,"Today's afternoon SRF operation will have an aggregate operation limit of $500 billion, which is $500 billion less the amount of total accepted propositions in this morning's SRF operation.",2025-09-02 08:34:03,500000000000.0,0,0,"[{'securityType': 'Treasury', 'amtSubmitted': 0, 'amtAccepted': 0, 'minimumBidRate': 4.5}, {'securityType': 'Agency', 'amtSubmitted': 0, 'amtAccepted': 0, 'minimumBidRate': 4.5}, {'securityType': 'Mortgage-Backed', 'amtSubmitted': 0, 'amtAccepted': 0, 'minimumBidRate': 4.5}]",,,,0.0,
RP 090325 3,Results,2025-09-03,2025-09-03,2025-09-04,Repo,Multiple Price,Same Day,1,Overnight,13:30,13:45,,2025-09-03 13:45:38,500000000000.0,3000000,3000000,"[{'securityType': 'Treasury', 'amtSubmitted': 1000000, 'amtAccepted': 1000000, 'minimumBidRate': 4.5, 'percentHighRate': 4.5, 'percentLowRate': 4.5, 'percentStopOutRate': 4.5, 'percentWeightedAverageRate': 4.5}, {'securityType': 'Agency', 'amtSubmitted': 1000000, 'amtAccepted': 1000000, 'minimumBidRate': 4.5, 'percentHighRate': 4.5, 'percentLowRate': 4.5, 'percentStopOutRate': 4.5, 'percentWeightedAverageRate': 4.5}, {'securityType': 'Mortgage-Backed', 'amtSubmitted': 1000000, 'amtAccepted': 1000000, 'minimumBidRate': 4.5, 'percentHighRate': 4.5, 'percentLowRate': 4.5, 'percentStopOutRate': 4.5, 'percentWeightedAverageRate': 4.5}]",,,,0.003,
RP 090325 2,Results,2025-09-03,2025-09-03,2025-09-04,Reverse Repo,Fixed Rate,Same Day,1,Overnight,12:45,13:15,,2025-09-03 13:15:55,,17923000000,17923000000,"[{'securityType': 'Treasury', 'amtSubmitted': 17923000000, 'amtAccepted': 17923000000, 'percentOfferingRate': 4.25, 'percentAwardRate': 4.25}]",17.0,17.0,,17.923,
RP 090325 1,Results,2025-09-03,2025-09-03,2025-09-04,Repo,Multiple Price,Same Day,1,Overnight,08:15,08:30,"Today's afternoon SRF operation will have an aggregate operation limit of $500 billion, which is $500 billion less the amount of total accepted propositions in this morning's SRF operation.",2025-09-03 08:31:03,500000000000.0,0,0,"[{'securityType': 'Treasury', 'amtSubmitted': 0, 'amtAccepted': 0, 'minimumBidRate': 4.5}, {'securityType': 'Agency', 'amtSubmitted': 0, 'amtAccepted': 0, 'minimumBidRate': 4.5}, {'securityType': 'Mortgage-Backed', 'amtSubmitted': 0, 'amtAccepted': 0, 'minimumBidRate': 4.5}]",,,,0.0,
RP 090425 3,Results,2025-09-04,2025-09-04,2025-09-05,Repo,Multiple Price,Same Day,1,Overnight,13:30,13:45,,2025-09-04 13:45:47,500000000000.0,0,0,"[{'securityType': 'Treasury', 'amtSubmitted': 0, 'amtAccepted': 0, 'minimumBidRate': 4.5}, {'securityType': 'Agency', 'amtSubmitted': 0, 'amtAccepted': 0, 'minimumBidRate': 4.5}, {'securityType': 'Mortgage-Backed', 'amtSubmitted': 0, 'amtAccepted': 0, 'minimumBidRate': 4.5}]",,,,0.0,
RP 090425 2,Results,2025-09-04,2025-09-04,2025-09-05,Reverse Repo,Fixed Rate,Same Day,1,Overnight,12:45,13:15,,2025-09-04 13:16:17,,20128000000,20128000000,"[{'securityType': 'Treasury', 'amtSubmitted': 20128000000, 'amtAccepted': 20128000000, 'percentOfferingRate': 4.25, 'percentAwardRate': 4.25}]",17.0,17.0,,20.128,
RP 090425 1,Results,2025-09-04,2025-09-04,2025-09-05,Repo,Multiple Price,Same Day,1,Overnight,08:15,08:30,"Today's afternoon SRF operation will have an aggregate operation limit of $500 billion, which is $500 billion less the amount of total accepted propositions in this morning's SRF operation.",2025-09-04 08:31:06,500000000000.0,0,0,"[{'securityType': 'Treasury', 'amtSubmitted': 0, 'amtAccepted': 0, 'minimumBidRate': 4.5}, {'securityType': 'Agency', 'amtSubmitted': 0, 'amtAccepted': 0, 'minimumBidRate': 4.5}, {'securityType': 'Mortgage-Backed', 'amtSubmitted': 0, 'amtAccepted': 0, 'minimumBidRate': 4.5}]",,,,0.0,
RP 090525 1,Results,2025-09-05,2025-09-05,2025-09-08,Repo,Multiple Price,Same Day,3,Overnight,08:15,08:30,"Today's afternoon SRF operation will have an aggregate operation limit of $500 billion, which is $500 billion less the amount of total accepted propositions in this morning's SRF operation.",2025-09-05 08:31:13,500000000000.0,0,0,"[{'securityType': 'Treasury', 'amtSubmitted': 0, 'amtAccepted': 0, 'minimumBidRate': 4.5}, {'securityType': 'Agency', 'amtSubmitted': 0, 'amtAccepted': 0, 'minimumBidRate': 4.5}, {'securityType': 'Mortgage-Backed', 'amtSubmitted': 0, 'amtAccepted': 0, 'minimumBidRate': 4.5}]",,,,0.0,
RP 090525 2,Results,2025-09-05,2025-09-05,2025-09-08,Reverse Repo,Fixed Rate,Same Day,3,Overnight,12:45,13:15,,2025-09-05 13:16:02,,20997000000,20997000000,"[{'securityType': 'Treasury', 'amtSubmitted': 20997000000, 'amtAccepted': 20997000000, 'percentOfferingRate': 4.25, 'percentAwardRate': 4.25}]",15.0,15.0,,20.997,
RP 090525 3,Results,2025-09-05,2025-09-05,2025-09-08,Repo,Multiple Price,Same Day,3,Overnight,13:30,13:45,,2025-09-05 13:45:52,500000000000.0,0,0,"[{'securityType': 'Treasury', 'amtSubmitted': 0, 'amtAccepted': 0, 'minimumBidRate': 4.5}, {'securityType': 'Agency', 'amtSubmitted': 0, 'amtAccepted': 0, 'minimumBidRate': 4.5}, {'securityType': 'Mortgage-Backed', 'amtSubmitted': 0, 'amtAccepted': 0, 'minimumBidRate': 4.5}]",,,,0.0,
RP 090825 3,Results,2025-09-08,2025-09-08,2025-09-09,Repo,Multiple Price,Same Day,1,Overnight,13:30,13:45,,2025-09-08 13:45:43,500000000000.0,1000000,1000000,"[{'securityType': 'Treasury', 'amtSubmitted': 1000000, 'amtAccepted': 1000000, 'minimumBidRate': 4.5, 'percentHighRate': 4.5, 'percentLowRate': 4.5, 'percentStopOutRate': 4.5, 'percentWeightedAverageRate': 4.5}, {'securityType': 'Agency', 'amtSubmitted': 0, 'amtAccepted': 0, 'minimumBidRate': 4.5}, {'securityType': 'Mortgage-Backed', 'amtSubmitted': 0, 'amtAccepted': 0, 'minimumBidRate': 4.5}]",,,,0.001,
RP 090825 2,Results,2025-09-08,2025-09-08,2025-09-09,Reverse Repo,Fixed Rate,Same Day,1,Overnight,12:45,13:15,,2025-09-08 13:15:35,,19416000000,19416000000,"[{'securityType': 'Treasury', 'amtSubmitted': 19416000000, 'amtAccepted': 19416000000, 'percentOfferingRate': 4.25, 'percentAwardRate': 4.25}]",20.0,20.0,,19.416,
RP 090825 1,Results,2025-09-08,2025-09-08,2025-09-09,Repo,Multiple Price,Same Day,1,Overnight,08:15,08:30,"Today's afternoon SRF operation will have an aggregate operation limit of $500.000 billion, which is $500 billion less the amount of total accepted propositions in this morning's SRF operation.",2025-09-08 08:30:45,500000000000.0,0,0,"[{'securityType': 'Treasury', 'amtSubmitted': 0, 'amtAccepted': 0, 'minimumBidRate': 4.5}, {'securityType': 'Agency', 'amtSubmitted': 0, 'amtAccepted': 0, 'minimumBidRate': 4.5}, {'securityType': 'Mortgage-Backed', 'amtSubmitted': 0, 'amtAccepted': 0, 'minimumBidRate': 4.5}]",,,,0.0,
RP 090925 3,Results,2025-09-09,2025-09-09,2025-09-10,Repo,Multiple Price,Same Day,1,Overnight,13:30,13:45,,2025-09-09 13:45:41,500000000000.0,101000000,101000000,"[{'securityType': 'Treasury', 'amtSubmitted': 100000000, 'amtAccepted': 100000000, 'minimumBidRate': 4.5, 'percentHighRate': 4.5, 'percentLowRate': 4.5, 'percentStopOutRate': 4.5, 'percentWeightedAverageRate': 4.5}, {'securityType': 'Agency', 'amtSubmitted': 0, 'amtAccepted': 0, 'minimumBidRate': 4.5}, {'securityType': 'Mortgage-Backed', 'amtSubmitted': 1000000, 'amtAccepted': 1000000, 'minimumBidRate': 4.5, 'percentHighRate': 4.5, 'percentLowRate': 4.5, 'percentStopOutRate': 4.5, 'percentWeightedAverageRate': 4.5}]",,,,0.101,
RP 090925 2,Results,2025-09-09,2025-09-09,2025-09-10,Reverse Repo,Fixed Rate,Same Day,1,Overnight,12:45,13:15,,2025-09-09 13:15:33,,22915000000,22915000000,"[{'securityType': 'Treasury', 'amtSubmitted': 22915000000, 'amtAccepted': 22915000000, 'percentOfferingRate': 4.25, 'percentAwardRate': 4.25}]",15.0,15.0,,22.915,
RP 090925 1,Results,2025-09-09,2025-09-09,2025-09-10,Repo,Multiple Price,Same Day,1,Overnight,08:15,08:30,"Today's afternoon SRF operation will have an aggregate operation limit of $500.000 billion, which is $500 billion less the amount of total accepted propositions in this morning's SRF operation.",2025-09-09 08:30:45,500000000000.0,0,0,"[{'securityType': 'Treasury', 'amtSubmitted': 0, 'amtAccepted': 0, 'minimumBidRate': 4.5}, {'securityType': 'Agency', 'amtSubmitted': 0, 'amtAccepted': 0, 'minimumBidRate': 4.5}, {'securityType': 'Mortgage-Backed', 'amtSubmitted': 0, 'amtAccepted': 0, 'minimumBidRate': 4.5}]",,,,0.0,
RP 091025 3,Results,2025-09-10,2025-09-10,2025-09-11,Repo,Multiple Price,Same Day,1,Overnight,13:30,13:45,,2025-09-10 13:45:33,499997000000.0,9000000,9000000,"[{'securityType': 'Treasury', 'amtSubmitted': 5000000, 'amtAccepted': 5000000, 'minimumBidRate': 4.5, 'percentHighRate': 4.5, 'percentLowRate': 4.5, 'percentStopOutRate': 4.5, 'percentWeightedAverageRate': 4.5}, {'securityType': 'Agency', 'amtSubmitted': 2000000, 'amtAccepted': 2000000, 'minimumBidRate': 4.5, 'percentHighRate': 4.5, 'percentLowRate': 4.5, 'percentStopOutRate': 4.5, 'percentWeightedAverageRate': 4.5}, {'securityType': 'Mortgage-Backed', 'amtSubmitted': 2000000, 'amtAccepted': 2000000, 'minimumBidRate': 4.5, 'percentHighRate': 4.5, 'percentLowRate': 4.5, 'percentStopOutRate': 4.5, 'percentWeightedAverageRate': 4.5}]",,,,0.009,
RP 091025 2,Results,2025-09-10,2025-09-10,2025-09-11,Reverse Repo,Fixed Rate,Same Day,1,Overnight,12:45,13:15,,2025-09-10 13:15:35,,29400000000,29400000000,"[{'securityType': 'Treasury', 'amtSubmitted': 29400000000, 'amtAccepted': 29400000000, 'percentOfferingRate': 4.25, 'percentAwardRate': 4.25}]",18.0,18.0,,29.4,
RP 091025 1,Results,2025-09-10,2025-09-10,2025-09-11,Repo,Multiple Price,Same Day,1,Overnight,08:15,08:30,"Today's afternoon SRF operation will have an aggregate operation limit of $499.997 billion, which is $500 billion less the amount of total accepted propositions in this morning's SRF operation.",2025-09-10 08:33:19,500000000000.0,3000000,3000000,"[{'securityType': 'Treasury', 'amtSubmitted': 2000000, 'amtAccepted': 2000000, 'minimumBidRate': 4.5, 'percentHighRate': 4.5, 'percentLowRate': 4.5, 'percentStopOutRate': 4.5, 'percentWeightedAverageRate': 4.5}, {'securityType': 'Agency', 'amtSubmitted': 0, 'amtAccepted': 0, 'minimumBidRate': 4.5}, {'securityType': 'Mortgage-Backed', 'amtSubmitted': 1000000, 'amtAccepted': 1000000, 'minimumBidRate': 4.5, 'percentHighRate': 4.5, 'percentLowRate': 4.5, 'percentStopOutRate': 4.5, 'percentWeightedAverageRate': 4.5}]",,,,0.003,
RP 091125 3,Results,2025-09-11,2025-09-11,2025-09-12,Repo,Multiple Price,Same Day,1,Overnight,13:30,13:45,,2025-09-11 13:45:30,500000000000.0,0,0,"[{'securityType': 'Treasury', 'amtSubmitted': 0, 'amtAccepted': 0, 'minimumBidRate': 4.5}, {'securityType': 'Agency', 'amtSubmitted': 0, 'amtAccepted': 0, 'minimumBidRate': 4.5}, {'securityType': 'Mortgage-Backed', 'amtSubmitted': 0, 'amtAccepted': 0, 'minimumBidRate': 4.5}]",,,,0.0,
RP 091125 1,Results,2025-09-11,2025-09-11,2025-09-12,Repo,Multiple Price,Same Day,1,Overnight,08:15,08:30,"Today's afternoon SRF operation will have an aggregate operation limit of $500.000 billion, which is $500 billion less the amount of total accepted propositions in this morning's SRF operation.",2025-09-11 08:30:34,500000000000.0,0,0,"[{'securityType': 'Treasury', 'amtSubmitted': 0, 'amtAccepted': 0, 'minimumBidRate': 4.5}, {'securityType': 'Agency', 'amtSubmitted': 0, 'amtAccepted': 0, 'minimumBidRate': 4.5}, {'securityType': 'Mortgage-Backed', 'amtSubmitted': 0, 'amtAccepted': 0, 'minimumBidRate': 4.5}]",,,,0.0,
RP 091125 2,Results,2025-09-11,2025-09-11,2025-09-12,Reverse Repo,Fixed Rate,Same Day,1,Overnight,12:45,13:15,,2025-09-11 13:15:37,,26897000000,26897000000,"[{'securityType': 'Treasury', 'amtSubmitted': 26897000000, 'amtAccepted': 26897000000, 'percentOfferingRate': 4.25, 'percentAwardRate': 4.25}]",15.0,15.0,,26.897,
RP 091225 2,Results,2025-09-12,2025-09-12,2025-09-15,Reverse Repo,Fixed Rate,Same Day,3,Overnight,12:45,13:15,,2025-09-12 13:15:42,,17331000000,17331000000,"[{'securityType': 'Treasury', 'amtSubmitted': 17331000000, 'amtAccepted': 17331000000, 'percentOfferingRate': 4.25, 'percentAwardRate': 4.25}]",16.0,16.0,,17.331,
RP 091225 1,Results,2025-09-12,2025-09-12,2025-09-15,Repo,Multiple Price,Same Day,3,Overnight,08:15,08:30,"Today's afternoon SRF operation will have an aggregate operation limit of $500.000 billion, which is $500 billion less the amount of total accepted propositions in this morning's SRF operation.",2025-09-12 08:30:38,500000000000.0,0,0,"[{'securityType': 'Treasury', 'amtSubmitted': 0, 'amtAccepted': 0, 'minimumBidRate': 4.5}, {'securityType': 'Agency', 'amtSubmitted': 0, 'amtAccepted': 0, 'minimumBidRate': 4.5}, {'securityType': 'Mortgage-Backed', 'amtSubmitted': 0, 'amtAccepted': 0, 'minimumBidRate': 4.5}]",,,,0.0,
RP 091225 3,Results,2025-09-12,2025-09-12,2025-09-15,Repo,Multiple Price,Same Day,3,Overnight,13:30,13:45,,2025-09-12 13:45:29,500000000000.0,0,0,"[{'securityType': 'Treasury', 'amtSubmitted': 0, 'amtAccepted': 0, 'minimumBidRate': 4.5}, {'securityType': 'Agency', 'amtSubmitted': 0, 'amtAccepted': 0, 'minimumBidRate': 4.5}, {'securityType': 'Mortgage-Backed', 'amtSubmitted': 0, 'amtAccepted': 0, 'minimumBidRate': 4.5}]",,,,0.0,
RP 091525 3,Results,2025-09-15,2025-09-15,2025-09-16,Repo,Multiple Price,Same Day,1,Overnight,13:30,13:45,,2025-09-15 13:45:33,498500000000.0,0,0,"[{'securityType': 'Treasury', 'amtSubmitted': 0, 'amtAccepted': 0, 'minimumBidRate': 4.5}, {'securityType': 'Agency', 'amtSubmitted': 0, 'amtAccepted': 0, 'minimumBidRate': 4.5}, {'securityType': 'Mortgage-Backed', 'amtSubmitted': 0, 'amtAccepted': 0, 'minimumBidRate': 4.5}]",,,,0.0,
RP 091525 2,Results,2025-09-15,2025-09-15,2025-09-16,Reverse Repo,Fixed Rate,Same Day,1,Overnight,12:45,13:15,,2025-09-15 13:15:53,,16954000000,16954000000,"[{'securityType': 'Treasury', 'amtSubmitted': 16954000000, 'amtAccepted': 16954000000, 'percentOfferingRate': 4.25, 'percentAwardRate': 4.25}]",16.0,16.0,,16.954,
RP 091525 1,Results,2025-09-15,2025-09-15,2025-09-16,Repo,Multiple Price,Same Day,1,Overnight,08:15,08:30,"Today's afternoon SRF operation will have an aggregate operation limit of $498.500 billion, which is $500 billion less the amount of total accepted propositions in this morning's SRF operation",2025-09-15 08:31:23,500000000000.0,1500000000,1500000000,"[{'securityType': 'Treasury', 'amtSubmitted': 1500000000, 'amtAccepted': 1500000000, 'minimumBidRate': 4.5, 'percentHighRate': 4.5, 'percentLowRate': 4.5, 'percentStopOutRate': 4.5, 'percentWeightedAverageRate': 4.5}, {'securityType': 'Agency', 'amtSubmitted': 0, 'amtAccepted': 0, 'minimumBidRate': 4.5}, {'securityType': 'Mortgage-Backed', 'amtSubmitted': 0, 'amtAccepted': 0, 'minimumBidRate': 4.5}]",,,,1.5,
RP 091625 3,Results,2025-09-16,2025-09-16,2025-09-17,Repo,Multiple Price,Same Day,1,Overnight,13:30,13:45,,2025-09-16 13:46:08,500000000000.0,3000000,3000000,"[{'securityType': 'Treasury', 'amtSubmitted': 1000000, 'amtAccepted': 1000000, 'minimumBidRate': 4.5, 'percentHighRate': 4.5, 'percentLowRate': 4.5, 'percentStopOutRate': 4.5, 'percentWeightedAverageRate': 4.5}, {'securityType': 'Agency', 'amtSubmitted': 1000000, 'amtAccepted': 1000000, 'minimumBidRate': 4.5, 'percentHighRate': 4.5, 'percentLowRate': 4.5, 'percentStopOutRate': 4.5, 'percentWeightedAverageRate': 4.5}, {'securityType': 'Mortgage-Backed', 'amtSubmitted': 1000000, 'amtAccepted': 1000000, 'minimumBidRate': 4.5, 'percentHighRate': 4.5, 'percentLowRate': 4.5, 'percentStopOutRate': 4.5, 'percentWeightedAverageRate': 4.5}]",,,,0.003,
RP 091625 2,Results,2025-09-16,2025-09-16,2025-09-17,Reverse Repo,Fixed Rate,Same Day,1,Overnight,12:45,13:15,,2025-09-16 13:16:15,,18817000000,18817000000,"[{'securityType': 'Treasury', 'amtSubmitted': 18817000000, 'amtAccepted': 18817000000, 'percentOfferingRate': 4.25, 'percentAwardRate': 4.25}]",16.0,16.0,,18.817,
RP 091625 1,Results,2025-09-16,2025-09-16,2025-09-17,Repo,Multiple Price,Same Day,1,Overnight,08:15,08:30,"Today's afternoon SRF operation will have an aggregate operation limit of $500.000 billion, which is $500 billion less the amount of total accepted propositions in this morning's SRF operation.",2025-09-16 08:31:49,500000000000.0,0,0,"[{'securityType': 'Treasury', 'amtSubmitted': 0, 'amtAccepted': 0, 'minimumBidRate': 4.5}, {'securityType': 'Agency', 'amtSubmitted': 0, 'amtAccepted': 0, 'minimumBidRate': 4.5}, {'securityType': 'Mortgage-Backed', 'amtSubmitted': 0, 'amtAccepted': 0, 'minimumBidRate': 4.5}]",,,,0.0,
RP 091725 1,Results,2025-09-17,2025-09-17,2025-09-18,Repo,Multiple Price,Same Day,1,Overnight,08:15,08:30,"Today's afternoon SRF operation will have an aggregate operation limit of $500.000 billion, which is $500 billion less the amount of total accepted propositions in this morning's SRF operation.",2025-09-17 08:35:30,500000000000.0,0,0,"[{'securityType': 'Treasury', 'amtSubmitted': 0, 'amtAccepted': 0, 'minimumBidRate': 4.5}, {'securityType': 'Agency', 'amtSubmitted': 0, 'amtAccepted': 0, 'minimumBidRate': 4.5}, {'securityType': 'Mortgage-Backed', 'amtSubmitted': 0, 'amtAccepted': 0, 'minimumBidRate': 4.5}]",,,,0.0,
RP 091725 3,Results,2025-09-17,2025-09-17,2025-09-18,Repo,Multiple Price,Same Day,1,Overnight,13:30,13:45,,2025-09-17 13:45:41,500000000000.0,1000000,1000000,"[{'securityType': 'Treasury', 'amtSubmitted': 1000000, 'amtAccepted': 1000000, 'minimumBidRate': 4.5, 'percentHighRate': 4.5, 'percentLowRate': 4.5, 'percentStopOutRate': 4.5, 'percentWeightedAverageRate': 4.5}, {'securityType': 'Agency', 'amtSubmitted': 0, 'amtAccepted': 0, 'minimumBidRate': 4.5}, {'securityType': 'Mortgage-Backed', 'amtSubmitted': 0, 'amtAccepted': 0, 'minimumBidRate': 4.5}]",,,,0.001,
RP 091725 2,Results,2025-09-17,2025-09-17,2025-09-18,Reverse Repo,Fixed Rate,Same Day,1,Overnight,12:45,13:15,,2025-09-17 13:15:45,,13963000000,13963000000,"[{'securityType': 'Treasury', 'amtSubmitted': 13963000000, 'amtAccepted': 13963000000, 'percentOfferingRate': 4.25, 'percentAwardRate': 4.25}]",14.0,14.0,,13.963,
RP 091825 3,Results,2025-09-18,2025-09-18,2025-09-19,Repo,Multiple Price,Same Day,1,Overnight,13:30,13:45,,2025-09-18 13:46:01,500000000000.0,0,0,"[{'securityType': 'Treasury', 'amtSubmitted': 0, 'amtAccepted': 0, 'minimumBidRate': 4.25}, {'securityType': 'Agency', 'amtSubmitted': 0, 'amtAccepted': 0, 'minimumBidRate': 4.25}, {'securityType': 'Mortgage-Backed', 'amtSubmitted': 0, 'amtAccepted': 0, 'minimumBidRate': 4.25}]",,,,0.0,
RP 091825 2,Results,2025-09-18,2025-09-18,2025-09-19,Reverse Repo,Fixed Rate,Same Day,1,Overnight,12:45,13:15,,2025-09-18 13:15:54,,13707000000,13707000000,"[{'securityType': 'Treasury', 'amtSubmitted': 13707000000, 'amtAccepted': 13707000000, 'percentOfferingRate': 4.0, 'percentAwardRate': 4.0}]",13.0,13.0,,13.707,
RP 091825 1,Results,2025-09-18,2025-09-18,2025-09-19,Repo,Multiple Price,Same Day,1,Overnight,08:15,08:30,"Today's afternoon SRF operation will have an aggregate operation limit of $500.000 billion, which is $500 billion less the amount of total accepted propositions in this morning's SRF operation.",2025-09-18 08:31:09,500000000000.0,0,0,"[{'securityType': 'Treasury', 'amtSubmitted': 0, 'amtAccepted': 0, 'minimumBidRate': 4.25}, {'securityType': 'Agency', 'amtSubmitted': 0, 'amtAccepted': 0, 'minimumBidRate': 4.25}, {'securityType': 'Mortgage-Backed', 'amtSubmitted': 0, 'amtAccepted': 0, 'minimumBidRate': 4.25}]",,,,0.0,
RP 091925 3,Results,2025-09-19,2025-09-19,2025-09-22,Repo,Multiple Price,Same Day,3,Overnight,13:30,13:45,,2025-09-19 13:45:53,500000000000.0,0,0,"[{'securityType': 'Treasury', 'amtSubmitted': 0, 'amtAccepted': 0, 'minimumBidRate': 4.25}, {'securityType': 'Agency', 'amtSubmitted': 0, 'amtAccepted': 0, 'minimumBidRate': 4.25}, {'securityType': 'Mortgage-Backed', 'amtSubmitted': 0, 'amtAccepted': 0, 'minimumBidRate': 4.25}]",,,,0.0,
RP 091925 2,Results,2025-09-19,2025-09-19,2025-09-22,Reverse Repo,Fixed Rate,Same Day,3,Overnight,12:45,13:15,,2025-09-19 13:16:16,,11363000000,11363000000,"[{'securityType': 'Treasury', 'amtSubmitted': 11363000000, 'amtAccepted': 11363000000, 'percentOfferingRate': 4.0, 'percentAwardRate': 4.0}]",13.0,13.0,,11.363,
RP 091925 1,Results,2025-09-19,2025-09-19,2025-09-22,Repo,Multiple Price,Same Day,3,Overnight,08:15,08:30,"Today's afternoon SRF operation will have an aggregate operation limit of $500.000 billion, which is $500 billion less the amount of total accepted propositions in this morning's SRF operation.",2025-09-19 08:31:58,500000000000.0,0,0,"[{'securityType': 'Treasury', 'amtSubmitted': 0, 'amtAccepted': 0, 'minimumBidRate': 4.25}, {'securityType': 'Agency', 'amtSubmitted': 0, 'amtAccepted': 0, 'minimumBidRate': 4.25}, {'securityType': 'Mortgage-Backed', 'amtSubmitted': 0, 'amtAccepted': 0, 'minimumBidRate': 4.25}]",,,,0.0,
RP 092225 3,Results,2025-09-22,2025-09-22,2025-09-23,Repo,Multiple Price,Same Day,1,Overnight,13:30,13:45,,2025-09-22 13:45:57,500000000000.0,30000000,30000000,"[{'securityType': 'Treasury', 'amtSubmitted': 10000000, 'amtAccepted': 10000000, 'minimumBidRate': 4.25, 'percentHighRate': 4.25, 'percentLowRate': 4.25, 'percentStopOutRate': 4.25, 'percentWeightedAverageRate': 4.25}, {'securityType': 'Agency', 'amtSubmitted': 10000000, 'amtAccepted': 10000000, 'minimumBidRate': 4.25, 'percentHighRate': 4.25, 'percentLowRate': 4.25, 'percentStopOutRate': 4.25, 'percentWeightedAverageRate': 4.25}, {'securityType': 'Mortgage-Backed', 'amtSubmitted': 10000000, 'amtAccepted': 10000000, 'minimumBidRate': 4.25, 'percentHighRate': 4.25, 'percentLowRate': 4.25, 'percentStopOutRate': 4.25, 'percentWeightedAverageRate': 4.25}]",,,,0.03,
RP 092225 2,Results,2025-09-22,2025-09-22,2025-09-23,Reverse Repo,Fixed Rate,Same Day,1,Overnight,12:45,13:15,,2025-09-22 13:15:57,,14173000000,14173000000,"[{'securityType': 'Treasury', 'amtSubmitted': 14173000000, 'amtAccepted': 14173000000, 'percentOfferingRate': 4.0, 'percentAwardRate': 4.0}]",15.0,15.0,,14.173,
RP 092225 1,Results,2025-09-22,2025-09-22,2025-09-23,Repo,Multiple Price,Same Day,1,Overnight,08:15,08:30,"Today's afternoon SRF operation will have an aggregate operation limit of $500.000 billion, which is $500 billion less the amount of total accepted propositions in this morning's SRF operation.",2025-09-22 08:32:08,500000000000.0,0,0,"[{'securityType': 'Treasury', 'amtSubmitted': 0, 'amtAccepted': 0, 'minimumBidRate': 4.25}, {'securityType': 'Agency', 'amtSubmitted': 0, 'amtAccepted': 0, 'minimumBidRate': 4.25}, {'securityType': 'Mortgage-Backed', 'amtSubmitted': 0, 'amtAccepted': 0, 'minimumBidRate': 4.25}]",,,,0.0,
RP 092325 1,Results,2025-09-23,2025-09-23,2025-09-24,Repo,Multiple Price,Same Day,1,Overnight,08:15,08:30,"Today's afternoon SRF operation will have an aggregate operation limit of $500.000 billion, which is $500 billion less the amount of total accepted propositions in this morning's SRF operation.",2025-09-23 08:31:06,500000000000.0,0,0,"[{'securityType': 'Treasury', 'amtSubmitted': 0, 'amtAccepted': 0, 'minimumBidRate': 4.25}, {'securityType': 'Agency', 'amtSubmitted': 0, 'amtAccepted': 0, 'minimumBidRate': 4.25}, {'securityType': 'Mortgage-Backed', 'amtSubmitted': 0, 'amtAccepted': 0, 'minimumBidRate': 4.25}]",,,,0.0,
RP 092325 2,Results,2025-09-23,2025-09-23,2025-09-24,Reverse Repo,Fixed Rate,Same Day,1,Overnight,12:45,13:15,,2025-09-23 13:15:44,,14402000000,14402000000,"[{'securityType': 'Treasury', 'amtSubmitted': 14402000000, 'amtAccepted': 14402000000, 'percentOfferingRate': 4.0, 'percentAwardRate': 4.0}]",16.0,16.0,,14.402,
RP 092325 3,Results,2025-09-23,2025-09-23,2025-09-24,Repo,Multiple Price,Same Day,1,Overnight,13:30,13:45,,2025-09-23 13:45:46,500000000000.0,0,0,"[{'securityType': 'Treasury', 'amtSubmitted': 0, 'amtAccepted': 0, 'minimumBidRate': 4.25}, {'securityType': 'Agency', 'amtSubmitted': 0, 'amtAccepted': 0, 'minimumBidRate': 4.25}, {'securityType': 'Mortgage-Backed', 'amtSubmitted': 0, 'amtAccepted': 0, 'minimumBidRate': 4.25}]",,,,0.0,
RP 092425 3,Results,2025-09-24,2025-09-24,2025-09-25,Repo,Multiple Price,Same Day,1,Overnight,13:30,13:45,,2025-09-24 13:46:24,500000000000.0,1000000,1000000,"[{'securityType': 'Treasury', 'amtSubmitted': 1000000, 'amtAccepted': 1000000, 'minimumBidRate': 4.25, 'percentHighRate': 4.25, 'percentLowRate': 4.25, 'percentStopOutRate': 4.25, 'percentWeightedAverageRate': 4.25}, {'securityType': 'Agency', 'amtSubmitted': 0, 'amtAccepted': 0, 'minimumBidRate': 4.25}, {'securityType': 'Mortgage-Backed', 'amtSubmitted': 0, 'amtAccepted': 0, 'minimumBidRate': 4.25}]",,,,0.001,
RP 092425 2,Results,2025-09-24,2025-09-24,2025-09-25,Reverse Repo,Fixed Rate,Same Day,1,Overnight,12:45,13:15,,2025-09-24 13:16:34,,29172000000,29172000000,"[{'securityType': 'Treasury', 'amtSubmitted': 29172000000, 'amtAccepted': 29172000000, 'percentOfferingRate': 4.0, 'percentAwardRate': 4.0}]",22.0,22.0,,29.172,
RP 092425 1,Results,2025-09-24,2025-09-24,2025-09-25,Repo,Multiple Price,Same Day,1,Overnight,08:15,08:30,"Today's afternoon SRF operation will have an aggregate operation limit of $500.000 billion, which is $500 billion less the amount of total accepted propositions in this morning's SRF operation.",2025-09-24 08:31:40,500000000000.0,0,0,"[{'securityType': 'Treasury', 'amtSubmitted': 0, 'amtAccepted': 0, 'minimumBidRate': 4.25}, {'securityType': 'Agency', 'amtSubmitted': 0, 'amtAccepted': 0, 'minimumBidRate': 4.25}, {'securityType': 'Mortgage-Backed', 'amtSubmitted': 0, 'amtAccepted': 0, 'minimumBidRate': 4.25}]",,,,0.0,
RP 092525 3,Results,2025-09-25,2025-09-25,2025-09-26,Repo,Multiple Price,Same Day,1,Overnight,13:30,13:45,,2025-09-25 13:46:02,500000000000.0,1000000,1000000,"[{'securityType': 'Treasury', 'amtSubmitted': 1000000, 'amtAccepted': 1000000, 'minimumBidRate': 4.25, 'percentHighRate': 4.25, 'percentLowRate': 4.25, 'percentStopOutRate': 4.25, 'percentWeightedAverageRate': 4.25}, {'securityType': 'Agency', 'amtSubmitted': 0, 'amtAccepted': 0, 'minimumBidRate': 4.25}, {'securityType': 'Mortgage-Backed', 'amtSubmitted': 0, 'amtAccepted': 0, 'minimumBidRate': 4.25}]",,,,0.001,
RP 092525 2,Results,2025-09-25,2025-09-25,2025-09-26,Reverse Repo,Fixed Rate,Same Day,1,Overnight,12:45,13:15,,2025-09-25 13:15:58,,25369000000,25369000000,"[{'securityType': 'Treasury', 'amtSubmitted': 25369000000, 'amtAccepted': 25369000000, 'percentOfferingRate': 4.0, 'percentAwardRate': 4.0}]",21.0,21.0,,25.369,
RP 092525 1,Results,2025-09-25,2025-09-25,2025-09-26,Repo,Multiple Price,Same Day,1,Overnight,08:15,08:30,"Today's afternoon SRF operation will have an aggregate operation limit of $500.000 billion, which is $500 billion less the amount of total accepted propositions in this morning's SRF operation.",2025-09-25 08:31:14,500000000000.0,0,0,"[{'securityType': 'Treasury', 'amtSubmitted': 0, 'amtAccepted': 0, 'minimumBidRate': 4.25}, {'securityType': 'Agency', 'amtSubmitted': 0, 'amtAccepted': 0, 'minimumBidRate': 4.25}, {'securityType': 'Mortgage-Backed', 'amtSubmitted': 0, 'amtAccepted': 0, 'minimumBidRate': 4.25}]",,,,0.0,
RP 092625 3,Results,2025-09-26,2025-09-26,2025-09-29,Repo,Multiple Price,Same Day,3,Overnight,13:30,13:45,,2025-09-26 13:45:55,500000000000.0,0,0,"[{'securityType': 'Treasury', 'amtSubmitted': 0, 'amtAccepted': 0, 'minimumBidRate': 4.25}, {'securityType': 'Agency', 'amtSubmitted': 0, 'amtAccepted': 0, 'minimumBidRate': 4.25}, {'securityType': 'Mortgage-Backed', 'amtSubmitted': 0, 'amtAccepted': 0, 'minimumBidRate': 4.25}]",,,,0.0,
RP 092625 2,Results,2025-09-26,2025-09-26,2025-09-29,Reverse Repo,Fixed Rate,Same Day,3,Overnight,12:45,13:15,,2025-09-26 13:15:59,,48073000000,48073000000,"[{'securityType': 'Treasury', 'amtSubmitted': 48073000000, 'amtAccepted': 48073000000, 'percentOfferingRate': 4.0, 'percentAwardRate': 4.0}]",23.0,23.0,,48.073,
RP 092625 1,Results,2025-09-26,2025-09-26,2025-09-29,Repo,Multiple Price,Same Day,3,Overnight,08:15,08:30,"Today's afternoon SRF operation will have an aggregate operation limit of $500.000 billion, which is $500 billion less the amount of total accepted propositions in this morning's SRF operation.",2025-09-26 08:31:28,500000000000.0,0,0,"[{'securityType': 'Treasury', 'amtSubmitted': 0, 'amtAccepted': 0, 'minimumBidRate': 4.25}, {'securityType': 'Agency', 'amtSubmitted': 0, 'amtAccepted': 0, 'minimumBidRate': 4.25}, {'securityType': 'Mortgage-Backed', 'amtSubmitted': 0, 'amtAccepted': 0, 'minimumBidRate': 4.25}]",,,,0.0,
RP 092925 1,Results,2025-09-29,2025-09-29,2025-09-30,Repo,Multiple Price,Same Day,1,Overnight,08:15,08:30,"Today's afternoon SRF operation will have an aggregate operation limit of $500.000 billion, which is $500 billion less the amount of total accepted propositions in this morning's SRF operation.",2025-09-29 08:31:02,500000000000.0,0,0,"[{'securityType': 'Treasury', 'amtSubmitted': 0, 'amtAccepted': 0, 'minimumBidRate': 4.25}, {'securityType': 'Agency', 'amtSubmitted': 0, 'amtAccepted': 0, 'minimumBidRate': 4.25}, {'securityType': 'Mortgage-Backed', 'amtSubmitted': 0, 'amtAccepted': 0, 'minimumBidRate': 4.25}]",,,,0.0,
RP 092925 3,Results,2025-09-29,2025-09-29,2025-09-30,Repo,Multiple Price,Same Day,1,Overnight,13:30,13:45,,2025-09-29 13:45:30,500000000000.0,0,0,"[{'securityType': 'Treasury', 'amtSubmitted': 0, 'amtAccepted': 0, 'minimumBidRate': 4.25}, {'securityType': 'Agency', 'amtSubmitted': 0, 'amtAccepted': 0, 'minimumBidRate': 4.25}, {'securityType': 'Mortgage-Backed', 'amtSubmitted': 0, 'amtAccepted': 0, 'minimumBidRate': 4.25}]",,,,0.0,
RP 092925 2,Results,2025-09-29,2025-09-29,2025-09-30,Reverse Repo,Fixed Rate,Same Day,1,Overnight,12:45,13:15,,2025-09-29 13:15:49,,56220000000,56220000000,"[{'securityType': 'Treasury', 'amtSubmitted': 56220000000, 'amtAccepted': 56220000000, 'percentOfferingRate': 4.0, 'percentAwardRate': 4.0}]",26.0,26.0,,56.22,
RP 093025 3,Results,2025-09-30,2025-09-30,2025-10-01,Repo,Multiple Price,Same Day,1,Overnight,13:30,13:45,,2025-09-30 13:45:43,500000000000.0,6000000000,6000000000,"[{'securityType': 'Treasury', 'amtSubmitted': 5000000000, 'amtAccepted': 5000000000, 'minimumBidRate': 4.25, 'percentHighRate': 4.25, 'percentLowRate': 4.25, 'percentStopOutRate': 4.25, 'percentWeightedAverageRate': 4.25}, {'securityType': 'Agency', 'amtSubmitted': 0, 'amtAccepted': 0, 'minimumBidRate': 4.25}, {'securityType': 'Mortgage-Backed', 'amtSubmitted': 1000000000, 'amtAccepted': 1000000000, 'minimumBidRate': 4.25, 'percentHighRate': 4.25, 'percentLowRate': 4.25, 'percentStopOutRate': 4.25, 'percentWeightedAverageRate': 4.25}]",,,,6.0,
RP 093025 2,Results,2025-09-30,2025-09-30,2025-10-01,Reverse Repo,Fixed Rate,Same Day,1,Overnight,12:45,13:15,,2025-09-30 13:16:17,,49071000000,49071000000,"[{'securityType': 'Treasury', 'amtSubmitted': 49071000000, 'amtAccepted': 49071000000, 'percentOfferingRate': 4.0, 'percentAwardRate': 4.0}]",28.0,28.0,,49.071,
RP 093025 1,Results,2025-09-30,2025-09-30,2025-10-01,Repo,Multiple Price,Same Day,1,Overnight,08:15,08:30,"Today's afternoon SRF operation will have an aggregate operation limit of $500.000 billion, which is $500 billion less the amount of total accepted propositions in this morning's SRF operation.",2025-09-30 08:31:19,500000000000.0,0,0,"[{'securityType': 'Treasury', 'amtSubmitted': 0, 'amtAccepted': 0, 'minimumBidRate': 4.25}, {'securityType': 'Agency', 'amtSubmitted': 0, 'amtAccepted': 0, 'minimumBidRate': 4.25}, {'securityType': 'Mortgage-Backed', 'amtSubmitted': 0, 'amtAccepted': 0, 'minimumBidRate': 4.25}]",,,,0.0,
RP 100125 3,Results,2025-10-01,2025-10-01,2025-10-02,Repo,Multiple Price,Same Day,1,Overnight,13:30,13:45,,2025-10-01 13:46:18,500000000000.0,0,0,"[{'securityType': 'Treasury', 'amtSubmitted': 0, 'amtAccepted': 0, 'minimumBidRate': 4.25}, {'securityType': 'Agency', 'amtSubmitted': 0, 'amtAccepted': 0, 'minimumBidRate': 4.25}, {'securityType': 'Mortgage-Backed', 'amtSubmitted': 0, 'amtAccepted': 0, 'minimumBidRate': 4.25}]",,,,0.0,
RP 100125 2,Results,2025-10-01,2025-10-01,2025-10-02,Reverse Repo,Fixed Rate,Same Day,1,Overnight,12:45,13:15,,2025-10-01 13:16:40,,10179000000,10179000000,"[{'securityType': 'Treasury', 'amtSubmitted': 10179000000, 'amtAccepted': 10179000000, 'percentOfferingRate': 4.0, 'percentAwardRate': 4.0}]",15.0,15.0,,10.179,
RP 100125 1,Results,2025-10-01,2025-10-01,2025-10-02,Repo,Multiple Price,Same Day,1,Overnight,08:15,08:30,"Today's afternoon SRF operation will have an aggregate operation limit of $500.000 billion, which is $500 billion less the amount of total accepted propositions in this morning's SRF operation.",2025-10-01 08:32:05,500000000000.0,0,0,"[{'securityType': 'Treasury', 'amtSubmitted': 0, 'amtAccepted': 0, 'minimumBidRate': 4.25}, {'securityType': 'Agency', 'amtSubmitted': 0, 'amtAccepted': 0, 'minimumBidRate': 4.25}, {'securityType': 'Mortgage-Backed', 'amtSubmitted': 0, 'amtAccepted': 0, 'minimumBidRate': 4.25}]",,,,0.0,
RP 100225 3,Results,2025-10-02,2025-10-02,2025-10-03,Repo,Multiple Price,Same Day,1,Overnight,13:30,13:45,,2025-10-02 13:46:25,500000000000.0,3000000,3000000,"[{'securityType': 'Treasury', 'amtSubmitted': 1000000, 'amtAccepted': 1000000, 'minimumBidRate': 4.25, 'percentHighRate': 4.25, 'percentLowRate': 4.25, 'percentStopOutRate': 4.25, 'percentWeightedAverageRate': 4.25}, {'securityType': 'Agency', 'amtSubmitted': 1000000, 'amtAccepted': 1000000, 'minimumBidRate': 4.25, 'percentHighRate': 4.25, 'percentLowRate': 4.25, 'percentStopOutRate': 4.25, 'percentWeightedAverageRate': 4.25}, {'securityType': 'Mortgage-Backed', 'amtSubmitted': 1000000, 'amtAccepted': 1000000, 'minimumBidRate': 4.25, 'percentHighRate': 4.25, 'percentLowRate': 4.25, 'percentStopOutRate': 4.25, 'percentWeightedAverageRate': 4.25}]",,,,0.003,
RP 100225 2,Results,2025-10-02,2025-10-02,2025-10-03,Reverse Repo,Fixed Rate,Same Day,1,Overnight,12:45,13:15,,2025-10-02 13:16:30,,8436000000,8436000000,"[{'securityType': 'Treasury', 'amtSubmitted': 8436000000, 'amtAccepted': 8436000000, 'percentOfferingRate': 4.0, 'percentAwardRate': 4.0}]",10.0,10.0,,8.436,
RP 100225 1,Results,2025-10-02,2025-10-02,2025-10-03,Repo,Multiple Price,Same Day,1,Overnight,08:15,08:30,"Today's afternoon SRF operation will have an aggregate operation limit of $500.000 billion, which is $500 billion less the amount of total accepted propositions in this morning's SRF operation.",2025-10-02 08:32:34,500000000000.0,0,0,"[{'securityType': 'Treasury', 'amtSubmitted': 0, 'amtAccepted': 0, 'minimumBidRate': 4.25}, {'securityType': 'Agency', 'amtSubmitted': 0, 'amtAccepted': 0, 'minimumBidRate': 4.25}, {'securityType': 'Mortgage-Backed', 'amtSubmitted': 0, 'amtAccepted': 0, 'minimumBidRate': 4.25}]",,,,0.0,
RP 100325 1,Results,2025-10-03,2025-10-03,2025-10-06,Repo,Multiple Price,Same Day,3,Overnight,08:15,08:30,"Today's afternoon SRF operation will have an aggregate operation limit of $500.000 billion, which is $500 billion less the amount of total accepted propositions in this morning's SRF operation.",2025-10-03 08:32:25,500000000000.0,0,0,"[{'securityType': 'Treasury', 'amtSubmitted': 0, 'amtAccepted': 0, 'minimumBidRate': 4.25}, {'securityType': 'Agency', 'amtSubmitted': 0, 'amtAccepted': 0, 'minimumBidRate': 4.25}, {'securityType': 'Mortgage-Backed', 'amtSubmitted': 0, 'amtAccepted': 0, 'minimumBidRate': 4.25}]",,,,0.0,
RP 100325 3,Results,2025-10-03,2025-10-03,2025-10-06,Repo,Multiple Price,Same Day,3,Overnight,13:30,13:45,,2025-10-03 13:46:29,500000000000.0,105000000,105000000,"[{'securityType': 'Treasury', 'amtSubmitted': 105000000, 'amtAccepted': 105000000, 'minimumBidRate': 4.25, 'percentHighRate': 4.25, 'percentLowRate': 4.25, 'percentStopOutRate': 4.25, 'percentWeightedAverageRate': 4.25}, {'securityType': 'Agency', 'amtSubmitted': 0, 'amtAccepted': 0, 'minimumBidRate': 4.25}, {'securityType': 'Mortgage-Backed', 'amtSubmitted': 0, 'amtAccepted': 0, 'minimumBidRate': 4.25}]",,,,0.105,
RP 100325 2,Results,2025-10-03,2025-10-03,2025-10-06,Reverse Repo,Fixed Rate,Same Day,3,Overnight,12:45,13:15,,2025-10-03 13:17:14,,25392000000,25392000000,"[{'securityType': 'Treasury', 'amtSubmitted': 25392000000, 'amtAccepted': 25392000000, 'percentOfferingRate': 4.0, 'percentAwardRate': 4.0}]",14.0,14.0,,25.392,
RP 100625 3,Results,2025-10-06,2025-10-06,2025-10-07,Repo,Multiple Price,Same Day,1,Overnight,13:30,13:45,,2025-10-06 13:46:04,500000000000.0,20000000,20000000,"[{'securityType': 'Treasury', 'amtSubmitted': 10000000, 'amtAccepted': 10000000, 'minimumBidRate': 4.25, 'percentHighRate': 4.25, 'percentLowRate': 4.25, 'percentStopOutRate': 4.25, 'percentWeightedAverageRate': 4.25}, {'securityType': 'Agency', 'amtSubmitted': 0, 'amtAccepted': 0, 'minimumBidRate': 4.25}, {'securityType': 'Mortgage-Backed', 'amtSubmitted': 10000000, 'amtAccepted': 10000000, 'minimumBidRate': 4.25, 'percentHighRate': 4.25, 'percentLowRate': 4.25, 'percentStopOutRate': 4.25, 'percentWeightedAverageRate': 4.25}]",,,,0.02,
RP 100625 2,Results,2025-10-06,2025-10-06,2025-10-07,Reverse Repo,Fixed Rate,Same Day,1,Overnight,12:45,13:15,,2025-10-06 13:15:50,,21776000000,21776000000,"[{'securityType': 'Treasury', 'amtSubmitted': 21776000000, 'amtAccepted': 21776000000, 'percentOfferingRate': 4.0, 'percentAwardRate': 4.0}]",19.0,19.0,,21.776,
RP 100625 1,Results,2025-10-06,2025-10-06,2025-10-07,Repo,Multiple Price,Same Day,1,Overnight,08:15,08:30,"Today's afternoon SRF operation will have an aggregate operation limit of $500.000 billion, which is $500 billion less the amount of total accepted propositions in this morning's SRF operation.",2025-10-06 08:31:25,500000000000.0,0,0,"[{'securityType': 'Treasury', 'amtSubmitted': 0, 'amtAccepted': 0, 'minimumBidRate': 4.25}, {'securityType': 'Agency', 'amtSubmitted': 0, 'amtAccepted': 0, 'minimumBidRate': 4.25}, {'securityType': 'Mortgage-Backed', 'amtSubmitted': 0, 'amtAccepted': 0, 'minimumBidRate': 4.25}]",,,,0.0,
RP 100725 3,Results,2025-10-07,2025-10-07,2025-10-08,Repo,Multiple Price,Same Day,1,Overnight,13:30,13:45,,2025-10-07 13:45:40,500000000000.0,2000000,2000000,"[{'securityType': 'Treasury', 'amtSubmitted': 1000000, 'amtAccepted': 1000000, 'minimumBidRate': 4.25, 'percentHighRate': 4.25, 'percentLowRate': 4.25, 'percentStopOutRate': 4.25, 'percentWeightedAverageRate': 4.25}, {'securityType': 'Agency', 'amtSubmitted': 0, 'amtAccepted': 0, 'minimumBidRate': 4.25}, {'securityType': 'Mortgage-Backed', 'amtSubmitted': 1000000, 'amtAccepted': 1000000, 'minimumBidRate': 4.25, 'percentHighRate': 4.25, 'percentLowRate': 4.25, 'percentStopOutRate': 4.25, 'percentWeightedAverageRate': 4.25}]",,,,0.002,
RP 100725 2,Results,2025-10-07,2025-10-07,2025-10-08,Reverse Repo,Fixed Rate,Same Day,1,Overnight,12:45,13:15,,2025-10-07 13:15:42,,4622000000,4622000000,"[{'securityType': 'Treasury', 'amtSubmitted': 4622000000, 'amtAccepted': 4622000000, 'percentOfferingRate': 4.0, 'percentAwardRate': 4.0}]",16.0,16.0,,4.622,
RP 100725 1,Results,2025-10-07,2025-10-07,2025-10-08,Repo,Multiple Price,Same Day,1,Overnight,08:15,08:30,"Today's afternoon SRF operation will have an aggregate operation limit of $500.000 billion, which is $500 billion less the amount of total accepted propositions in this morning's SRF operation.",2025-10-07 08:31:39,500000000000.0,0,0,"[{'securityType': 'Treasury', 'amtSubmitted': 0, 'amtAccepted': 0, 'minimumBidRate': 4.25}, {'securityType': 'Agency', 'amtSubmitted': 0, 'amtAccepted': 0, 'minimumBidRate': 4.25}, {'securityType': 'Mortgage-Backed', 'amtSubmitted': 0, 'amtAccepted': 0, 'minimumBidRate': 4.25}]",,,,0.0,
RP 100825 3,Results,2025-10-08,2025-10-08,2025-10-09,Repo,Multiple Price,Same Day,1,Overnight,13:30,13:45,,2025-10-08 13:45:36,500000000000.0,1000000,1000000,"[{'securityType': 'Treasury', 'amtSubmitted': 1000000, 'amtAccepted': 1000000, 'minimumBidRate': 4.25, 'percentHighRate': 4.25, 'percentLowRate': 4.25, 'percentStopOutRate': 4.25, 'percentWeightedAverageRate': 4.25}, {'securityType': 'Agency', 'amtSubmitted': 0, 'amtAccepted': 0, 'minimumBidRate': 4.25}, {'securityType': 'Mortgage-Backed', 'amtSubmitted': 0, 'amtAccepted': 0, 'minimumBidRate': 4.25}]",,,,0.001,
RP 100825 2,Results,2025-10-08,2025-10-08,2025-10-09,Reverse Repo,Fixed Rate,Same Day,1,Overnight,12:45,13:15,,2025-10-08 13:15:37,,5231000000,5231000000,"[{'securityType': 'Treasury', 'amtSubmitted': 5231000000, 'amtAccepted': 5231000000, 'percentOfferingRate': 4.0, 'percentAwardRate': 4.0}]",12.0,12.0,,5.231,
RP 100825 99,Results,2025-10-08,2025-10-08,2025-10-09,Repo,Multiple Price,Same Day,1,Overnight,10:15,10:30,"This operation is a Small Value Exercise (SVE), the daily SRF operation will still take place at its regularly scheduled time (1:30pm)",2025-10-08 10:40:30,250000000.0,97000000,97000000,"[{'securityType': 'Treasury', 'amtSubmitted': 45000000, 'amtAccepted': 45000000, 'percentHighRate': 4.25, 'percentLowRate': 4.25, 'percentStopOutRate': 4.25, 'percentWeightedAverageRate': 4.25}, {'securityType': 'Agency', 'amtSubmitted': 18000000, 'amtAccepted': 18000000, 'percentHighRate': 4.25, 'percentLowRate': 4.25, 'percentStopOutRate': 4.25, 'percentWeightedAverageRate': 4.25}, {'securityType': 'Mortgage-Backed', 'amtSubmitted': 34000000, 'amtAccepted': 34000000, 'percentHighRate': 4.25, 'percentLowRate': 4.25, 'percentStopOutRate': 4.25, 'percentWeightedAverageRate': 4.25}]",,,,0.097,
RP 100825 1,Results,2025-10-08,2025-10-08,2025-10-09,Repo,Multiple Price,Same Day,1,Overnight,08:15,08:30,"Today's afternoon SRF operation will have an aggregate operation limit of $500.000 billion, which is $500 billion less the amount of total accepted propositions in this morning's SRF operation",2025-10-08 08:32:01,500000000000.0,0,0,"[{'securityType': 'Treasury', 'amtSubmitted': 0, 'amtAccepted': 0, 'minimumBidRate': 4.25}, {'securityType': 'Agency', 'amtSubmitted': 0, 'amtAccepted': 0, 'minimumBidRate': 4.25}, {'securityType': 'Mortgage-Backed', 'amtSubmitted': 0, 'amtAccepted': 0, 'minimumBidRate': 4.25}]",,,,0.0,
RP 100925 1,Results,2025-10-09,2025-10-09,2025-10-10,Repo,Multiple Price,Same Day,1,Overnight,08:15,08:30,"Today's afternoon SRF operation will have an aggregate operation limit of $500.000 billion, which is $500 billion less the amount of total accepted propositions in this morning's SRF operation.",2025-10-09 08:31:08,500000000000.0,0,0,"[{'securityType': 'Treasury', 'amtSubmitted': 0, 'amtAccepted': 0, 'minimumBidRate': 4.25}, {'securityType': 'Agency', 'amtSubmitted': 0, 'amtAccepted': 0, 'minimumBidRate': 4.25}, {'securityType': 'Mortgage-Backed', 'amtSubmitted': 0, 'amtAccepted': 0, 'minimumBidRate': 4.25}]",,,,0.0,
RP 100925 2,Results,2025-10-09,2025-10-09,2025-10-10,Reverse Repo,Fixed Rate,Same Day,1,Overnight,12:45,13:15,,2025-10-09 13:16:07,,4496000000,4496000000,"[{'securityType': 'Treasury', 'amtSubmitted': 4496000000, 'amtAccepted': 4496000000, 'percentOfferingRate': 4.0, 'percentAwardRate': 4.0}]",10.0,10.0,,4.496,
RP 100925 3,Results,2025-10-09,2025-10-09,2025-10-10,Repo,Multiple Price,Same Day,1,Overnight,13:30,13:45,,2025-10-09 13:45:45,500000000000.0,2000000,2000000,"[{'securityType': 'Treasury', 'amtSubmitted': 1000000, 'amtAccepted': 1000000, 'minimumBidRate': 4.25, 'percentHighRate': 4.25, 'percentLowRate': 4.25, 'percentStopOutRate': 4.25, 'percentWeightedAverageRate': 4.25}, {'securityType': 'Agency', 'amtSubmitted': 0, 'amtAccepted': 0, 'minimumBidRate': 4.25}, {'securityType': 'Mortgage-Backed', 'amtSubmitted': 1000000, 'amtAccepted': 1000000, 'minimumBidRate': 4.25, 'percentHighRate': 4.25, 'percentLowRate': 4.25, 'percentStopOutRate': 4.25, 'percentWeightedAverageRate': 4.25}]",,,,0.002,
RP 101025 3,Results,2025-10-10,2025-10-10,2025-10-14,Repo,Multiple Price,Same Day,4,Overnight,13:30,13:45,,2025-10-10 13:45:30,500000000000.0,0,0,"[{'securityType': 'Treasury', 'amtSubmitted': 0, 'amtAccepted': 0, 'minimumBidRate': 4.25}, {'securityType': 'Agency', 'amtSubmitted': 0, 'amtAccepted': 0, 'minimumBidRate': 4.25}, {'securityType': 'Mortgage-Backed', 'amtSubmitted': 0, 'amtAccepted': 0, 'minimumBidRate': 4.25}]",,,,0.0,
RP 101025 2,Results,2025-10-10,2025-10-10,2025-10-14,Reverse Repo,Fixed Rate,Same Day,4,Overnight,12:45,13:15,,2025-10-10 13:15:43,,4124000000,4124000000,"[{'securityType': 'Treasury', 'amtSubmitted': 4124000000, 'amtAccepted': 4124000000, 'percentOfferingRate': 4.0, 'percentAwardRate': 4.0}]",10.0,10.0,,4.124,
RP 101025 1,Results,2025-10-10,2025-10-10,2025-10-14,Repo,Multiple Price,Same Day,4,Overnight,08:15,08:30,"Today's afternoon SRF operation will have an aggregate operation limit of $500.000 billion, which is $500 billion less the amount of total accepted propositions in this morning's SRF operation.",2025-10-10 08:30:49,500000000000.0,0,0,"[{'securityType': 'Treasury', 'amtSubmitted': 0, 'amtAccepted': 0, 'minimumBidRate': 4.25}, {'securityType': 'Agency', 'amtSubmitted': 0, 'amtAccepted': 0, 'minimumBidRate': 4.25}, {'securityType': 'Mortgage-Backed', 'amtSubmitted': 0, 'amtAccepted': 0, 'minimumBidRate': 4.25}]",,,,0.0,
RP 101425 3,Results,2025-10-14,2025-10-14,2025-10-15,Repo,Multiple Price,Same Day,1,Overnight,13:30,13:45,,2025-10-14 13:45:49,500000000000.0,0,0,"[{'securityType': 'Treasury', 'amtSubmitted': 0, 'amtAccepted': 0, 'minimumBidRate': 4.25}, {'securityType': 'Agency', 'amtSubmitted': 0, 'amtAccepted': 0, 'minimumBidRate': 4.25}, {'securityType': 'Mortgage-Backed', 'amtSubmitted': 0, 'amtAccepted': 0, 'minimumBidRate': 4.25}]",,,,0.0,
RP 101425 2,Results,2025-10-14,2025-10-14,2025-10-15,Reverse Repo,Fixed Rate,Same Day,1,Overnight,12:45,13:15,,2025-10-14 13:15:56,,3516000000,3516000000,"[{'securityType': 'Treasury', 'amtSubmitted': 3516000000, 'amtAccepted': 3516000000, 'percentOfferingRate': 4.0, 'percentAwardRate': 4.0}]",7.0,7.0,,3.516,
RP 101425 1,Results,2025-10-14,2025-10-14,2025-10-15,Repo,Multiple Price,Same Day,1,Overnight,08:15,08:30,"Today's afternoon SRF operation will have an aggregate operation limit of $500.000 billion, which is $500 billion less the amount of total accepted propositions in this morning's SRF operation.",2025-10-14 08:31:00,500000000000.0,0,0,"[{'securityType': 'Treasury', 'amtSubmitted': 0, 'amtAccepted': 0, 'minimumBidRate': 4.25}, {'securityType': 'Agency', 'amtSubmitted': 0, 'amtAccepted': 0, 'minimumBidRate': 4.25}, {'securityType': 'Mortgage-Backed', 'amtSubmitted': 0, 'amtAccepted': 0, 'minimumBidRate': 4.25}]",,,,0.0,
RP 101525 5,Results,2025-10-15,2025-10-15,2025-10-16,Repo,Multiple Price,Same Day,1,Overnight,13:30,13:45,,2025-10-15 13:45:57,493250000000.0,0,0,"[{'securityType': 'Treasury', 'amtSubmitted': 0, 'amtAccepted': 0, 'minimumBidRate': 4.25}, {'securityType': 'Agency', 'amtSubmitted': 0, 'amtAccepted': 0, 'minimumBidRate': 4.25}, {'securityType': 'Mortgage-Backed', 'amtSubmitted': 0, 'amtAccepted': 0, 'minimumBidRate': 4.25}]",,,,0.0,
RP 101525 4,Results,2025-10-15,2025-10-15,2025-10-16,Reverse Repo,Fixed Rate,Same Day,1,Overnight,12:45,13:15,,2025-10-15 13:15:54,,5484000000,5484000000,"[{'securityType': 'Treasury', 'amtSubmitted': 5484000000, 'amtAccepted': 5484000000, 'percentOfferingRate': 4.0, 'percentAwardRate': 4.0}]",20.0,20.0,,5.484,
RP 101525 1,Results,2025-10-15,2025-10-15,2025-10-16,Repo,Multiple Price,Same Day,1,Overnight,08:15,08:30,"Today's afternoon SRF operation will have an aggregate operation limit of $493.250 billion, which is $500 billion less the amount of total accepted propositions in this morning's SRF operation.",2025-10-15 08:31:17,500000000000.0,6750000000,6750000000,"[{'securityType': 'Treasury', 'amtSubmitted': 4750000000, 'amtAccepted': 4750000000, 'minimumBidRate': 4.25, 'percentHighRate': 4.25, 'percentLowRate': 4.25, 'percentStopOutRate': 4.25, 'percentWeightedAverageRate': 4.25}, {'securityType': 'Agency', 'amtSubmitted': 0, 'amtAccepted': 0, 'minimumBidRate': 4.25}, {'securityType': 'Mortgage-Backed', 'amtSubmitted': 2000000000, 'amtAccepted': 2000000000, 'minimumBidRate': 4.25, 'percentHighRate': 4.25, 'percentLowRate': 4.25, 'percentStopOutRate': 4.25, 'percentWeightedAverageRate': 4.25}]",,,,6.75,
RP 101625 1,Results,2025-10-16,2025-10-16,2025-10-17,Repo,Multiple Price,Same Day,1,Overnight,08:15,08:30,"Today's afternoon SRF operation will have an aggregate operation limit of $491.650 billion, which is $500 billion less the amount of total accepted propositions in this morning's SRF operation.",2025-10-16 08:32:07,500000000000.0,8350000000,8350000000,"[{'securityType': 'Treasury', 'amtSubmitted': 1750000000, 'amtAccepted': 1750000000, 'minimumBidRate': 4.25, 'percentHighRate': 4.25, 'percentLowRate': 4.25, 'percentStopOutRate': 4.25, 'percentWeightedAverageRate': 4.25}, {'securityType': 'Agency', 'amtSubmitted': 0, 'amtAccepted': 0, 'minimumBidRate': 4.25}, {'securityType': 'Mortgage-Backed', 'amtSubmitted': 6600000000, 'amtAccepted': 6600000000, 'minimumBidRate': 4.25, 'percentHighRate': 4.25, 'percentLowRate': 4.25, 'percentStopOutRate': 4.25, 'percentWeightedAverageRate': 4.25}]",,,,8.35,
RP 101625 3,Results,2025-10-16,2025-10-16,2025-10-17,Repo,Multiple Price,Same Day,1,Overnight,13:30,13:45,,2025-10-16 13:45:48,491650000000.0,0,0,"[{'securityType': 'Treasury', 'amtSubmitted': 0, 'amtAccepted': 0, 'minimumBidRate': 4.25}, {'securityType': 'Agency', 'amtSubmitted': 0, 'amtAccepted': 0, 'minimumBidRate': 4.25}, {'securityType': 'Mortgage-Backed', 'amtSubmitted': 0, 'amtAccepted': 0, 'minimumBidRate': 4.25}]",,,,0.0,
RP 101625 2,Results,2025-10-16,2025-10-16,2025-10-17,Reverse Repo,Fixed Rate,Same Day,1,Overnight,12:45,13:15,,2025-10-16 13:15:48,,6960000000,6960000000,"[{'securityType': 'Treasury', 'amtSubmitted': 6960000000, 'amtAccepted': 6960000000, 'percentOfferingRate': 4.0, 'percentAwardRate': 4.0}]",11.0,11.0,,6.96,
RP 101725 3,Results,2025-10-17,2025-10-17,2025-10-20,Repo,Multiple Price,Same Day,3,Overnight,13:30,13:45,,2025-10-17 13:45:54,500000000000.0,0,0,"[{'securityType': 'Treasury', 'amtSubmitted': 0, 'amtAccepted': 0, 'minimumBidRate': 4.25}, {'securityType': 'Agency', 'amtSubmitted': 0, 'amtAccepted': 0, 'minimumBidRate': 4.25}, {'securityType': 'Mortgage-Backed', 'amtSubmitted': 0, 'amtAccepted': 0, 'minimumBidRate': 4.25}]",,,,0.0,
RP 101725 2,Results,2025-10-17,2025-10-17,2025-10-20,Reverse Repo,Fixed Rate,Same Day,3,Overnight,12:45,13:15,,2025-10-17 13:15:42,,4102000000,4102000000,"[{'securityType': 'Treasury', 'amtSubmitted': 4102000000, 'amtAccepted': 4102000000, 'percentOfferingRate': 4.0, 'percentAwardRate': 4.0}]",6.0,6.0,,4.102,
RP 101725 1,Results,2025-10-17,2025-10-17,2025-10-20,Repo,Multiple Price,Same Day,3,Overnight,08:15,08:30,"Today's afternoon SRF operation will have an aggregate operation limit of $500.000 billion, which is $500 billion less the amount of total accepted propositions in this morning's SRF operation.",2025-10-17 08:31:04,500000000000.0,0,0,"[{'securityType': 'Treasury', 'amtSubmitted': 0, 'amtAccepted': 0, 'minimumBidRate': 4.25}, {'securityType': 'Agency', 'amtSubmitted': 0, 'amtAccepted': 0, 'minimumBidRate': 4.25}, {'securityType': 'Mortgage-Backed', 'amtSubmitted': 0, 'amtAccepted': 0, 'minimumBidRate': 4.25}]",,,,0.0,
RP 102025 3,Results,2025-10-20,2025-10-20,2025-10-21,Repo,Multiple Price,Same Day,1,Overnight,13:30,13:45,,2025-10-20 13:46:02,499999000000.0,2000000000,2000000000,"[{'securityType': 'Treasury', 'amtSubmitted': 2000000000, 'amtAccepted': 2000000000, 'minimumBidRate': 4.25, 'percentHighRate': 4.25, 'percentLowRate': 4.25, 'percentStopOutRate': 4.25, 'percentWeightedAverageRate': 4.25}, {'securityType': 'Agency', 'amtSubmitted': 0, 'amtAccepted': 0, 'minimumBidRate': 4.25}, {'securityType': 'Mortgage-Backed', 'amtSubmitted': 0, 'amtAccepted': 0, 'minimumBidRate': 4.25}]",,,,2.0,
RP 102025 2,Results,2025-10-20,2025-10-20,2025-10-21,Reverse Repo,Fixed Rate,Same Day,1,Overnight,12:45,13:15,,2025-10-20 13:15:35,,5931000000,5931000000,"[{'securityType': 'Treasury', 'amtSubmitted': 5931000000, 'amtAccepted': 5931000000, 'percentOfferingRate': 4.0, 'percentAwardRate': 4.0}]",9.0,9.0,,5.931,
RP 102025 1,Results,2025-10-20,2025-10-20,2025-10-21,Repo,Multiple Price,Same Day,1,Overnight,08:15,08:30,"Today's afternoon SRF operation will have an aggregate operation limit of $499.999 billion, which is $500 billion less the amount of total accepted propositions in this morning's SRF operation.",2025-10-20 08:30:51,500000000000.0,1000000,1000000,"[{'securityType': 'Treasury', 'amtSubmitted': 1000000, 'amtAccepted': 1000000, 'minimumBidRate': 4.25, 'percentHighRate': 4.25, 'percentLowRate': 4.25, 'percentStopOutRate': 4.25, 'percentWeightedAverageRate': 4.25}, {'securityType': 'Agency', 'amtSubmitted': 0, 'amtAccepted': 0, 'minimumBidRate': 4.25}, {'securityType': 'Mortgage-Backed', 'amtSubmitted': 0, 'amtAccepted': 0, 'minimumBidRate': 4.25}]",,,,0.001,
RP 102125 3,Results,2025-10-21,2025-10-21,2025-10-22,Repo,Multiple Price,Same Day,1,Overnight,13:30,13:45,,2025-10-21 13:45:35,497000000000.0,0,0,"[{'securityType': 'Treasury', 'amtSubmitted': 0, 'amtAccepted': 0, 'minimumBidRate': 4.25}, {'securityType': 'Agency', 'amtSubmitted': 0, 'amtAccepted': 0, 'minimumBidRate': 4.25}, {'securityType': 'Mortgage-Backed', 'amtSubmitted': 0, 'amtAccepted': 0, 'minimumBidRate': 4.25}]",,,,0.0,
RP 102125 2,Results,2025-10-21,2025-10-21,2025-10-22,Reverse Repo,Fixed Rate,Same Day,1,Overnight,12:45,13:15,,2025-10-21 13:15:37,,4699000000,4699000000,"[{'securityType': 'Treasury', 'amtSubmitted': 4699000000, 'amtAccepted': 4699000000, 'percentOfferingRate': 4.0, 'percentAwardRate': 4.0}]",10.0,10.0,,4.699,
RP 102125 1,Results,2025-10-21,2025-10-21,2025-10-22,Repo,Multiple Price,Same Day,1,Overnight,08:15,08:30,"Today's afternoon SRF operation will have an aggregate operation limit of $497.000 billion, which is $500 billion less the amount of total accepted propositions in this morning's SRF operation.",2025-10-21 08:31:42,500000000000.0,3000000000,3000000000,"[{'securityType': 'Treasury', 'amtSubmitted': 3000000000, 'amtAccepted': 3000000000, 'minimumBidRate': 4.25, 'percentHighRate': 4.25, 'percentLowRate': 4.25, 'percentStopOutRate': 4.25, 'percentWeightedAverageRate': 4.25}, {'securityType': 'Agency', 'amtSubmitted': 0, 'amtAccepted': 0, 'minimumBidRate': 4.25}, {'securityType': 'Mortgage-Backed', 'amtSubmitted': 0, 'amtAccepted': 0, 'minimumBidRate': 4.25}]",,,,3.0,
RP 102225 1,Results,2025-10-22,2025-10-22,2025-10-23,Repo,Multiple Price,Same Day,1,Overnight,08:15,08:30,"Today's afternoon SRF operation will have an aggregate operation limit of $499.999 billion, which is $500 billion less the amount of total accepted propositions in this morning's SRF operation.",2025-10-22 08:30:39,500000000000.0,1000000,1000000,"[{'securityType': 'Treasury', 'amtSubmitted': 1000000, 'amtAccepted': 1000000, 'minimumBidRate': 4.25, 'percentHighRate': 4.25, 'percentLowRate': 4.25, 'percentStopOutRate': 4.25, 'percentWeightedAverageRate': 4.25}, {'securityType': 'Agency', 'amtSubmitted': 0, 'amtAccepted': 0, 'minimumBidRate': 4.25}, {'securityType': 'Mortgage-Backed', 'amtSubmitted': 0, 'amtAccepted': 0, 'minimumBidRate': 4.25}]",,,,0.001,
RP 102225 4,Results,2025-10-22,2025-10-22,2025-10-23,Repo,Multiple Price,Same Day,1,Overnight,13:30,13:45,,2025-10-22 13:45:26,499999000000.0,0,0,"[{'securityType': 'Treasury', 'amtSubmitted': 0, 'amtAccepted': 0, 'minimumBidRate': 4.25}, {'securityType': 'Agency', 'amtSubmitted': 0, 'amtAccepted': 0, 'minimumBidRate': 4.25}, {'securityType': 'Mortgage-Backed', 'amtSubmitted': 0, 'amtAccepted': 0, 'minimumBidRate': 4.25}]",,,,0.0,
RP 102225 3,Results,2025-10-22,2025-10-22,2025-10-23,Reverse Repo,Fixed Rate,Same Day,1,Overnight,12:45,13:15,,2025-10-22 13:15:27,,4005000000,4005000000,"[{'securityType': 'Treasury', 'amtSubmitted': 4005000000, 'amtAccepted': 4005000000, 'percentOfferingRate': 4.0, 'percentAwardRate': 4.0}]",8.0,8.0,,4.005,
RP 102325 3,Results,2025-10-23,2025-10-23,2025-10-24,Repo,Multiple Price,Same Day,1,Overnight,13:30,13:45,,2025-10-23 13:45:23,496997000000.0,0,0,"[{'securityType': 'Treasury', 'amtSubmitted': 0, 'amtAccepted': 0, 'minimumBidRate': 4.25}, {'securityType': 'Agency', 'amtSubmitted': 0, 'amtAccepted': 0, 'minimumBidRate': 4.25}, {'securityType': 'Mortgage-Backed', 'amtSubmitted': 0, 'amtAccepted': 0, 'minimumBidRate': 4.25}]",,,,0.0,
RP 102325 2,Results,2025-10-23,2025-10-23,2025-10-24,Reverse Repo,Fixed Rate,Same Day,1,Overnight,12:45,13:15,,2025-10-23 13:15:29,,6941000000,6941000000,"[{'securityType': 'Treasury', 'amtSubmitted': 6941000000, 'amtAccepted': 6941000000, 'percentOfferingRate': 4.0, 'percentAwardRate': 4.0}]",15.0,15.0,,6.941,
RP 102325 1,Results,2025-10-23,2025-10-23,2025-10-24,Repo,Multiple Price,Same Day,1,Overnight,08:15,08:30,"Today's afternoon SRF operation will have an aggregate operation limit of $496.997 billion, which is $500 billion less the amount of total accepted propositions in this morning's SRF operation.",2025-10-23 08:33:10,500000000000.0,3003000000,3003000000,"[{'securityType': 'Treasury', 'amtSubmitted': 3001000000, 'amtAccepted': 3001000000, 'minimumBidRate': 4.25, 'percentHighRate': 4.25, 'percentLowRate': 4.25, 'percentStopOutRate': 4.25, 'percentWeightedAverageRate': 4.25}, {'securityType': 'Agency', 'amtSubmitted': 1000000, 'amtAccepted': 1000000, 'minimumBidRate': 4.25, 'percentHighRate': 4.25, 'percentLowRate': 4.25, 'percentStopOutRate': 4.25, 'percentWeightedAverageRate': 4.25}, {'securityType': 'Mortgage-Backed', 'amtSubmitted': 1000000, 'amtAccepted': 1000000, 'minimumBidRate': 4.25, 'percentHighRate': 4.25, 'percentLowRate': 4.25, 'percentStopOutRate': 4.25, 'percentWeightedAverageRate': 4.25}]",,,,3.003,
RP 102425 3,Results,2025-10-24,2025-10-24,2025-10-27,Repo,Multiple Price,Same Day,3,Overnight,13:30,13:45,,2025-10-24 13:45:32,500000000000.0,0,0,"[{'securityType': 'Treasury', 'amtSubmitted': 0, 'amtAccepted': 0, 'minimumBidRate': 4.25}, {'securityType': 'Agency', 'amtSubmitted': 0, 'amtAccepted': 0, 'minimumBidRate': 4.25}, {'securityType': 'Mortgage-Backed', 'amtSubmitted': 0, 'amtAccepted': 0, 'minimumBidRate': 4.25}]",,,,0.0,
RP 102425 2,Results,2025-10-24,2025-10-24,2025-10-27,Reverse Repo,Fixed Rate,Same Day,3,Overnight,12:45,13:15,,2025-10-24 13:15:27,,2435000000,2435000000,"[{'securityType': 'Treasury', 'amtSubmitted': 2435000000, 'amtAccepted': 2435000000, 'percentOfferingRate': 4.0, 'percentAwardRate': 4.0}]",4.0,4.0,,2.435,
RP 102425 1,Results,2025-10-24,2025-10-24,2025-10-27,Repo,Multiple Price,Same Day,3,Overnight,08:15,08:30,"Today's afternoon SRF operation will have an aggregate operation limit of $500 billion, which is $500 billion less the amount of total accepted propositions in this morning's SRF operation.",2025-10-24 08:30:40,500000000000.0,0,0,"[{'securityType': 'Treasury', 'amtSubmitted': 0, 'amtAccepted': 0, 'minimumBidRate': 4.25}, {'securityType': 'Agency', 'amtSubmitted': 0, 'amtAccepted': 0, 'minimumBidRate': 4.25}, {'securityType': 'Mortgage-Backed', 'amtSubmitted': 0, 'amtAccepted': 0, 'minimumBidRate': 4.25}]",,,,0.0,
RP 102725 1,Results,2025-10-27,2025-10-27,2025-10-28,Repo,Multiple Price,Same Day,1,Overnight,08:15,08:30,"Today's afternoon SRF operation will have an aggregate operation limit of $491.600 billion, which is $500 billion less the amount of total accepted propositions in this morning's SRF operation.",2025-10-27 08:31:42,500000000000.0,8400000000,8400000000,"[{'securityType': 'Treasury', 'amtSubmitted': 3000000000, 'amtAccepted': 3000000000, 'minimumBidRate': 4.25, 'percentHighRate': 4.25, 'percentLowRate': 4.25, 'percentStopOutRate': 4.25, 'percentWeightedAverageRate': 4.25}, {'securityType': 'Agency', 'amtSubmitted': 0, 'amtAccepted': 0, 'minimumBidRate': 4.25}, {'securityType': 'Mortgage-Backed', 'amtSubmitted': 5400000000, 'amtAccepted': 5400000000, 'minimumBidRate': 4.25, 'percentHighRate': 4.25, 'percentLowRate': 4.25, 'percentStopOutRate': 4.25, 'percentWeightedAverageRate': 4.25}]",,,,8.4,
