operationId,operationDate,operationType,note,totalAmtAccepted,propositions
RP 110725 2,2025-11-07,Reverse Repo,,4903000000,
RP 110625 2,2025-11-06,Reverse Repo,,10754000000,
RP 110525 2,2025-11-05,Reverse Repo,,12700000000,
RP 110525 26,2025-11-05,Reverse Repo,"<p>This operation is a Small Value Exercise (SVE); the daily ON RRP operation will still take place at its regularly scheduled time, 12:45pm ET.</p>",114000000,
RP 110425 2,2025-11-04,Reverse Repo,,16983000000,
RP 110325 2,2025-11-03,Reverse Repo,,23792000000,
RP 103125 2,2025-10-31,Reverse Repo,,51802000000,
RP 103025 2,2025-10-30,Reverse Repo,,19166000000,
RP 102925 2,2025-10-29,Reverse Repo,,19504000000,
RP 102825 2,2025-10-28,Reverse Repo,,14096000000,
RP 102725 2,2025-10-27,Reverse Repo,,10642000000,
RP 102425 2,2025-10-24,Reverse Repo,,2435000000,
RP 102325 2,2025-10-23,Reverse Repo,,6941000000,
RP 102225 3,2025-10-22,Reverse Repo,,4005000000,
RP 102125 2,2025-10-21,Reverse Repo,,4699000000,
RP 102025 2,2025-10-20,Reverse Repo,,5931000000,
RP 101725 2,2025-10-17,Reverse Repo,,4102000000,
RP 101625 2,2025-10-16,Reverse Repo,,6960000000,
RP 101525 4,2025-10-15,Reverse Repo,,5484000000,
RP 101425 2,2025-10-14,Reverse Repo,,3516000000,
RP 101025 2,2025-10-10,Reverse Repo,,4124000000,
RP 100925 2,2025-10-09,Reverse Repo,,4496000000,
RP 100825 2,2025-10-08,Reverse Repo,,5231000000,
RP 100725 2,2025-10-07,Reverse Repo,,4622000000,
RP 100625 2,2025-10-06,Reverse Repo,,21776000000,
RP 100325 2,2025-10-03,Reverse Repo,,25392000000,
RP 100225 2,2025-10-02,Reverse Repo,,8436000000,
RP 100125 2,2025-10-01,Reverse Repo,,10179000000,
RP 093025 2,2025-09-30,Reverse Repo,,49071000000,"[{'counterpartyType': 'bank', 'amtAccepted': 0}, {'counterpartyType': 'gse', 'amtAccepted': 27025000000}, {'counterpartyType': 'mmf', 'amtAccepted': 22046000000}, {'counterpartyType': 'pd', 'amtAccepted': 0}]"
RP 092925 2,2025-09-29,Reverse Repo,,56220000000,"[{'counterpartyType': 'bank', 'amtAccepted': 0}, {'counterpartyType': 'gse', 'amtAccepted': 3135000000}, {'counterpartyType': 'mmf', 'amtAccepted': 53085000000}, {'counterpartyType': 'pd', 'amtAccepted': 0}]"
RP 092625 2,2025-09-26,Reverse Repo,,48073000000,"[{'counterpartyType': 'bank', 'amtAccepted': 0}, {'counterpartyType': 'gse', 'amtAccepted': 3870000000}, {'counterpartyType': 'mmf', 'amtAccepted': 44203000000}, {'counterpartyType': 'pd', 'amtAccepted': 0}]"
RP 092525 2,2025-09-25,Reverse Repo,,25369000000,"[{'counterpartyType': 'bank', 'amtAccepted': 0}, {'counterpartyType': 'gse', 'amtAccepted': 4610000000}, {'counterpartyType': 'mmf', 'amtAccepted': 20759000000}, {'counterpartyType': 'pd', 'amtAccepted': 0}]"
RP 092425 2,2025-09-24,Reverse Repo,,29172000000,"[{'counterpartyType': 'bank', 'amtAccepted': 0}, {'counterpartyType': 'gse', 'amtAccepted': 3735000000}, {'counterpartyType': 'mmf', 'amtAccepted': 25437000000}, {'counterpartyType': 'pd', 'amtAccepted': 0}]"
RP 092325 2,2025-09-23,Reverse Repo,,14402000000,"[{'counterpartyType': 'bank', 'amtAccepted': 0}, {'counterpartyType': 'gse', 'amtAccepted': 2905000000}, {'counterpartyType': 'mmf', 'amtAccepted': 11497000000}, {'counterpartyType': 'pd', 'amtAccepted': 0}]"
RP 092225 2,2025-09-22,Reverse Repo,,14173000000,"[{'counterpartyType': 'bank', 'amtAccepted': 0}, {'counterpartyType': 'gse', 'amtAccepted': 2990000000}, {'counterpartyType': 'mmf', 'amtAccepted': 11183000000}, {'counterpartyType': 'pd', 'amtAccepted': 0}]"
RP 091925 2,2025-09-19,Reverse Repo,,11363000000,"[{'counterpartyType': 'bank', 'amtAccepted': 0}, {'counterpartyType': 'gse', 'amtAccepted': 2720000000}, {'counterpartyType': 'mmf', 'amtAccepted': 8643000000}, {'counterpartyType': 'pd', 'amtAccepted': 0}]"
RP 091825 2,2025-09-18,Reverse Repo,,13707000000,"[{'counterpartyType': 'bank', 'amtAccepted': 0}, {'counterpartyType': 'gse', 'amtAccepted': 2995000000}, {'counterpartyType': 'mmf', 'amtAccepted': 10712000000}, {'counterpartyType': 'pd', 'amtAccepted': 0}]"
RP 091725 2,2025-09-17,Reverse Repo,,13963000000,"[{'counterpartyType': 'bank', 'amtAccepted': 1000000}, {'counterpartyType': 'gse', 'amtAccepted': 3595000000}, {'counterpartyType': 'mmf', 'amtAccepted': 10367000000}, {'counterpartyType': 'pd', 'amtAccepted': 0}]"
RP 091625 2,2025-09-16,Reverse Repo,,18817000000,"[{'counterpartyType': 'bank', 'amtAccepted': 0}, {'counterpartyType': 'gse', 'amtAccepted': 3755000000}, {'counterpartyType': 'mmf', 'amtAccepted': 15062000000}, {'counterpartyType': 'pd', 'amtAccepted': 0}]"
RP 091525 2,2025-09-15,Reverse Repo,,16954000000,"[{'counterpartyType': 'bank', 'amtAccepted': 0}, {'counterpartyType': 'gse', 'amtAccepted': 3775000000}, {'counterpartyType': 'mmf', 'amtAccepted': 13179000000}, {'counterpartyType': 'pd', 'amtAccepted': 0}]"
RP 091225 2,2025-09-12,Reverse Repo,,17331000000,"[{'counterpartyType': 'bank', 'amtAccepted': 0}, {'counterpartyType': 'gse', 'amtAccepted': 3700000000}, {'counterpartyType': 'mmf', 'amtAccepted': 13630000000}, {'counterpartyType': 'pd', 'amtAccepted': 1000000}]"
RP 091125 2,2025-09-11,Reverse Repo,,26897000000,"[{'counterpartyType': 'bank', 'amtAccepted': 0}, {'counterpartyType': 'gse', 'amtAccepted': 3875000000}, {'counterpartyType': 'mmf', 'amtAccepted': 23022000000}, {'counterpartyType': 'pd', 'amtAccepted': 0}]"
RP 091025 2,2025-09-10,Reverse Repo,,29400000000,"[{'counterpartyType': 'bank', 'amtAccepted': 0}, {'counterpartyType': 'gse', 'amtAccepted': 3535000000}, {'counterpartyType': 'mmf', 'amtAccepted': 25864000000}, {'counterpartyType': 'pd', 'amtAccepted': 1000000}]"
RP 090925 2,2025-09-09,Reverse Repo,,22915000000,"[{'counterpartyType': 'bank', 'amtAccepted': 0}, {'counterpartyType': 'gse', 'amtAccepted': 3055000000}, {'counterpartyType': 'mmf', 'amtAccepted': 19860000000}, {'counterpartyType': 'pd', 'amtAccepted': 0}]"
RP 090825 2,2025-09-08,Reverse Repo,,19416000000,"[{'counterpartyType': 'bank', 'amtAccepted': 1000000}, {'counterpartyType': 'gse', 'amtAccepted': 2675000000}, {'counterpartyType': 'mmf', 'amtAccepted': 16740000000}, {'counterpartyType': 'pd', 'amtAccepted': 0}]"
RP 090525 2,2025-09-05,Reverse Repo,,20997000000,"[{'counterpartyType': 'bank', 'amtAccepted': 0}, {'counterpartyType': 'gse', 'amtAccepted': 2675000000}, {'counterpartyType': 'mmf', 'amtAccepted': 18322000000}, {'counterpartyType': 'pd', 'amtAccepted': 0}]"
RP 090425 2,2025-09-04,Reverse Repo,,20128000000,"[{'counterpartyType': 'bank', 'amtAccepted': 0}, {'counterpartyType': 'gse', 'amtAccepted': 3340000000}, {'counterpartyType': 'mmf', 'amtAccepted': 16788000000}, {'counterpartyType': 'pd', 'amtAccepted': 0}]"
RP 090325 2,2025-09-03,Reverse Repo,,17923000000,"[{'counterpartyType': 'bank', 'amtAccepted': 0}, {'counterpartyType': 'gse', 'amtAccepted': 3525000000}, {'counterpartyType': 'mmf', 'amtAccepted': 14398000000}, {'counterpartyType': 'pd', 'amtAccepted': 0}]"
RP 090225 2,2025-09-02,Reverse Repo,,21066000000,"[{'counterpartyType': 'bank', 'amtAccepted': 0}, {'counterpartyType': 'gse', 'amtAccepted': 3490000000}, {'counterpartyType': 'mmf', 'amtAccepted': 17576000000}, {'counterpartyType': 'pd', 'amtAccepted': 0}]"
RP 082925 2,2025-08-29,Reverse Repo,,77898000000,"[{'counterpartyType': 'bank', 'amtAccepted': 0}, {'counterpartyType': 'gse', 'amtAccepted': 22925000000}, {'counterpartyType': 'mmf', 'amtAccepted': 54973000000}, {'counterpartyType': 'pd', 'amtAccepted': 0}]"
RP 082825 2,2025-08-28,Reverse Repo,,31966000000,"[{'counterpartyType': 'bank', 'amtAccepted': 0}, {'counterpartyType': 'gse', 'amtAccepted': 2525000000}, {'counterpartyType': 'mmf', 'amtAccepted': 29440000000}, {'counterpartyType': 'pd', 'amtAccepted': 1000000}]"
RP 082725 2,2025-08-27,Reverse Repo,,34744000000,"[{'counterpartyType': 'bank', 'amtAccepted': 0}, {'counterpartyType': 'gse', 'amtAccepted': 2550000000}, {'counterpartyType': 'mmf', 'amtAccepted': 32194000000}, {'counterpartyType': 'pd', 'amtAccepted': 0}]"
RP 082625 2,2025-08-26,Reverse Repo,,28574000000,"[{'counterpartyType': 'bank', 'amtAccepted': 0}, {'counterpartyType': 'gse', 'amtAccepted': 3035000000}, {'counterpartyType': 'mmf', 'amtAccepted': 25539000000}, {'counterpartyType': 'pd', 'amtAccepted': 0}]"
RP 082525 2,2025-08-25,Reverse Repo,,47567000000,"[{'counterpartyType': 'bank', 'amtAccepted': 0}, {'counterpartyType': 'gse', 'amtAccepted': 2900000000}, {'counterpartyType': 'mmf', 'amtAccepted': 44667000000}, {'counterpartyType': 'pd', 'amtAccepted': 0}]"
RP 082225 2,2025-08-22,Reverse Repo,,36275000000,"[{'counterpartyType': 'bank', 'amtAccepted': 0}, {'counterpartyType': 'gse', 'amtAccepted': 3025000000}, {'counterpartyType': 'mmf', 'amtAccepted': 33250000000}, {'counterpartyType': 'pd', 'amtAccepted': 0}]"
RP 082125 3,2025-08-21,Reverse Repo,,25358000000,"[{'counterpartyType': 'bank', 'amtAccepted': 0}, {'counterpartyType': 'gse', 'amtAccepted': 3250000000}, {'counterpartyType': 'mmf', 'amtAccepted': 22108000000}, {'counterpartyType': 'pd', 'amtAccepted': 0}]"
RP 082025 2,2025-08-20,Reverse Repo,,34999000000,"[{'counterpartyType': 'bank', 'amtAccepted': 0}, {'counterpartyType': 'gse', 'amtAccepted': 3675000000}, {'counterpartyType': 'mmf', 'amtAccepted': 31323000000}, {'counterpartyType': 'pd', 'amtAccepted': 1000000}]"
RP 081925 2,2025-08-19,Reverse Repo,,22344000000,"[{'counterpartyType': 'bank', 'amtAccepted': 0}, {'counterpartyType': 'gse', 'amtAccepted': 3625000000}, {'counterpartyType': 'mmf', 'amtAccepted': 18719000000}, {'counterpartyType': 'pd', 'amtAccepted': 0}]"
RP 081825 2,2025-08-18,Reverse Repo,,38240000000,"[{'counterpartyType': 'bank', 'amtAccepted': 0}, {'counterpartyType': 'gse', 'amtAccepted': 3075000000}, {'counterpartyType': 'mmf', 'amtAccepted': 35165000000}, {'counterpartyType': 'pd', 'amtAccepted': 0}]"
RP 081525 2,2025-08-15,Reverse Repo,,33757000000,"[{'counterpartyType': 'bank', 'amtAccepted': 0}, {'counterpartyType': 'gse', 'amtAccepted': 2330000000}, {'counterpartyType': 'mmf', 'amtAccepted': 31427000000}, {'counterpartyType': 'pd', 'amtAccepted': 0}]"
RP 081425 2,2025-08-14,Reverse Repo,,28818000000,"[{'counterpartyType': 'bank', 'amtAccepted': 0}, {'counterpartyType': 'gse', 'amtAccepted': 2225000000}, {'counterpartyType': 'mmf', 'amtAccepted': 26593000000}, {'counterpartyType': 'pd', 'amtAccepted': 0}]"
RP 081325 2,2025-08-13,Reverse Repo,,57202000000,"[{'counterpartyType': 'bank', 'amtAccepted': 5000000}, {'counterpartyType': 'gse', 'amtAccepted': 2800000000}, {'counterpartyType': 'mmf', 'amtAccepted': 54397000000}, {'counterpartyType': 'pd', 'amtAccepted': 0}]"
RP 081225 2,2025-08-12,Reverse Repo,,57492000000,"[{'counterpartyType': 'bank', 'amtAccepted': 0}, {'counterpartyType': 'gse', 'amtAccepted': 3140000000}, {'counterpartyType': 'mmf', 'amtAccepted': 54352000000}, {'counterpartyType': 'pd', 'amtAccepted': 0}]"
RP 081125 2,2025-08-11,Reverse Repo,,82214000000,"[{'counterpartyType': 'bank', 'amtAccepted': 1000000}, {'counterpartyType': 'gse', 'amtAccepted': 3950000000}, {'counterpartyType': 'mmf', 'amtAccepted': 78263000000}, {'counterpartyType': 'pd', 'amtAccepted': 0}]"
RP 080825 2,2025-08-08,Reverse Repo,,80303000000,"[{'counterpartyType': 'bank', 'amtAccepted': 0}, {'counterpartyType': 'gse', 'amtAccepted': 3450000000}, {'counterpartyType': 'mmf', 'amtAccepted': 76853000000}, {'counterpartyType': 'pd', 'amtAccepted': 0}]"
RP 080725 2,2025-08-07,Reverse Repo,,77961000000,"[{'counterpartyType': 'bank', 'amtAccepted': 0}, {'counterpartyType': 'gse', 'amtAccepted': 3640000000}, {'counterpartyType': 'mmf', 'amtAccepted': 74320000000}, {'counterpartyType': 'pd', 'amtAccepted': 1000000}]"
RP 080625 2,2025-08-06,Reverse Repo,,91966000000,"[{'counterpartyType': 'bank', 'amtAccepted': 0}, {'counterpartyType': 'gse', 'amtAccepted': 4190000000}, {'counterpartyType': 'mmf', 'amtAccepted': 87776000000}, {'counterpartyType': 'pd', 'amtAccepted': 0}]"
RP 080525 2,2025-08-05,Reverse Repo,,84356000000,"[{'counterpartyType': 'bank', 'amtAccepted': 0}, {'counterpartyType': 'gse', 'amtAccepted': 3715000000}, {'counterpartyType': 'mmf', 'amtAccepted': 80641000000}, {'counterpartyType': 'pd', 'amtAccepted': 0}]"
RP 080425 2,2025-08-04,Reverse Repo,,125730000000,"[{'counterpartyType': 'bank', 'amtAccepted': 1000000}, {'counterpartyType': 'gse', 'amtAccepted': 3980000000}, {'counterpartyType': 'mmf', 'amtAccepted': 121749000000}, {'counterpartyType': 'pd', 'amtAccepted': 0}]"
RP 080125 2,2025-08-01,Reverse Repo,,97426000000,"[{'counterpartyType': 'bank', 'amtAccepted': 0}, {'counterpartyType': 'gse', 'amtAccepted': 3190000000}, {'counterpartyType': 'mmf', 'amtAccepted': 94236000000}, {'counterpartyType': 'pd', 'amtAccepted': 0}]"
RP 073125 2,2025-07-31,Reverse Repo,,214445000000,"[{'counterpartyType': 'bank', 'amtAccepted': 0}, {'counterpartyType': 'gse', 'amtAccepted': 34335000000}, {'counterpartyType': 'mmf', 'amtAccepted': 180110000000}, {'counterpartyType': 'pd', 'amtAccepted': 0}]"
RP 073025 2,2025-07-30,Reverse Repo,,155481000000,"[{'counterpartyType': 'bank', 'amtAccepted': 0}, {'counterpartyType': 'gse', 'amtAccepted': 4425000000}, {'counterpartyType': 'mmf', 'amtAccepted': 151056000000}, {'counterpartyType': 'pd', 'amtAccepted': 0}]"
RP 072925 2,2025-07-29,Reverse Repo,,171018000000,"[{'counterpartyType': 'bank', 'amtAccepted': 1000000}, {'counterpartyType': 'gse', 'amtAccepted': 2825000000}, {'counterpartyType': 'mmf', 'amtAccepted': 168192000000}, {'counterpartyType': 'pd', 'amtAccepted': 0}]"
RP 072825 2,2025-07-28,Reverse Repo,,170463000000,"[{'counterpartyType': 'bank', 'amtAccepted': 1000000}, {'counterpartyType': 'gse', 'amtAccepted': 4255000000}, {'counterpartyType': 'mmf', 'amtAccepted': 165007000000}, {'counterpartyType': 'pd', 'amtAccepted': 1200000000}]"
RP 072525 2,2025-07-25,Reverse Repo,,150509000000,"[{'counterpartyType': 'bank', 'amtAccepted': 0}, {'counterpartyType': 'gse', 'amtAccepted': 2550000000}, {'counterpartyType': 'mmf', 'amtAccepted': 147959000000}, {'counterpartyType': 'pd', 'amtAccepted': 0}]"
RP 072425 2,2025-07-24,Reverse Repo,,132186000000,"[{'counterpartyType': 'bank', 'amtAccepted': 0}, {'counterpartyType': 'gse', 'amtAccepted': 3980000000}, {'counterpartyType': 'mmf', 'amtAccepted': 128206000000}, {'counterpartyType': 'pd', 'amtAccepted': 0}]"
RP 072325 2,2025-07-23,Reverse Repo,,189632000000,"[{'counterpartyType': 'bank', 'amtAccepted': 0}, {'counterpartyType': 'gse', 'amtAccepted': 3350000000}, {'counterpartyType': 'mmf', 'amtAccepted': 186282000000}, {'counterpartyType': 'pd', 'amtAccepted': 0}]"
RP 072225 2,2025-07-22,Reverse Repo,,196374000000,"[{'counterpartyType': 'bank', 'amtAccepted': 1000000}, {'counterpartyType': 'gse', 'amtAccepted': 2650000000}, {'counterpartyType': 'mmf', 'amtAccepted': 193723000000}, {'counterpartyType': 'pd', 'amtAccepted': 0}]"
RP 072125 2,2025-07-21,Reverse Repo,,213666000000,"[{'counterpartyType': 'bank', 'amtAccepted': 0}, {'counterpartyType': 'gse', 'amtAccepted': 2450000000}, {'counterpartyType': 'mmf', 'amtAccepted': 211216000000}, {'counterpartyType': 'pd', 'amtAccepted': 0}]"
RP 071825 2,2025-07-18,Reverse Repo,,199298000000,"[{'counterpartyType': 'bank', 'amtAccepted': 0}, {'counterpartyType': 'gse', 'amtAccepted': 4531000000}, {'counterpartyType': 'mmf', 'amtAccepted': 194767000000}, {'counterpartyType': 'pd', 'amtAccepted': 0}]"
RP 071725 2,2025-07-17,Reverse Repo,,193660000000,"[{'counterpartyType': 'bank', 'amtAccepted': 0}, {'counterpartyType': 'gse', 'amtAccepted': 3000000000}, {'counterpartyType': 'mmf', 'amtAccepted': 190659000000}, {'counterpartyType': 'pd', 'amtAccepted': 1000000}]"
RP 071625 2,2025-07-16,Reverse Repo,,197086000000,"[{'counterpartyType': 'bank', 'amtAccepted': 0}, {'counterpartyType': 'gse', 'amtAccepted': 3275000000}, {'counterpartyType': 'mmf', 'amtAccepted': 193811000000}, {'counterpartyType': 'pd', 'amtAccepted': 0}]"
RP 071525 2,2025-07-15,Reverse Repo,,198277000000,"[{'counterpartyType': 'bank', 'amtAccepted': 0}, {'counterpartyType': 'gse', 'amtAccepted': 4175000000}, {'counterpartyType': 'mmf', 'amtAccepted': 194102000000}, {'counterpartyType': 'pd', 'amtAccepted': 0}]"
RP 071425 2,2025-07-14,Reverse Repo,,217841000000,"[{'counterpartyType': 'bank', 'amtAccepted': 1000000}, {'counterpartyType': 'gse', 'amtAccepted': 4175000000}, {'counterpartyType': 'mmf', 'amtAccepted': 213614000000}, {'counterpartyType': 'pd', 'amtAccepted': 51000000}]"
RP 071125 2,2025-07-11,Reverse Repo,,181637000000,"[{'counterpartyType': 'bank', 'amtAccepted': 0}, {'counterpartyType': 'gse', 'amtAccepted': 5000000000}, {'counterpartyType': 'mmf', 'amtAccepted': 176637000000}, {'counterpartyType': 'pd', 'amtAccepted': 0}]"
RP 071025 2,2025-07-10,Reverse Repo,,183339000000,"[{'counterpartyType': 'bank', 'amtAccepted': 0}, {'counterpartyType': 'gse', 'amtAccepted': 4300000000}, {'counterpartyType': 'mmf', 'amtAccepted': 179039000000}, {'counterpartyType': 'pd', 'amtAccepted': 0}]"
RP 070925 2,2025-07-09,Reverse Repo,,227273000000,"[{'counterpartyType': 'bank', 'amtAccepted': 0}, {'counterpartyType': 'gse', 'amtAccepted': 3800000000}, {'counterpartyType': 'mmf', 'amtAccepted': 223472000000}, {'counterpartyType': 'pd', 'amtAccepted': 1000000}]"
RP 070825 2,2025-07-08,Reverse Repo,,219415000000,"[{'counterpartyType': 'bank', 'amtAccepted': 0}, {'counterpartyType': 'gse', 'amtAccepted': 3160000000}, {'counterpartyType': 'mmf', 'amtAccepted': 216255000000}, {'counterpartyType': 'pd', 'amtAccepted': 0}]"
RP 070725 2,2025-07-07,Reverse Repo,,218030000000,"[{'counterpartyType': 'bank', 'amtAccepted': 0}, {'counterpartyType': 'gse', 'amtAccepted': 2730000000}, {'counterpartyType': 'mmf', 'amtAccepted': 215300000000}, {'counterpartyType': 'pd', 'amtAccepted': 0}]"
RP 070325 2,2025-07-03,Reverse Repo,,214665000000,"[{'counterpartyType': 'bank', 'amtAccepted': 0}, {'counterpartyType': 'gse', 'amtAccepted': 2650000000}, {'counterpartyType': 'mmf', 'amtAccepted': 212015000000}, {'counterpartyType': 'pd', 'amtAccepted': 0}]"
RP 070225 2,2025-07-02,Reverse Repo,,237307000000,"[{'counterpartyType': 'bank', 'amtAccepted': 0}, {'counterpartyType': 'gse', 'amtAccepted': 2800000000}, {'counterpartyType': 'mmf', 'amtAccepted': 234507000000}, {'counterpartyType': 'pd', 'amtAccepted': 0}]"
RP 070125 2,2025-07-01,Reverse Repo,,245530000000,"[{'counterpartyType': 'bank', 'amtAccepted': 0}, {'counterpartyType': 'gse', 'amtAccepted': 2600000000}, {'counterpartyType': 'mmf', 'amtAccepted': 242930000000}, {'counterpartyType': 'pd', 'amtAccepted': 0}]"
RP 063025 2,2025-06-30,Reverse Repo,,460731000000,"[{'counterpartyType': 'bank', 'amtAccepted': 0}, {'counterpartyType': 'gse', 'amtAccepted': 71375000000}, {'counterpartyType': 'mmf', 'amtAccepted': 389356000000}, {'counterpartyType': 'pd', 'amtAccepted': 0}]"
RP 062725 2,2025-06-27,Reverse Repo,,285742000000,"[{'counterpartyType': 'bank', 'amtAccepted': 0}, {'counterpartyType': 'gse', 'amtAccepted': 7515000000}, {'counterpartyType': 'mmf', 'amtAccepted': 278227000000}, {'counterpartyType': 'pd', 'amtAccepted': 0}]"
RP 062625 2,2025-06-26,Reverse Repo,,252432000000,"[{'counterpartyType': 'bank', 'amtAccepted': 0}, {'counterpartyType': 'gse', 'amtAccepted': 5575000000}, {'counterpartyType': 'mmf', 'amtAccepted': 246857000000}, {'counterpartyType': 'pd', 'amtAccepted': 0}]"
RP 062525 1,2025-06-25,Reverse Repo,,210879000000,"[{'counterpartyType': 'bank', 'amtAccepted': 0}, {'counterpartyType': 'gse', 'amtAccepted': 3050000000}, {'counterpartyType': 'mmf', 'amtAccepted': 207829000000}, {'counterpartyType': 'pd', 'amtAccepted': 0}]"
RP 062425 1,2025-06-24,Reverse Repo,,187367000000,"[{'counterpartyType': 'bank', 'amtAccepted': 0}, {'counterpartyType': 'gse', 'amtAccepted': 3130000000}, {'counterpartyType': 'mmf', 'amtAccepted': 184236000000}, {'counterpartyType': 'pd', 'amtAccepted': 1000000}]"
RP 062325 1,2025-06-23,Reverse Repo,,165319000000,"[{'counterpartyType': 'bank', 'amtAccepted': 0}, {'counterpartyType': 'gse', 'amtAccepted': 950000000}, {'counterpartyType': 'mmf', 'amtAccepted': 164369000000}, {'counterpartyType': 'pd', 'amtAccepted': 0}]"
RP 062025 1,2025-06-20,Reverse Repo,,138283000000,"[{'counterpartyType': 'bank', 'amtAccepted': 0}, {'counterpartyType': 'gse', 'amtAccepted': 2275000000}, {'counterpartyType': 'mmf', 'amtAccepted': 136008000000}, {'counterpartyType': 'pd', 'amtAccepted': 0}]"
RP 061825 1,2025-06-18,Reverse Repo,,205050000000,"[{'counterpartyType': 'bank', 'amtAccepted': 1000000}, {'counterpartyType': 'gse', 'amtAccepted': 2650000000}, {'counterpartyType': 'mmf', 'amtAccepted': 202399000000}, {'counterpartyType': 'pd', 'amtAccepted': 0}]"
RP 061725 1,2025-06-17,Reverse Repo,,168939000000,"[{'counterpartyType': 'bank', 'amtAccepted': 0}, {'counterpartyType': 'gse', 'amtAccepted': 2525000000}, {'counterpartyType': 'mmf', 'amtAccepted': 166414000000}, {'counterpartyType': 'pd', 'amtAccepted': 0}]"
RP 061625 1,2025-06-16,Reverse Repo,,140759000000,"[{'counterpartyType': 'bank', 'amtAccepted': 0}, {'counterpartyType': 'gse', 'amtAccepted': 2645000000}, {'counterpartyType': 'mmf', 'amtAccepted': 138114000000}, {'counterpartyType': 'pd', 'amtAccepted': 0}]"
RP 061325 1,2025-06-13,Reverse Repo,,168645000000,"[{'counterpartyType': 'bank', 'amtAccepted': 0}, {'counterpartyType': 'gse', 'amtAccepted': 2975000000}, {'counterpartyType': 'mmf', 'amtAccepted': 165670000000}, {'counterpartyType': 'pd', 'amtAccepted': 0}]"
RP 061225 1,2025-06-12,Reverse Repo,,181417000000,"[{'counterpartyType': 'bank', 'amtAccepted': 2000000}, {'counterpartyType': 'gse', 'amtAccepted': 3375000000}, {'counterpartyType': 'mmf', 'amtAccepted': 178039000000}, {'counterpartyType': 'pd', 'amtAccepted': 1000000}]"
RP 061125 1,2025-06-11,Reverse Repo,,204625000000,"[{'counterpartyType': 'bank', 'amtAccepted': 0}, {'counterpartyType': 'gse', 'amtAccepted': 2625000000}, {'counterpartyType': 'mmf', 'amtAccepted': 201499000000}, {'counterpartyType': 'pd', 'amtAccepted': 501000000}]"
RP 061025 1,2025-06-10,Reverse Repo,,182725000000,"[{'counterpartyType': 'bank', 'amtAccepted': 0}, {'counterpartyType': 'gse', 'amtAccepted': 2820000000}, {'counterpartyType': 'mmf', 'amtAccepted': 179905000000}, {'counterpartyType': 'pd', 'amtAccepted': 0}]"
RP 060925 1,2025-06-09,Reverse Repo,,179315000000,"[{'counterpartyType': 'bank', 'amtAccepted': 1000000}, {'counterpartyType': 'gse', 'amtAccepted': 3045000000}, {'counterpartyType': 'mmf', 'amtAccepted': 176268000000}, {'counterpartyType': 'pd', 'amtAccepted': 1000000}]"
RP 060625 1,2025-06-06,Reverse Repo,,149284000000,"[{'counterpartyType': 'bank', 'amtAccepted': 0}, {'counterpartyType': 'gse', 'amtAccepted': 2955000000}, {'counterpartyType': 'mmf', 'amtAccepted': 146329000000}, {'counterpartyType': 'pd', 'amtAccepted': 0}]"
RP 060525 1,2025-06-05,Reverse Repo,,152727000000,"[{'counterpartyType': 'bank', 'amtAccepted': 0}, {'counterpartyType': 'gse', 'amtAccepted': 3035000000}, {'counterpartyType': 'mmf', 'amtAccepted': 149691000000}, {'counterpartyType': 'pd', 'amtAccepted': 1000000}]"
RP 060425 1,2025-06-04,Reverse Repo,,168882000000,"[{'counterpartyType': 'bank', 'amtAccepted': 1000000}, {'counterpartyType': 'gse', 'amtAccepted': 3400000000}, {'counterpartyType': 'mmf', 'amtAccepted': 165481000000}, {'counterpartyType': 'pd', 'amtAccepted': 0}]"
RP 060325 1,2025-06-03,Reverse Repo,,153177000000,"[{'counterpartyType': 'bank', 'amtAccepted': 0}, {'counterpartyType': 'gse', 'amtAccepted': 4000000000}, {'counterpartyType': 'mmf', 'amtAccepted': 149177000000}, {'counterpartyType': 'pd', 'amtAccepted': 0}]"
RP 060225 1,2025-06-02,Reverse Repo,,135841000000,"[{'counterpartyType': 'bank', 'amtAccepted': 0}, {'counterpartyType': 'gse', 'amtAccepted': 2775000000}, {'counterpartyType': 'mmf', 'amtAccepted': 133066000000}, {'counterpartyType': 'pd', 'amtAccepted': 0}]"
RP 053025 1,2025-05-30,Reverse Repo,,315657000000,"[{'counterpartyType': 'bank', 'amtAccepted': 0}, {'counterpartyType': 'gse', 'amtAccepted': 33350000000}, {'counterpartyType': 'mmf', 'amtAccepted': 281807000000}, {'counterpartyType': 'pd', 'amtAccepted': 500000000}]"
RP 052925 1,2025-05-29,Reverse Repo,,165660000000,"[{'counterpartyType': 'bank', 'amtAccepted': 0}, {'counterpartyType': 'gse', 'amtAccepted': 5450000000}, {'counterpartyType': 'mmf', 'amtAccepted': 160210000000}, {'counterpartyType': 'pd', 'amtAccepted': 0}]"
RP 052825 1,2025-05-28,Reverse Repo,,173641000000,"[{'counterpartyType': 'bank', 'amtAccepted': 1000000}, {'counterpartyType': 'gse', 'amtAccepted': 2575000000}, {'counterpartyType': 'mmf', 'amtAccepted': 171064000000}, {'counterpartyType': 'pd', 'amtAccepted': 1000000}]"
RP 052725 1,2025-05-27,Reverse Repo,,138066000000,"[{'counterpartyType': 'bank', 'amtAccepted': 0}, {'counterpartyType': 'gse', 'amtAccepted': 2575000000}, {'counterpartyType': 'mmf', 'amtAccepted': 135491000000}, {'counterpartyType': 'pd', 'amtAccepted': 0}]"
RP 052325 1,2025-05-23,Reverse Repo,,154841000000,"[{'counterpartyType': 'bank', 'amtAccepted': 0}, {'counterpartyType': 'gse', 'amtAccepted': 2125000000}, {'counterpartyType': 'mmf', 'amtAccepted': 152616000000}, {'counterpartyType': 'pd', 'amtAccepted': 100000000}]"
RP 052225 1,2025-05-22,Reverse Repo,,173018000000,"[{'counterpartyType': 'bank', 'amtAccepted': 0}, {'counterpartyType': 'gse', 'amtAccepted': 3300000000}, {'counterpartyType': 'mmf', 'amtAccepted': 169718000000}, {'counterpartyType': 'pd', 'amtAccepted': 0}]"
RP 052125 1,2025-05-21,Reverse Repo,,162802000000,"[{'counterpartyType': 'bank', 'amtAccepted': 0}, {'counterpartyType': 'gse', 'amtAccepted': 6500000000}, {'counterpartyType': 'mmf', 'amtAccepted': 156302000000}, {'counterpartyType': 'pd', 'amtAccepted': 0}]"
RP 052025 1,2025-05-20,Reverse Repo,,136033000000,"[{'counterpartyType': 'bank', 'amtAccepted': 0}, {'counterpartyType': 'gse', 'amtAccepted': 5450000000}, {'counterpartyType': 'mmf', 'amtAccepted': 130583000000}, {'counterpartyType': 'pd', 'amtAccepted': 0}]"
RP 051925 1,2025-05-19,Reverse Repo,,180417000000,"[{'counterpartyType': 'bank', 'amtAccepted': 1000000}, {'counterpartyType': 'gse', 'amtAccepted': 9400000000}, {'counterpartyType': 'mmf', 'amtAccepted': 171016000000}, {'counterpartyType': 'pd', 'amtAccepted': 0}]"
RP 051625 1,2025-05-16,Reverse Repo,,136799000000,"[{'counterpartyType': 'bank', 'amtAccepted': 0}, {'counterpartyType': 'gse', 'amtAccepted': 2750000000}, {'counterpartyType': 'mmf', 'amtAccepted': 134049000000}, {'counterpartyType': 'pd', 'amtAccepted': 0}]"
RP 051525 1,2025-05-15,Reverse Repo,,109436000000,"[{'counterpartyType': 'bank', 'amtAccepted': 1000000}, {'counterpartyType': 'gse', 'amtAccepted': 2775000000}, {'counterpartyType': 'mmf', 'amtAccepted': 106659000000}, {'counterpartyType': 'pd', 'amtAccepted': 1000000}]"
RP 051425 1,2025-05-14,Reverse Repo,,165024000000,"[{'counterpartyType': 'bank', 'amtAccepted': 1000000}, {'counterpartyType': 'gse', 'amtAccepted': 5650000000}, {'counterpartyType': 'mmf', 'amtAccepted': 159373000000}, {'counterpartyType': 'pd', 'amtAccepted': 0}]"
RP 051325 1,2025-05-13,Reverse Repo,,144214000000,"[{'counterpartyType': 'bank', 'amtAccepted': 1000000}, {'counterpartyType': 'gse', 'amtAccepted': 3210000000}, {'counterpartyType': 'mmf', 'amtAccepted': 141003000000}, {'counterpartyType': 'pd', 'amtAccepted': 0}]"
RP 051225 1,2025-05-12,Reverse Repo,,147505000000,"[{'counterpartyType': 'bank', 'amtAccepted': 1000000}, {'counterpartyType': 'gse', 'amtAccepted': 4050000000}, {'counterpartyType': 'mmf', 'amtAccepted': 143454000000}, {'counterpartyType': 'pd', 'amtAccepted': 0}]"
RP 050925 1,2025-05-09,Reverse Repo,,142272000000,"[{'counterpartyType': 'bank', 'amtAccepted': 0}, {'counterpartyType': 'gse', 'amtAccepted': 6200000000}, {'counterpartyType': 'mmf', 'amtAccepted': 136072000000}, {'counterpartyType': 'pd', 'amtAccepted': 0}]"
RP 050825 1,2025-05-08,Reverse Repo,,139768000000,"[{'counterpartyType': 'bank', 'amtAccepted': 0}, {'counterpartyType': 'gse', 'amtAccepted': 3750000000}, {'counterpartyType': 'mmf', 'amtAccepted': 136018000000}, {'counterpartyType': 'pd', 'amtAccepted': 0}]"
RP 050725 1,2025-05-07,Reverse Repo,,154859000000,"[{'counterpartyType': 'bank', 'amtAccepted': 1000000}, {'counterpartyType': 'gse', 'amtAccepted': 4400000000}, {'counterpartyType': 'mmf', 'amtAccepted': 150208000000}, {'counterpartyType': 'pd', 'amtAccepted': 250000000}]"
RP 050625 1,2025-05-06,Reverse Repo,,129858000000,"[{'counterpartyType': 'bank', 'amtAccepted': 0}, {'counterpartyType': 'gse', 'amtAccepted': 3900000000}, {'counterpartyType': 'mmf', 'amtAccepted': 125958000000}, {'counterpartyType': 'pd', 'amtAccepted': 0}]"
RP 050525 1,2025-05-05,Reverse Repo,,124690000000,"[{'counterpartyType': 'bank', 'amtAccepted': 0}, {'counterpartyType': 'gse', 'amtAccepted': 3775000000}, {'counterpartyType': 'mmf', 'amtAccepted': 120915000000}, {'counterpartyType': 'pd', 'amtAccepted': 0}]"
RP 050225 1,2025-05-02,Reverse Repo,,147882000000,"[{'counterpartyType': 'bank', 'amtAccepted': 0}, {'counterpartyType': 'gse', 'amtAccepted': 3505000000}, {'counterpartyType': 'mmf', 'amtAccepted': 144377000000}, {'counterpartyType': 'pd', 'amtAccepted': 0}]"
RP 050125 1,2025-05-01,Reverse Repo,,157353000000,"[{'counterpartyType': 'bank', 'amtAccepted': 0}, {'counterpartyType': 'gse', 'amtAccepted': 3685000000}, {'counterpartyType': 'mmf', 'amtAccepted': 153668000000}, {'counterpartyType': 'pd', 'amtAccepted': 0}]"
RP 043025 1,2025-04-30,Reverse Repo,,250601000000,"[{'counterpartyType': 'bank', 'amtAccepted': 0}, {'counterpartyType': 'gse', 'amtAccepted': 36225000000}, {'counterpartyType': 'mmf', 'amtAccepted': 214376000000}, {'counterpartyType': 'pd', 'amtAccepted': 0}]"
RP 042925 1,2025-04-29,Reverse Repo,,157537000000,"[{'counterpartyType': 'bank', 'amtAccepted': 0}, {'counterpartyType': 'gse', 'amtAccepted': 7425000000}, {'counterpartyType': 'mmf', 'amtAccepted': 150112000000}, {'counterpartyType': 'pd', 'amtAccepted': 0}]"
RP 042825 1,2025-04-28,Reverse Repo,,148649000000,"[{'counterpartyType': 'bank', 'amtAccepted': 0}, {'counterpartyType': 'gse', 'amtAccepted': 4275000000}, {'counterpartyType': 'mmf', 'amtAccepted': 144374000000}, {'counterpartyType': 'pd', 'amtAccepted': 0}]"
RP 042525 1,2025-04-25,Reverse Repo,,94021000000,"[{'counterpartyType': 'bank', 'amtAccepted': 0}, {'counterpartyType': 'gse', 'amtAccepted': 4000000000}, {'counterpartyType': 'mmf', 'amtAccepted': 90021000000}, {'counterpartyType': 'pd', 'amtAccepted': 0}]"
RP 042425 1,2025-04-24,Reverse Repo,,130004000000,"[{'counterpartyType': 'bank', 'amtAccepted': 0}, {'counterpartyType': 'gse', 'amtAccepted': 4335000000}, {'counterpartyType': 'mmf', 'amtAccepted': 125669000000}, {'counterpartyType': 'pd', 'amtAccepted': 0}]"
RP 042325 1,2025-04-23,Reverse Repo,,171780000000,"[{'counterpartyType': 'bank', 'amtAccepted': 0}, {'counterpartyType': 'gse', 'amtAccepted': 3865000000}, {'counterpartyType': 'mmf', 'amtAccepted': 167915000000}, {'counterpartyType': 'pd', 'amtAccepted': 0}]"
RP 042225 1,2025-04-22,Reverse Repo,,137951000000,"[{'counterpartyType': 'bank', 'amtAccepted': 0}, {'counterpartyType': 'gse', 'amtAccepted': 5465000000}, {'counterpartyType': 'mmf', 'amtAccepted': 132486000000}, {'counterpartyType': 'pd', 'amtAccepted': 0}]"
RP 042125 1,2025-04-21,Reverse Repo,,114114000000,"[{'counterpartyType': 'bank', 'amtAccepted': 0}, {'counterpartyType': 'gse', 'amtAccepted': 4415000000}, {'counterpartyType': 'mmf', 'amtAccepted': 109699000000}, {'counterpartyType': 'pd', 'amtAccepted': 0}]"
RP 041725 1,2025-04-17,Reverse Repo,,58600000000,"[{'counterpartyType': 'bank', 'amtAccepted': 0}, {'counterpartyType': 'gse', 'amtAccepted': 4615000000}, {'counterpartyType': 'mmf', 'amtAccepted': 53985000000}, {'counterpartyType': 'pd', 'amtAccepted': 0}]"
RP 041625 1,2025-04-16,Reverse Repo,,54772000000,"[{'counterpartyType': 'bank', 'amtAccepted': 0}, {'counterpartyType': 'gse', 'amtAccepted': 2565000000}, {'counterpartyType': 'mmf', 'amtAccepted': 52207000000}, {'counterpartyType': 'pd', 'amtAccepted': 0}]"
RP 041525 1,2025-04-15,Reverse Repo,,88878000000,"[{'counterpartyType': 'bank', 'amtAccepted': 0}, {'counterpartyType': 'gse', 'amtAccepted': 3490000000}, {'counterpartyType': 'mmf', 'amtAccepted': 85388000000}, {'counterpartyType': 'pd', 'amtAccepted': 0}]"
RP 041425 1,2025-04-14,Reverse Repo,,102838000000,"[{'counterpartyType': 'bank', 'amtAccepted': 1000000}, {'counterpartyType': 'gse', 'amtAccepted': 4880000000}, {'counterpartyType': 'mmf', 'amtAccepted': 97956000000}, {'counterpartyType': 'pd', 'amtAccepted': 1000000}]"
RP 041125 1,2025-04-11,Reverse Repo,,98531000000,"[{'counterpartyType': 'bank', 'amtAccepted': 0}, {'counterpartyType': 'gse', 'amtAccepted': 4155000000}, {'counterpartyType': 'mmf', 'amtAccepted': 94326000000}, {'counterpartyType': 'pd', 'amtAccepted': 50000000}]"
RP 041025 1,2025-04-10,Reverse Repo,,129950000000,"[{'counterpartyType': 'bank', 'amtAccepted': 1000000}, {'counterpartyType': 'gse', 'amtAccepted': 4455000000}, {'counterpartyType': 'mmf', 'amtAccepted': 125494000000}, {'counterpartyType': 'pd', 'amtAccepted': 0}]"
RP 040925 1,2025-04-09,Reverse Repo,,168115000000,"[{'counterpartyType': 'bank', 'amtAccepted': 0}, {'counterpartyType': 'gse', 'amtAccepted': 4515000000}, {'counterpartyType': 'mmf', 'amtAccepted': 163600000000}, {'counterpartyType': 'pd', 'amtAccepted': 0}]"
RP 040825 1,2025-04-08,Reverse Repo,,156911000000,"[{'counterpartyType': 'bank', 'amtAccepted': 0}, {'counterpartyType': 'gse', 'amtAccepted': 4625000000}, {'counterpartyType': 'mmf', 'amtAccepted': 152286000000}, {'counterpartyType': 'pd', 'amtAccepted': 0}]"
RP 040725 1,2025-04-07,Reverse Repo,,148146000000,"[{'counterpartyType': 'bank', 'amtAccepted': 0}, {'counterpartyType': 'gse', 'amtAccepted': 4425000000}, {'counterpartyType': 'mmf', 'amtAccepted': 143721000000}, {'counterpartyType': 'pd', 'amtAccepted': 0}]"
RP 040425 1,2025-04-04,Reverse Repo,,184499000000,"[{'counterpartyType': 'bank', 'amtAccepted': 0}, {'counterpartyType': 'gse', 'amtAccepted': 5190000000}, {'counterpartyType': 'mmf', 'amtAccepted': 179309000000}, {'counterpartyType': 'pd', 'amtAccepted': 0}]"
RP 040325 1,2025-04-03,Reverse Repo,,196265000000,"[{'counterpartyType': 'bank', 'amtAccepted': 0}, {'counterpartyType': 'gse', 'amtAccepted': 4580000000}, {'counterpartyType': 'mmf', 'amtAccepted': 191685000000}, {'counterpartyType': 'pd', 'amtAccepted': 0}]"
RP 040225 2,2025-04-02,Reverse Repo,,233488000000,"[{'counterpartyType': 'bank', 'amtAccepted': 0}, {'counterpartyType': 'gse', 'amtAccepted': 5025000000}, {'counterpartyType': 'mmf', 'amtAccepted': 228463000000}, {'counterpartyType': 'pd', 'amtAccepted': 0}]"
RP 040125 2,2025-04-01,Reverse Repo,,230063000000,"[{'counterpartyType': 'bank', 'amtAccepted': 0}, {'counterpartyType': 'gse', 'amtAccepted': 4305000000}, {'counterpartyType': 'mmf', 'amtAccepted': 225758000000}, {'counterpartyType': 'pd', 'amtAccepted': 0}]"
RP 033125 3,2025-03-31,Reverse Repo,,399167000000,"[{'counterpartyType': 'bank', 'amtAccepted': 0}, {'counterpartyType': 'gse', 'amtAccepted': 50475000000}, {'counterpartyType': 'mmf', 'amtAccepted': 348692000000}, {'counterpartyType': 'pd', 'amtAccepted': 0}]"
RP 032825 2,2025-03-28,Reverse Repo,,286575000000,"[{'counterpartyType': 'bank', 'amtAccepted': 0}, {'counterpartyType': 'gse', 'amtAccepted': 6750000000}, {'counterpartyType': 'mmf', 'amtAccepted': 279825000000}, {'counterpartyType': 'pd', 'amtAccepted': 0}]"
RP 032725 2,2025-03-27,Reverse Repo,,291785000000,"[{'counterpartyType': 'bank', 'amtAccepted': 0}, {'counterpartyType': 'gse', 'amtAccepted': 4525000000}, {'counterpartyType': 'mmf', 'amtAccepted': 287260000000}, {'counterpartyType': 'pd', 'amtAccepted': 0}]"
RP 032625 1,2025-03-26,Reverse Repo,,241371000000,"[{'counterpartyType': 'bank', 'amtAccepted': 0}, {'counterpartyType': 'gse', 'amtAccepted': 3625000000}, {'counterpartyType': 'mmf', 'amtAccepted': 237746000000}, {'counterpartyType': 'pd', 'amtAccepted': 0}]"
RP 032525 1,2025-03-25,Reverse Repo,,214786000000,"[{'counterpartyType': 'bank', 'amtAccepted': 0}, {'counterpartyType': 'gse', 'amtAccepted': 3925000000}, {'counterpartyType': 'mmf', 'amtAccepted': 210861000000}, {'counterpartyType': 'pd', 'amtAccepted': 0}]"
RP 032425 1,2025-03-24,Reverse Repo,,196565000000,"[{'counterpartyType': 'bank', 'amtAccepted': 0}, {'counterpartyType': 'gse', 'amtAccepted': 4900000000}, {'counterpartyType': 'mmf', 'amtAccepted': 191665000000}, {'counterpartyType': 'pd', 'amtAccepted': 0}]"
RP 032125 1,2025-03-21,Reverse Repo,,200850000000,"[{'counterpartyType': 'bank', 'amtAccepted': 0}, {'counterpartyType': 'gse', 'amtAccepted': 6310000000}, {'counterpartyType': 'mmf', 'amtAccepted': 194540000000}, {'counterpartyType': 'pd', 'amtAccepted': 0}]"
RP 032025 1,2025-03-20,Reverse Repo,,192640000000,"[{'counterpartyType': 'bank', 'amtAccepted': 0}, {'counterpartyType': 'gse', 'amtAccepted': 8030000000}, {'counterpartyType': 'mmf', 'amtAccepted': 184610000000}, {'counterpartyType': 'pd', 'amtAccepted': 0}]"
RP 031925 1,2025-03-19,Reverse Repo,,193378000000,"[{'counterpartyType': 'bank', 'amtAccepted': 0}, {'counterpartyType': 'gse', 'amtAccepted': 9080000000}, {'counterpartyType': 'mmf', 'amtAccepted': 184298000000}, {'counterpartyType': 'pd', 'amtAccepted': 0}]"
RP 031825 1,2025-03-18,Reverse Repo,,149503000000,"[{'counterpartyType': 'bank', 'amtAccepted': 0}, {'counterpartyType': 'gse', 'amtAccepted': 8080000000}, {'counterpartyType': 'mmf', 'amtAccepted': 141423000000}, {'counterpartyType': 'pd', 'amtAccepted': 0}]"
RP 031725 1,2025-03-17,Reverse Repo,,89496000000,"[{'counterpartyType': 'bank', 'amtAccepted': 0}, {'counterpartyType': 'gse', 'amtAccepted': 5625000000}, {'counterpartyType': 'mmf', 'amtAccepted': 83871000000}, {'counterpartyType': 'pd', 'amtAccepted': 0}]"
RP 031425 1,2025-03-14,Reverse Repo,,126234000000,"[{'counterpartyType': 'bank', 'amtAccepted': 0}, {'counterpartyType': 'gse', 'amtAccepted': 5625000000}, {'counterpartyType': 'mmf', 'amtAccepted': 120609000000}, {'counterpartyType': 'pd', 'amtAccepted': 0}]"
RP 031325 1,2025-03-13,Reverse Repo,,113435000000,"[{'counterpartyType': 'bank', 'amtAccepted': 0}, {'counterpartyType': 'gse', 'amtAccepted': 7600000000}, {'counterpartyType': 'mmf', 'amtAccepted': 105834000000}, {'counterpartyType': 'pd', 'amtAccepted': 1000000}]"
RP 031225 1,2025-03-12,Reverse Repo,,131055000000,"[{'counterpartyType': 'bank', 'amtAccepted': 0}, {'counterpartyType': 'gse', 'amtAccepted': 7375000000}, {'counterpartyType': 'mmf', 'amtAccepted': 123680000000}, {'counterpartyType': 'pd', 'amtAccepted': 0}]"
RP 031125 1,2025-03-11,Reverse Repo,,137310000000,"[{'counterpartyType': 'bank', 'amtAccepted': 0}, {'counterpartyType': 'gse', 'amtAccepted': 7750000000}, {'counterpartyType': 'mmf', 'amtAccepted': 129560000000}, {'counterpartyType': 'pd', 'amtAccepted': 0}]"
RP 031025 1,2025-03-10,Reverse Repo,,129054000000,"[{'counterpartyType': 'bank', 'amtAccepted': 0}, {'counterpartyType': 'gse', 'amtAccepted': 5400000000}, {'counterpartyType': 'mmf', 'amtAccepted': 123654000000}, {'counterpartyType': 'pd', 'amtAccepted': 0}]"
RP 030725 1,2025-03-07,Reverse Repo,,136305000000,"[{'counterpartyType': 'bank', 'amtAccepted': 0}, {'counterpartyType': 'gse', 'amtAccepted': 5575000000}, {'counterpartyType': 'mmf', 'amtAccepted': 130730000000}, {'counterpartyType': 'pd', 'amtAccepted': 0}]"
RP 030625 1,2025-03-06,Reverse Repo,,129269000000,"[{'counterpartyType': 'bank', 'amtAccepted': 0}, {'counterpartyType': 'gse', 'amtAccepted': 7950000000}, {'counterpartyType': 'mmf', 'amtAccepted': 121319000000}, {'counterpartyType': 'pd', 'amtAccepted': 0}]"
RP 030525 5,2025-03-05,Reverse Repo,,139493000000,"[{'counterpartyType': 'bank', 'amtAccepted': 0}, {'counterpartyType': 'gse', 'amtAccepted': 9150000000}, {'counterpartyType': 'mmf', 'amtAccepted': 130343000000}, {'counterpartyType': 'pd', 'amtAccepted': 0}]"
RP 030425 1,2025-03-04,Reverse Repo,,135257000000,"[{'counterpartyType': 'bank', 'amtAccepted': 0}, {'counterpartyType': 'gse', 'amtAccepted': 10275000000}, {'counterpartyType': 'mmf', 'amtAccepted': 124982000000}, {'counterpartyType': 'pd', 'amtAccepted': 0}]"
RP 030325 1,2025-03-03,Reverse Repo,,119987000000,"[{'counterpartyType': 'bank', 'amtAccepted': 0}, {'counterpartyType': 'gse', 'amtAccepted': 9350000000}, {'counterpartyType': 'mmf', 'amtAccepted': 110637000000}, {'counterpartyType': 'pd', 'amtAccepted': 0}]"
RP 022825 1,2025-02-28,Reverse Repo,,234422000000,"[{'counterpartyType': 'bank', 'amtAccepted': 0}, {'counterpartyType': 'gse', 'amtAccepted': 33025000000}, {'counterpartyType': 'mmf', 'amtAccepted': 201397000000}, {'counterpartyType': 'pd', 'amtAccepted': 0}]"
RP 022725 99,2025-02-27,Reverse Repo,This is a small value exercise for operational readiness testing. The regular ON RRP operation will still take place at its regularly scheduled time (12:45 PM ET),104000000,"[{'counterpartyType': 'bank', 'amtAccepted': 11000000}, {'counterpartyType': 'gse', 'amtAccepted': 10000000}, {'counterpartyType': 'mmf', 'amtAccepted': 59000000}, {'counterpartyType': 'pd', 'amtAccepted': 24000000}]"
RP 022725 1,2025-02-27,Reverse Repo,,182044000000,"[{'counterpartyType': 'bank', 'amtAccepted': 0}, {'counterpartyType': 'gse', 'amtAccepted': 9875000000}, {'counterpartyType': 'mmf', 'amtAccepted': 172169000000}, {'counterpartyType': 'pd', 'amtAccepted': 0}]"
RP 022625 1,2025-02-26,Reverse Repo,,126058000000,"[{'counterpartyType': 'bank', 'amtAccepted': 0}, {'counterpartyType': 'gse', 'amtAccepted': 9751000000}, {'counterpartyType': 'mmf', 'amtAccepted': 116307000000}, {'counterpartyType': 'pd', 'amtAccepted': 0}]"
RP 022525 1,2025-02-25,Reverse Repo,,96000000000,"[{'counterpartyType': 'bank', 'amtAccepted': 0}, {'counterpartyType': 'gse', 'amtAccepted': 8050000000}, {'counterpartyType': 'mmf', 'amtAccepted': 87950000000}, {'counterpartyType': 'pd', 'amtAccepted': 0}]"
RP 022425 1,2025-02-24,Reverse Repo,,76818000000,"[{'counterpartyType': 'bank', 'amtAccepted': 0}, {'counterpartyType': 'gse', 'amtAccepted': 7425000000}, {'counterpartyType': 'mmf', 'amtAccepted': 69393000000}, {'counterpartyType': 'pd', 'amtAccepted': 0}]"
RP 022125 1,2025-02-21,Reverse Repo,,68983000000,"[{'counterpartyType': 'bank', 'amtAccepted': 0}, {'counterpartyType': 'gse', 'amtAccepted': 7950000000}, {'counterpartyType': 'mmf', 'amtAccepted': 61033000000}, {'counterpartyType': 'pd', 'amtAccepted': 0}]"
RP 022025 1,2025-02-20,Reverse Repo,,63207000000,"[{'counterpartyType': 'bank', 'amtAccepted': 0}, {'counterpartyType': 'gse', 'amtAccepted': 8050000000}, {'counterpartyType': 'mmf', 'amtAccepted': 55157000000}, {'counterpartyType': 'pd', 'amtAccepted': 0}]"
RP 021925 1,2025-02-19,Reverse Repo,,73196000000,"[{'counterpartyType': 'bank', 'amtAccepted': 0}, {'counterpartyType': 'gse', 'amtAccepted': 8305000000}, {'counterpartyType': 'mmf', 'amtAccepted': 64891000000}, {'counterpartyType': 'pd', 'amtAccepted': 0}]"
RP 021825 1,2025-02-18,Reverse Repo,,77817000000,"[{'counterpartyType': 'bank', 'amtAccepted': 0}, {'counterpartyType': 'gse', 'amtAccepted': 8900000000}, {'counterpartyType': 'mmf', 'amtAccepted': 68917000000}, {'counterpartyType': 'pd', 'amtAccepted': 0}]"
RP 021425 1,2025-02-14,Reverse Repo,,58770000000,"[{'counterpartyType': 'bank', 'amtAccepted': 0}, {'counterpartyType': 'gse', 'amtAccepted': 5125000000}, {'counterpartyType': 'mmf', 'amtAccepted': 53645000000}, {'counterpartyType': 'pd', 'amtAccepted': 0}]"
RP 021325 1,2025-02-13,Reverse Repo,,67820000000,"[{'counterpartyType': 'bank', 'amtAccepted': 0}, {'counterpartyType': 'gse', 'amtAccepted': 6450000000}, {'counterpartyType': 'mmf', 'amtAccepted': 61370000000}, {'counterpartyType': 'pd', 'amtAccepted': 0}]"
RP 021225 1,2025-02-12,Reverse Repo,,67670000000,"[{'counterpartyType': 'bank', 'amtAccepted': 0}, {'counterpartyType': 'gse', 'amtAccepted': 7225000000}, {'counterpartyType': 'mmf', 'amtAccepted': 60445000000}, {'counterpartyType': 'pd', 'amtAccepted': 0}]"
RP 021125 1,2025-02-11,Reverse Repo,,76446000000,"[{'counterpartyType': 'bank', 'amtAccepted': 0}, {'counterpartyType': 'gse', 'amtAccepted': 8625000000}, {'counterpartyType': 'mmf', 'amtAccepted': 67821000000}, {'counterpartyType': 'pd', 'amtAccepted': 0}]"
RP 021025 1,2025-02-10,Reverse Repo,,99653000000,"[{'counterpartyType': 'bank', 'amtAccepted': 0}, {'counterpartyType': 'gse', 'amtAccepted': 8005000000}, {'counterpartyType': 'mmf', 'amtAccepted': 91648000000}, {'counterpartyType': 'pd', 'amtAccepted': 0}]"
RP 020725 1,2025-02-07,Reverse Repo,,95248000000,"[{'counterpartyType': 'bank', 'amtAccepted': 0}, {'counterpartyType': 'gse', 'amtAccepted': 10235000000}, {'counterpartyType': 'mmf', 'amtAccepted': 85013000000}, {'counterpartyType': 'pd', 'amtAccepted': 0}]"
RP 020625 1,2025-02-06,Reverse Repo,,79983000000,"[{'counterpartyType': 'bank', 'amtAccepted': 1000000}, {'counterpartyType': 'gse', 'amtAccepted': 7615000000}, {'counterpartyType': 'mmf', 'amtAccepted': 72367000000}, {'counterpartyType': 'pd', 'amtAccepted': 0}]"
RP 020525 1,2025-02-05,Reverse Repo,,78788000000,"[{'counterpartyType': 'bank', 'amtAccepted': 0}, {'counterpartyType': 'gse', 'amtAccepted': 8925000000}, {'counterpartyType': 'mmf', 'amtAccepted': 69863000000}, {'counterpartyType': 'pd', 'amtAccepted': 0}]"
RP 020425 1,2025-02-04,Reverse Repo,,85654000000,"[{'counterpartyType': 'bank', 'amtAccepted': 0}, {'counterpartyType': 'gse', 'amtAccepted': 9871000000}, {'counterpartyType': 'mmf', 'amtAccepted': 75783000000}, {'counterpartyType': 'pd', 'amtAccepted': 0}]"
RP 020325 1,2025-02-03,Reverse Repo,,97781000000,"[{'counterpartyType': 'bank', 'amtAccepted': 0}, {'counterpartyType': 'gse', 'amtAccepted': 10424000000}, {'counterpartyType': 'mmf', 'amtAccepted': 87357000000}, {'counterpartyType': 'pd', 'amtAccepted': 0}]"
RP 013125 1,2025-01-31,Reverse Repo,,187913000000,"[{'counterpartyType': 'bank', 'amtAccepted': 0}, {'counterpartyType': 'gse', 'amtAccepted': 39826000000}, {'counterpartyType': 'mmf', 'amtAccepted': 148087000000}, {'counterpartyType': 'pd', 'amtAccepted': 0}]"
RP 013025 1,2025-01-30,Reverse Repo,,125965000000,"[{'counterpartyType': 'bank', 'amtAccepted': 0}, {'counterpartyType': 'gse', 'amtAccepted': 6047000000}, {'counterpartyType': 'mmf', 'amtAccepted': 119918000000}, {'counterpartyType': 'pd', 'amtAccepted': 0}]"
RP 012925 1,2025-01-29,Reverse Repo,,121842000000,"[{'counterpartyType': 'bank', 'amtAccepted': 0}, {'counterpartyType': 'gse', 'amtAccepted': 9688000000}, {'counterpartyType': 'mmf', 'amtAccepted': 112154000000}, {'counterpartyType': 'pd', 'amtAccepted': 0}]"
RP 012825 1,2025-01-28,Reverse Repo,,112760000000,"[{'counterpartyType': 'bank', 'amtAccepted': 0}, {'counterpartyType': 'gse', 'amtAccepted': 12240000000}, {'counterpartyType': 'mmf', 'amtAccepted': 100520000000}, {'counterpartyType': 'pd', 'amtAccepted': 0}]"
RP 012725 1,2025-01-27,Reverse Repo,,92863000000,"[{'counterpartyType': 'bank', 'amtAccepted': 0}, {'counterpartyType': 'gse', 'amtAccepted': 13580000000}, {'counterpartyType': 'mmf', 'amtAccepted': 79283000000}, {'counterpartyType': 'pd', 'amtAccepted': 0}]"
RP 012425 27,2025-01-24,Reverse Repo,This operation is a Small Value Exercise (SVE); the daily ON RRP operation will still take place at its regularly scheduled time (12:45pm ET). ,95000000,"[{'counterpartyType': 'bank', 'amtAccepted': 10000000}, {'counterpartyType': 'gse', 'amtAccepted': 11000000}, {'counterpartyType': 'mmf', 'amtAccepted': 53000000}, {'counterpartyType': 'pd', 'amtAccepted': 21000000}]"
RP 012425 3,2025-01-24,Reverse Repo,,104877000000,"[{'counterpartyType': 'bank', 'amtAccepted': 0}, {'counterpartyType': 'gse', 'amtAccepted': 12954000000}, {'counterpartyType': 'mmf', 'amtAccepted': 91923000000}, {'counterpartyType': 'pd', 'amtAccepted': 0}]"
RP 012325 1,2025-01-23,Reverse Repo,,132031000000,"[{'counterpartyType': 'bank', 'amtAccepted': 0}, {'counterpartyType': 'gse', 'amtAccepted': 14257000000}, {'counterpartyType': 'mmf', 'amtAccepted': 117774000000}, {'counterpartyType': 'pd', 'amtAccepted': 0}]"
RP 012225 1,2025-01-22,Reverse Repo,,123981000000,"[{'counterpartyType': 'bank', 'amtAccepted': 0}, {'counterpartyType': 'gse', 'amtAccepted': 14452000000}, {'counterpartyType': 'mmf', 'amtAccepted': 109529000000}, {'counterpartyType': 'pd', 'amtAccepted': 0}]"
RP 012125 1,2025-01-21,Reverse Repo,,96015000000,"[{'counterpartyType': 'bank', 'amtAccepted': 0}, {'counterpartyType': 'gse', 'amtAccepted': 15077000000}, {'counterpartyType': 'mmf', 'amtAccepted': 80938000000}, {'counterpartyType': 'pd', 'amtAccepted': 0}]"
RP 011725 1,2025-01-17,Reverse Repo,,118327000000,"[{'counterpartyType': 'bank', 'amtAccepted': 0}, {'counterpartyType': 'gse', 'amtAccepted': 14252000000}, {'counterpartyType': 'mmf', 'amtAccepted': 104075000000}, {'counterpartyType': 'pd', 'amtAccepted': 0}]"
RP 011625 1,2025-01-16,Reverse Repo,,94489000000,"[{'counterpartyType': 'bank', 'amtAccepted': 1000000}, {'counterpartyType': 'gse', 'amtAccepted': 14821000000}, {'counterpartyType': 'mmf', 'amtAccepted': 79667000000}, {'counterpartyType': 'pd', 'amtAccepted': 0}]"
RP 011525 1,2025-01-15,Reverse Repo,,119977000000,"[{'counterpartyType': 'bank', 'amtAccepted': 1000000}, {'counterpartyType': 'gse', 'amtAccepted': 12921000000}, {'counterpartyType': 'mmf', 'amtAccepted': 107055000000}, {'counterpartyType': 'pd', 'amtAccepted': 0}]"
RP 011425 1,2025-01-14,Reverse Repo,,160219000000,"[{'counterpartyType': 'bank', 'amtAccepted': 0}, {'counterpartyType': 'gse', 'amtAccepted': 15635000000}, {'counterpartyType': 'mmf', 'amtAccepted': 144584000000}, {'counterpartyType': 'pd', 'amtAccepted': 0}]"
RP 011325 1,2025-01-13,Reverse Repo,,183669000000,"[{'counterpartyType': 'bank', 'amtAccepted': 1000000}, {'counterpartyType': 'gse', 'amtAccepted': 16390000000}, {'counterpartyType': 'mmf', 'amtAccepted': 167277000000}, {'counterpartyType': 'pd', 'amtAccepted': 1000000}]"
RP 011025 1,2025-01-10,Reverse Repo,,178800000000,"[{'counterpartyType': 'bank', 'amtAccepted': 0}, {'counterpartyType': 'gse', 'amtAccepted': 13759000000}, {'counterpartyType': 'mmf', 'amtAccepted': 165041000000}, {'counterpartyType': 'pd', 'amtAccepted': 0}]"
RP 010925 1,2025-01-09,Reverse Repo,,168225000000,"[{'counterpartyType': 'bank', 'amtAccepted': 0}, {'counterpartyType': 'gse', 'amtAccepted': 15406000000}, {'counterpartyType': 'mmf', 'amtAccepted': 152819000000}, {'counterpartyType': 'pd', 'amtAccepted': 0}]"
RP 010825 1,2025-01-08,Reverse Repo,,185144000000,"[{'counterpartyType': 'bank', 'amtAccepted': 0}, {'counterpartyType': 'gse', 'amtAccepted': 15422000000}, {'counterpartyType': 'mmf', 'amtAccepted': 169722000000}, {'counterpartyType': 'pd', 'amtAccepted': 0}]"
RP 010725 1,2025-01-07,Reverse Repo,,208296000000,"[{'counterpartyType': 'bank', 'amtAccepted': 0}, {'counterpartyType': 'gse', 'amtAccepted': 14526000000}, {'counterpartyType': 'mmf', 'amtAccepted': 193770000000}, {'counterpartyType': 'pd', 'amtAccepted': 0}]"
RP 010625 1,2025-01-06,Reverse Repo,,231926000000,"[{'counterpartyType': 'bank', 'amtAccepted': 0}, {'counterpartyType': 'gse', 'amtAccepted': 13485000000}, {'counterpartyType': 'mmf', 'amtAccepted': 218441000000}, {'counterpartyType': 'pd', 'amtAccepted': 0}]"
RP 010325 2,2025-01-03,Reverse Repo,,237377000000,"[{'counterpartyType': 'bank', 'amtAccepted': 0}, {'counterpartyType': 'gse', 'amtAccepted': 16479000000}, {'counterpartyType': 'mmf', 'amtAccepted': 220898000000}, {'counterpartyType': 'pd', 'amtAccepted': 0}]"
RP 010225 2,2025-01-02,Reverse Repo,,239858000000,"[{'counterpartyType': 'bank', 'amtAccepted': 0}, {'counterpartyType': 'gse', 'amtAccepted': 29713000000}, {'counterpartyType': 'mmf', 'amtAccepted': 210145000000}, {'counterpartyType': 'pd', 'amtAccepted': 0}]"
RP 123124 2,2024-12-31,Reverse Repo,,473460000000,"[{'counterpartyType': 'bank', 'amtAccepted': 0}, {'counterpartyType': 'gse', 'amtAccepted': 91026000000}, {'counterpartyType': 'mmf', 'amtAccepted': 382434000000}, {'counterpartyType': 'pd', 'amtAccepted': 0}]"
RP 123024 2,2024-12-30,Reverse Repo,,260743000000,"[{'counterpartyType': 'bank', 'amtAccepted': 1000000000}, {'counterpartyType': 'gse', 'amtAccepted': 26835000000}, {'counterpartyType': 'mmf', 'amtAccepted': 232908000000}, {'counterpartyType': 'pd', 'amtAccepted': 0}]"
RP 122724 1,2024-12-27,Reverse Repo,,268739000000,"[{'counterpartyType': 'bank', 'amtAccepted': 0}, {'counterpartyType': 'gse', 'amtAccepted': 23440000000}, {'counterpartyType': 'mmf', 'amtAccepted': 245299000000}, {'counterpartyType': 'pd', 'amtAccepted': 0}]"
RP 122624 1,2024-12-26,Reverse Repo,,196818000000,"[{'counterpartyType': 'bank', 'amtAccepted': 0}, {'counterpartyType': 'gse', 'amtAccepted': 17411000000}, {'counterpartyType': 'mmf', 'amtAccepted': 179407000000}, {'counterpartyType': 'pd', 'amtAccepted': 0}]"
RP 122424 1,2024-12-24,Reverse Repo,,180989000000,"[{'counterpartyType': 'bank', 'amtAccepted': 0}, {'counterpartyType': 'gse', 'amtAccepted': 16496000000}, {'counterpartyType': 'mmf', 'amtAccepted': 164493000000}, {'counterpartyType': 'pd', 'amtAccepted': 0}]"
RP 122324 1,2024-12-23,Reverse Repo,,116004000000,"[{'counterpartyType': 'bank', 'amtAccepted': 0}, {'counterpartyType': 'gse', 'amtAccepted': 15642000000}, {'counterpartyType': 'mmf', 'amtAccepted': 100362000000}, {'counterpartyType': 'pd', 'amtAccepted': 0}]"
RP 122024 1,2024-12-20,Reverse Repo,,98356000000,"[{'counterpartyType': 'bank', 'amtAccepted': 0}, {'counterpartyType': 'gse', 'amtAccepted': 14826000000}, {'counterpartyType': 'mmf', 'amtAccepted': 83230000000}, {'counterpartyType': 'pd', 'amtAccepted': 300000000}]"
RP 121924 1,2024-12-19,Reverse Repo,,112417000000,"[{'counterpartyType': 'bank', 'amtAccepted': 0}, {'counterpartyType': 'gse', 'amtAccepted': 14206000000}, {'counterpartyType': 'mmf', 'amtAccepted': 98211000000}, {'counterpartyType': 'pd', 'amtAccepted': 0}]"
RP 121824 1,2024-12-18,Reverse Repo,,131651000000,"[{'counterpartyType': 'bank', 'amtAccepted': 0}, {'counterpartyType': 'gse', 'amtAccepted': 14293000000}, {'counterpartyType': 'mmf', 'amtAccepted': 117358000000}, {'counterpartyType': 'pd', 'amtAccepted': 0}]"
RP 121724 1,2024-12-17,Reverse Repo,,118093000000,"[{'counterpartyType': 'bank', 'amtAccepted': 1000000}, {'counterpartyType': 'gse', 'amtAccepted': 16259000000}, {'counterpartyType': 'mmf', 'amtAccepted': 101832000000}, {'counterpartyType': 'pd', 'amtAccepted': 1000000}]"
RP 121624 1,2024-12-16,Reverse Repo,,110753000000,"[{'counterpartyType': 'bank', 'amtAccepted': 0}, {'counterpartyType': 'gse', 'amtAccepted': 16709000000}, {'counterpartyType': 'mmf', 'amtAccepted': 94044000000}, {'counterpartyType': 'pd', 'amtAccepted': 0}]"
RP 121324 1,2024-12-13,Reverse Repo,,135777000000,"[{'counterpartyType': 'bank', 'amtAccepted': 2000000}, {'counterpartyType': 'gse', 'amtAccepted': 16176000000}, {'counterpartyType': 'mmf', 'amtAccepted': 119599000000}, {'counterpartyType': 'pd', 'amtAccepted': 0}]"
RP 121224 1,2024-12-12,Reverse Repo,,165025000000,"[{'counterpartyType': 'bank', 'amtAccepted': 0}, {'counterpartyType': 'gse', 'amtAccepted': 16867000000}, {'counterpartyType': 'mmf', 'amtAccepted': 148158000000}, {'counterpartyType': 'pd', 'amtAccepted': 0}]"
RP 121124 1,2024-12-11,Reverse Repo,,180120000000,"[{'counterpartyType': 'bank', 'amtAccepted': 1000000}, {'counterpartyType': 'gse', 'amtAccepted': 16436000000}, {'counterpartyType': 'mmf', 'amtAccepted': 163683000000}, {'counterpartyType': 'pd', 'amtAccepted': 0}]"
RP 121024 1,2024-12-10,Reverse Repo,,174842000000,"[{'counterpartyType': 'bank', 'amtAccepted': 0}, {'counterpartyType': 'gse', 'amtAccepted': 16721000000}, {'counterpartyType': 'mmf', 'amtAccepted': 158121000000}, {'counterpartyType': 'pd', 'amtAccepted': 0}]"
RP 120924 1,2024-12-09,Reverse Repo,,153029000000,"[{'counterpartyType': 'bank', 'amtAccepted': 0}, {'counterpartyType': 'gse', 'amtAccepted': 19271000000}, {'counterpartyType': 'mmf', 'amtAccepted': 133758000000}, {'counterpartyType': 'pd', 'amtAccepted': 0}]"
RP 120624 1,2024-12-06,Reverse Repo,,130014000000,"[{'counterpartyType': 'bank', 'amtAccepted': 0}, {'counterpartyType': 'gse', 'amtAccepted': 18641000000}, {'counterpartyType': 'mmf', 'amtAccepted': 111373000000}, {'counterpartyType': 'pd', 'amtAccepted': 0}]"
RP 120524 1,2024-12-05,Reverse Repo,,131964000000,"[{'counterpartyType': 'bank', 'amtAccepted': 2000000}, {'counterpartyType': 'gse', 'amtAccepted': 21419000000}, {'counterpartyType': 'mmf', 'amtAccepted': 110543000000}, {'counterpartyType': 'pd', 'amtAccepted': 0}]"
RP 120424 1,2024-12-04,Reverse Repo,,162866000000,"[{'counterpartyType': 'bank', 'amtAccepted': 0}, {'counterpartyType': 'gse', 'amtAccepted': 24590000000}, {'counterpartyType': 'mmf', 'amtAccepted': 138276000000}, {'counterpartyType': 'pd', 'amtAccepted': 0}]"
RP 120324 1,2024-12-03,Reverse Repo,,161572000000,"[{'counterpartyType': 'bank', 'amtAccepted': 1000000}, {'counterpartyType': 'gse', 'amtAccepted': 26013000000}, {'counterpartyType': 'mmf', 'amtAccepted': 135558000000}, {'counterpartyType': 'pd', 'amtAccepted': 0}]"
RP 120224 1,2024-12-02,Reverse Repo,,135858000000,"[{'counterpartyType': 'bank', 'amtAccepted': 0}, {'counterpartyType': 'gse', 'amtAccepted': 24363000000}, {'counterpartyType': 'mmf', 'amtAccepted': 111495000000}, {'counterpartyType': 'pd', 'amtAccepted': 0}]"
RP 112924 1,2024-11-29,Reverse Repo,,197627000000,"[{'counterpartyType': 'bank', 'amtAccepted': 0}, {'counterpartyType': 'gse', 'amtAccepted': 27894000000}, {'counterpartyType': 'mmf', 'amtAccepted': 169733000000}, {'counterpartyType': 'pd', 'amtAccepted': 0}]"
RP 112724 1,2024-11-27,Reverse Repo,,169815000000,"[{'counterpartyType': 'bank', 'amtAccepted': 0}, {'counterpartyType': 'gse', 'amtAccepted': 20120000000}, {'counterpartyType': 'mmf', 'amtAccepted': 149695000000}, {'counterpartyType': 'pd', 'amtAccepted': 0}]"
RP 112624 1,2024-11-26,Reverse Repo,,148823000000,"[{'counterpartyType': 'bank', 'amtAccepted': 0}, {'counterpartyType': 'gse', 'amtAccepted': 19935000000}, {'counterpartyType': 'mmf', 'amtAccepted': 128888000000}, {'counterpartyType': 'pd', 'amtAccepted': 0}]"
RP 112524 1,2024-11-25,Reverse Repo,,186749000000,"[{'counterpartyType': 'bank', 'amtAccepted': 1000000}, {'counterpartyType': 'gse', 'amtAccepted': 26634000000}, {'counterpartyType': 'mmf', 'amtAccepted': 160113000000}, {'counterpartyType': 'pd', 'amtAccepted': 1000000}]"
RP 112224 1,2024-11-22,Reverse Repo,,204254000000,"[{'counterpartyType': 'bank', 'amtAccepted': 0}, {'counterpartyType': 'gse', 'amtAccepted': 37663000000}, {'counterpartyType': 'mmf', 'amtAccepted': 166091000000}, {'counterpartyType': 'pd', 'amtAccepted': 500000000}]"
RP 112124 1,2024-11-21,Reverse Repo,,188567000000,"[{'counterpartyType': 'bank', 'amtAccepted': 1000000}, {'counterpartyType': 'gse', 'amtAccepted': 23233000000}, {'counterpartyType': 'mmf', 'amtAccepted': 165333000000}, {'counterpartyType': 'pd', 'amtAccepted': 0}]"
RP 112024 1,2024-11-20,Reverse Repo,,217793000000,"[{'counterpartyType': 'bank', 'amtAccepted': 1000000}, {'counterpartyType': 'gse', 'amtAccepted': 24410000000}, {'counterpartyType': 'mmf', 'amtAccepted': 193382000000}, {'counterpartyType': 'pd', 'amtAccepted': 0}]"
RP 111924 1,2024-11-19,Reverse Repo,,200664000000,"[{'counterpartyType': 'bank', 'amtAccepted': 1000000}, {'counterpartyType': 'gse', 'amtAccepted': 24817000000}, {'counterpartyType': 'mmf', 'amtAccepted': 175846000000}, {'counterpartyType': 'pd', 'amtAccepted': 0}]"
RP 111824 1,2024-11-18,Reverse Repo,,200030000000,"[{'counterpartyType': 'bank', 'amtAccepted': 0}, {'counterpartyType': 'gse', 'amtAccepted': 26065000000}, {'counterpartyType': 'mmf', 'amtAccepted': 169215000000}, {'counterpartyType': 'pd', 'amtAccepted': 4750000000}]"
RP 111524 1,2024-11-15,Reverse Repo,,172400000000,"[{'counterpartyType': 'bank', 'amtAccepted': 0}, {'counterpartyType': 'gse', 'amtAccepted': 24947000000}, {'counterpartyType': 'mmf', 'amtAccepted': 147453000000}, {'counterpartyType': 'pd', 'amtAccepted': 0}]"
RP 111424 1,2024-11-14,Reverse Repo,,214509000000,"[{'counterpartyType': 'bank', 'amtAccepted': 1000000}, {'counterpartyType': 'gse', 'amtAccepted': 31621000000}, {'counterpartyType': 'mmf', 'amtAccepted': 182887000000}, {'counterpartyType': 'pd', 'amtAccepted': 0}]"
RP 111324 1,2024-11-13,Reverse Repo,,238106000000,"[{'counterpartyType': 'bank', 'amtAccepted': 0}, {'counterpartyType': 'gse', 'amtAccepted': 27442000000}, {'counterpartyType': 'mmf', 'amtAccepted': 210664000000}, {'counterpartyType': 'pd', 'amtAccepted': 0}]"
RP 111224 1,2024-11-12,Reverse Repo,,178814000000,"[{'counterpartyType': 'bank', 'amtAccepted': 0}, {'counterpartyType': 'gse', 'amtAccepted': 27298000000}, {'counterpartyType': 'mmf', 'amtAccepted': 151516000000}, {'counterpartyType': 'pd', 'amtAccepted': 0}]"
RP 110824 1,2024-11-08,Reverse Repo,,163621000000,"[{'counterpartyType': 'bank', 'amtAccepted': 0}, {'counterpartyType': 'gse', 'amtAccepted': 21809000000}, {'counterpartyType': 'mmf', 'amtAccepted': 141812000000}, {'counterpartyType': 'pd', 'amtAccepted': 0}]"
RP 110724 1,2024-11-07,Reverse Repo,,159002000000,"[{'counterpartyType': 'bank', 'amtAccepted': 0}, {'counterpartyType': 'gse', 'amtAccepted': 21046000000}, {'counterpartyType': 'mmf', 'amtAccepted': 137956000000}, {'counterpartyType': 'pd', 'amtAccepted': 0}]"
RP 110624 1,2024-11-06,Reverse Repo,,177871000000,"[{'counterpartyType': 'bank', 'amtAccepted': 0}, {'counterpartyType': 'gse', 'amtAccepted': 23720000000}, {'counterpartyType': 'mmf', 'amtAccepted': 154151000000}, {'counterpartyType': 'pd', 'amtAccepted': 0}]"
RP 110524 1,2024-11-05,Reverse Repo,,144243000000,"[{'counterpartyType': 'bank', 'amtAccepted': 50000000}, {'counterpartyType': 'gse', 'amtAccepted': 23076000000}, {'counterpartyType': 'mmf', 'amtAccepted': 121117000000}, {'counterpartyType': 'pd', 'amtAccepted': 0}]"
RP 110424 1,2024-11-04,Reverse Repo,,171885000000,"[{'counterpartyType': 'bank', 'amtAccepted': 6000000}, {'counterpartyType': 'gse', 'amtAccepted': 23161000000}, {'counterpartyType': 'mmf', 'amtAccepted': 148718000000}, {'counterpartyType': 'pd', 'amtAccepted': 0}]"
RP 110124 1,2024-11-01,Reverse Repo,,155476000000,"[{'counterpartyType': 'bank', 'amtAccepted': 1000000}, {'counterpartyType': 'gse', 'amtAccepted': 19773000000}, {'counterpartyType': 'mmf', 'amtAccepted': 135702000000}, {'counterpartyType': 'pd', 'amtAccepted': 0}]"
RP 103124 1,2024-10-31,Reverse Repo,,201278000000,"[{'counterpartyType': 'bank', 'amtAccepted': 0}, {'counterpartyType': 'gse', 'amtAccepted': 27655000000}, {'counterpartyType': 'mmf', 'amtAccepted': 173623000000}, {'counterpartyType': 'pd', 'amtAccepted': 0}]"
RP 103024 1,2024-10-30,Reverse Repo,,228946000000,"[{'counterpartyType': 'bank', 'amtAccepted': 0}, {'counterpartyType': 'gse', 'amtAccepted': 20570000000}, {'counterpartyType': 'mmf', 'amtAccepted': 208376000000}, {'counterpartyType': 'pd', 'amtAccepted': 0}]"
RP 102924 1,2024-10-29,Reverse Repo,,244841000000,"[{'counterpartyType': 'bank', 'amtAccepted': 1000000}, {'counterpartyType': 'gse', 'amtAccepted': 23178000000}, {'counterpartyType': 'mmf', 'amtAccepted': 221662000000}, {'counterpartyType': 'pd', 'amtAccepted': 0}]"
RP 102824 1,2024-10-28,Reverse Repo,,251032000000,"[{'counterpartyType': 'bank', 'amtAccepted': 0}, {'counterpartyType': 'gse', 'amtAccepted': 24621000000}, {'counterpartyType': 'mmf', 'amtAccepted': 225861000000}, {'counterpartyType': 'pd', 'amtAccepted': 550000000}]"
RP 102524 1,2024-10-25,Reverse Repo,,227000000000,"[{'counterpartyType': 'bank', 'amtAccepted': 0}, {'counterpartyType': 'gse', 'amtAccepted': 24365000000}, {'counterpartyType': 'mmf', 'amtAccepted': 202635000000}, {'counterpartyType': 'pd', 'amtAccepted': 0}]"
RP 102424 1,2024-10-24,Reverse Repo,,202798000000,"[{'counterpartyType': 'bank', 'amtAccepted': 0}, {'counterpartyType': 'gse', 'amtAccepted': 24432000000}, {'counterpartyType': 'mmf', 'amtAccepted': 178366000000}, {'counterpartyType': 'pd', 'amtAccepted': 0}]"
RP 102324 1,2024-10-23,Reverse Repo,,270839000000,"[{'counterpartyType': 'bank', 'amtAccepted': 1001000000}, {'counterpartyType': 'gse', 'amtAccepted': 27762000000}, {'counterpartyType': 'mmf', 'amtAccepted': 241076000000}, {'counterpartyType': 'pd', 'amtAccepted': 1000000000}]"
RP 102224 1,2024-10-22,Reverse Repo,,237760000000,"[{'counterpartyType': 'bank', 'amtAccepted': 1000000}, {'counterpartyType': 'gse', 'amtAccepted': 22476000000}, {'counterpartyType': 'mmf', 'amtAccepted': 215283000000}, {'counterpartyType': 'pd', 'amtAccepted': 0}]"
RP 102124 2,2024-10-21,Reverse Repo,,261044000000,"[{'counterpartyType': 'bank', 'amtAccepted': 0}, {'counterpartyType': 'gse', 'amtAccepted': 24068000000}, {'counterpartyType': 'mmf', 'amtAccepted': 236976000000}, {'counterpartyType': 'pd', 'amtAccepted': 0}]"
RP 101824 1,2024-10-18,Reverse Repo,,259892000000,"[{'counterpartyType': 'bank', 'amtAccepted': 0}, {'counterpartyType': 'gse', 'amtAccepted': 22130000000}, {'counterpartyType': 'mmf', 'amtAccepted': 237762000000}, {'counterpartyType': 'pd', 'amtAccepted': 0}]"
RP 101724 1,2024-10-17,Reverse Repo,,262210000000,"[{'counterpartyType': 'bank', 'amtAccepted': 0}, {'counterpartyType': 'gse', 'amtAccepted': 21671000000}, {'counterpartyType': 'mmf', 'amtAccepted': 240539000000}, {'counterpartyType': 'pd', 'amtAccepted': 0}]"
RP 101624 2,2024-10-16,Reverse Repo,,272028000000,"[{'counterpartyType': 'bank', 'amtAccepted': 0}, {'counterpartyType': 'gse', 'amtAccepted': 23357000000}, {'counterpartyType': 'mmf', 'amtAccepted': 248670000000}, {'counterpartyType': 'pd', 'amtAccepted': 1000000}]"
RP 101624 1,2024-10-16,Reverse Repo,This operation is a Small Value Exercise (SVE); the daily ON RRP operation will still take place at its regularly scheduled time (12:45pm ET). The settled amount is $1 million less than the accepted amount due to unsettled trades.,44000000,"[{'counterpartyType': 'bank', 'amtAccepted': 1000000}, {'counterpartyType': 'gse', 'amtAccepted': 4000000}, {'counterpartyType': 'mmf', 'amtAccepted': 18000000}, {'counterpartyType': 'pd', 'amtAccepted': 21000000}]"
RP 101524 1,2024-10-15,Reverse Repo,,286398000000,"[{'counterpartyType': 'bank', 'amtAccepted': 0}, {'counterpartyType': 'gse', 'amtAccepted': 24699000000}, {'counterpartyType': 'mmf', 'amtAccepted': 261699000000}, {'counterpartyType': 'pd', 'amtAccepted': 0}]"
RP 101124 1,2024-10-11,Reverse Repo,,331735000000,"[{'counterpartyType': 'bank', 'amtAccepted': 0}, {'counterpartyType': 'gse', 'amtAccepted': 24642000000}, {'counterpartyType': 'mmf', 'amtAccepted': 307093000000}, {'counterpartyType': 'pd', 'amtAccepted': 0}]"
RP 101024 1,2024-10-10,Reverse Repo,,322587000000,"[{'counterpartyType': 'bank', 'amtAccepted': 0}, {'counterpartyType': 'gse', 'amtAccepted': 26656000000}, {'counterpartyType': 'mmf', 'amtAccepted': 295931000000}, {'counterpartyType': 'pd', 'amtAccepted': 0}]"
RP 100924 1,2024-10-09,Reverse Repo,,343448000000,"[{'counterpartyType': 'bank', 'amtAccepted': 1000000}, {'counterpartyType': 'gse', 'amtAccepted': 26372000000}, {'counterpartyType': 'mmf', 'amtAccepted': 308800000000}, {'counterpartyType': 'pd', 'amtAccepted': 8275000000}]"
RP 100824 1,2024-10-08,Reverse Repo,,325355000000,"[{'counterpartyType': 'bank', 'amtAccepted': 0}, {'counterpartyType': 'gse', 'amtAccepted': 25621000000}, {'counterpartyType': 'mmf', 'amtAccepted': 299734000000}, {'counterpartyType': 'pd', 'amtAccepted': 0}]"
RP 100724 1,2024-10-07,Reverse Repo,,322948000000,"[{'counterpartyType': 'bank', 'amtAccepted': 0}, {'counterpartyType': 'gse', 'amtAccepted': 24494000000}, {'counterpartyType': 'mmf', 'amtAccepted': 298454000000}, {'counterpartyType': 'pd', 'amtAccepted': 0}]"
RP 100424 1,2024-10-04,Reverse Repo,,330012000000,"[{'counterpartyType': 'bank', 'amtAccepted': 0}, {'counterpartyType': 'gse', 'amtAccepted': 25371000000}, {'counterpartyType': 'mmf', 'amtAccepted': 304641000000}, {'counterpartyType': 'pd', 'amtAccepted': 0}]"
RP 100324 1,2024-10-03,Reverse Repo,,341248000000,"[{'counterpartyType': 'bank', 'amtAccepted': 0}, {'counterpartyType': 'gse', 'amtAccepted': 25624000000}, {'counterpartyType': 'mmf', 'amtAccepted': 315624000000}, {'counterpartyType': 'pd', 'amtAccepted': 0}]"
RP 100224 1,2024-10-02,Reverse Repo,,383398000000,"[{'counterpartyType': 'bank', 'amtAccepted': 1000000}, {'counterpartyType': 'gse', 'amtAccepted': 25384000000}, {'counterpartyType': 'mmf', 'amtAccepted': 358012000000}, {'counterpartyType': 'pd', 'amtAccepted': 1000000}]"
RP 100124 1,2024-10-01,Reverse Repo,,375221000000,"[{'counterpartyType': 'bank', 'amtAccepted': 0}, {'counterpartyType': 'gse', 'amtAccepted': 23653000000}, {'counterpartyType': 'mmf', 'amtAccepted': 351568000000}, {'counterpartyType': 'pd', 'amtAccepted': 0}]"
RP 093024 1,2024-09-30,Reverse Repo,,465638000000,"[{'counterpartyType': 'bank', 'amtAccepted': 0}, {'counterpartyType': 'gse', 'amtAccepted': 35854000000}, {'counterpartyType': 'mmf', 'amtAccepted': 429784000000}, {'counterpartyType': 'pd', 'amtAccepted': 0}]"
RP 092724 1,2024-09-27,Reverse Repo,,436518000000,"[{'counterpartyType': 'bank', 'amtAccepted': 0}, {'counterpartyType': 'gse', 'amtAccepted': 21577000000}, {'counterpartyType': 'mmf', 'amtAccepted': 414941000000}, {'counterpartyType': 'pd', 'amtAccepted': 0}]"
RP 092624 1,2024-09-26,Reverse Repo,,424916000000,"[{'counterpartyType': 'bank', 'amtAccepted': 0}, {'counterpartyType': 'gse', 'amtAccepted': 22705000000}, {'counterpartyType': 'mmf', 'amtAccepted': 402211000000}, {'counterpartyType': 'pd', 'amtAccepted': 0}]"
RP 092524 1,2024-09-25,Reverse Repo,,416193000000,"[{'counterpartyType': 'bank', 'amtAccepted': 0}, {'counterpartyType': 'gse', 'amtAccepted': 24366000000}, {'counterpartyType': 'mmf', 'amtAccepted': 391826000000}, {'counterpartyType': 'pd', 'amtAccepted': 1000000}]"
RP 092424 2,2024-09-24,Reverse Repo,,388977000000,"[{'counterpartyType': 'bank', 'amtAccepted': 1000000}, {'counterpartyType': 'gse', 'amtAccepted': 22923000000}, {'counterpartyType': 'mmf', 'amtAccepted': 366052000000}, {'counterpartyType': 'pd', 'amtAccepted': 1000000}]"
RP 092324 1,2024-09-23,Reverse Repo,,380372000000,"[{'counterpartyType': 'bank', 'amtAccepted': 0}, {'counterpartyType': 'gse', 'amtAccepted': 24786000000}, {'counterpartyType': 'mmf', 'amtAccepted': 355586000000}, {'counterpartyType': 'pd', 'amtAccepted': 0}]"
RP 092024 1,2024-09-20,Reverse Repo,,339316000000,"[{'counterpartyType': 'bank', 'amtAccepted': 0}, {'counterpartyType': 'gse', 'amtAccepted': 22778000000}, {'counterpartyType': 'mmf', 'amtAccepted': 316538000000}, {'counterpartyType': 'pd', 'amtAccepted': 0}]"
RP 091924 1,2024-09-19,Reverse Repo,,311777000000,"[{'counterpartyType': 'bank', 'amtAccepted': 0}, {'counterpartyType': 'gse', 'amtAccepted': 21607000000}, {'counterpartyType': 'mmf', 'amtAccepted': 290170000000}, {'counterpartyType': 'pd', 'amtAccepted': 0}]"
RP 091824 1,2024-09-18,Reverse Repo,,305831000000,"[{'counterpartyType': 'bank', 'amtAccepted': 0}, {'counterpartyType': 'gse', 'amtAccepted': 27814000000}, {'counterpartyType': 'mmf', 'amtAccepted': 278017000000}, {'counterpartyType': 'pd', 'amtAccepted': 0}]"
RP 091724 1,2024-09-17,Reverse Repo,,256337000000,"[{'counterpartyType': 'bank', 'amtAccepted': 0}, {'counterpartyType': 'gse', 'amtAccepted': 21796000000}, {'counterpartyType': 'mmf', 'amtAccepted': 234541000000}, {'counterpartyType': 'pd', 'amtAccepted': 0}]"
RP 091624 1,2024-09-16,Reverse Repo,,239386000000,"[{'counterpartyType': 'bank', 'amtAccepted': 1000000}, {'counterpartyType': 'gse', 'amtAccepted': 21780000000}, {'counterpartyType': 'mmf', 'amtAccepted': 217605000000}, {'counterpartyType': 'pd', 'amtAccepted': 0}]"
RP 091324 1,2024-09-13,Reverse Repo,,284951000000,"[{'counterpartyType': 'bank', 'amtAccepted': 0}, {'counterpartyType': 'gse', 'amtAccepted': 22992000000}, {'counterpartyType': 'mmf', 'amtAccepted': 261959000000}, {'counterpartyType': 'pd', 'amtAccepted': 0}]"
RP 091224 1,2024-09-12,Reverse Repo,,294464000000,"[{'counterpartyType': 'bank', 'amtAccepted': 0}, {'counterpartyType': 'gse', 'amtAccepted': 27212000000}, {'counterpartyType': 'mmf', 'amtAccepted': 267252000000}, {'counterpartyType': 'pd', 'amtAccepted': 0}]"
RP 091124 1,2024-09-11,Reverse Repo,,279215000000,"[{'counterpartyType': 'bank', 'amtAccepted': 1000000}, {'counterpartyType': 'gse', 'amtAccepted': 23586000000}, {'counterpartyType': 'mmf', 'amtAccepted': 255628000000}, {'counterpartyType': 'pd', 'amtAccepted': 0}]"
RP 091024 1,2024-09-10,Reverse Repo,,281392000000,"[{'counterpartyType': 'bank', 'amtAccepted': 0}, {'counterpartyType': 'gse', 'amtAccepted': 27988000000}, {'counterpartyType': 'mmf', 'amtAccepted': 253404000000}, {'counterpartyType': 'pd', 'amtAccepted': 0}]"
RP 090924 1,2024-09-09,Reverse Repo,,292158000000,"[{'counterpartyType': 'bank', 'amtAccepted': 51000000}, {'counterpartyType': 'gse', 'amtAccepted': 26185000000}, {'counterpartyType': 'mmf', 'amtAccepted': 265922000000}, {'counterpartyType': 'pd', 'amtAccepted': 0}]"
RP 090624 1,2024-09-06,Reverse Repo,,299271000000,"[{'counterpartyType': 'bank', 'amtAccepted': 0}, {'counterpartyType': 'gse', 'amtAccepted': 24437000000}, {'counterpartyType': 'mmf', 'amtAccepted': 274834000000}, {'counterpartyType': 'pd', 'amtAccepted': 0}]"
RP 090524 1,2024-09-05,Reverse Repo,,291091000000,"[{'counterpartyType': 'bank', 'amtAccepted': 0}, {'counterpartyType': 'gse', 'amtAccepted': 23533000000}, {'counterpartyType': 'mmf', 'amtAccepted': 267558000000}, {'counterpartyType': 'pd', 'amtAccepted': 0}]"
RP 090424 1,2024-09-04,Reverse Repo,,337312000000,"[{'counterpartyType': 'bank', 'amtAccepted': 1000000}, {'counterpartyType': 'gse', 'amtAccepted': 23611000000}, {'counterpartyType': 'mmf', 'amtAccepted': 313700000000}, {'counterpartyType': 'pd', 'amtAccepted': 0}]"
RP 090324 1,2024-09-03,Reverse Repo,,349808000000,"[{'counterpartyType': 'bank', 'amtAccepted': 0}, {'counterpartyType': 'gse', 'amtAccepted': 24135000000}, {'counterpartyType': 'mmf', 'amtAccepted': 325673000000}, {'counterpartyType': 'pd', 'amtAccepted': 0}]"
RP 083024 1,2024-08-30,Reverse Repo,,433130000000,"[{'counterpartyType': 'bank', 'amtAccepted': 0}, {'counterpartyType': 'gse', 'amtAccepted': 41157000000}, {'counterpartyType': 'mmf', 'amtAccepted': 391473000000}, {'counterpartyType': 'pd', 'amtAccepted': 500000000}]"
RP 082924 1,2024-08-29,Reverse Repo,,383434000000,"[{'counterpartyType': 'bank', 'amtAccepted': 0}, {'counterpartyType': 'gse', 'amtAccepted': 25344000000}, {'counterpartyType': 'mmf', 'amtAccepted': 357740000000}, {'counterpartyType': 'pd', 'amtAccepted': 350000000}]"
RP 082824 1,2024-08-28,Reverse Repo,,388890000000,"[{'counterpartyType': 'bank', 'amtAccepted': 0}, {'counterpartyType': 'gse', 'amtAccepted': 24629000000}, {'counterpartyType': 'mmf', 'amtAccepted': 362861000000}, {'counterpartyType': 'pd', 'amtAccepted': 1400000000}]"
RP 082724 1,2024-08-27,Reverse Repo,,344045000000,"[{'counterpartyType': 'bank', 'amtAccepted': 0}, {'counterpartyType': 'gse', 'amtAccepted': 25603000000}, {'counterpartyType': 'mmf', 'amtAccepted': 318442000000}, {'counterpartyType': 'pd', 'amtAccepted': 0}]"
RP 082624 1,2024-08-26,Reverse Repo,,353557000000,"[{'counterpartyType': 'bank', 'amtAccepted': 0}, {'counterpartyType': 'gse', 'amtAccepted': 25844000000}, {'counterpartyType': 'mmf', 'amtAccepted': 327713000000}, {'counterpartyType': 'pd', 'amtAccepted': 0}]"
RP 082324 1,2024-08-23,Reverse Repo,,312896000000,"[{'counterpartyType': 'bank', 'amtAccepted': 0}, {'counterpartyType': 'gse', 'amtAccepted': 26861000000}, {'counterpartyType': 'mmf', 'amtAccepted': 286035000000}, {'counterpartyType': 'pd', 'amtAccepted': 0}]"
RP 082224 1,2024-08-22,Reverse Repo,,316777000000,"[{'counterpartyType': 'bank', 'amtAccepted': 0}, {'counterpartyType': 'gse', 'amtAccepted': 24346000000}, {'counterpartyType': 'mmf', 'amtAccepted': 292431000000}, {'counterpartyType': 'pd', 'amtAccepted': 0}]"
RP 082124 1,2024-08-21,Reverse Repo,,321329000000,"[{'counterpartyType': 'bank', 'amtAccepted': 0}, {'counterpartyType': 'gse', 'amtAccepted': 26335000000}, {'counterpartyType': 'mmf', 'amtAccepted': 294994000000}, {'counterpartyType': 'pd', 'amtAccepted': 0}]"
RP 082024 1,2024-08-20,Reverse Repo,,310819000000,"[{'counterpartyType': 'bank', 'amtAccepted': 0}, {'counterpartyType': 'gse', 'amtAccepted': 23724000000}, {'counterpartyType': 'mmf', 'amtAccepted': 286345000000}, {'counterpartyType': 'pd', 'amtAccepted': 750000000}]"
RP 081924 1,2024-08-19,Reverse Repo,,333583000000,"[{'counterpartyType': 'bank', 'amtAccepted': 0}, {'counterpartyType': 'gse', 'amtAccepted': 24640000000}, {'counterpartyType': 'mmf', 'amtAccepted': 308943000000}, {'counterpartyType': 'pd', 'amtAccepted': 0}]"
RP 081624 1,2024-08-16,Reverse Repo,,330317000000,"[{'counterpartyType': 'bank', 'amtAccepted': 0}, {'counterpartyType': 'gse', 'amtAccepted': 25113000000}, {'counterpartyType': 'mmf', 'amtAccepted': 303704000000}, {'counterpartyType': 'pd', 'amtAccepted': 1500000000}]"
RP 081524 1,2024-08-15,Reverse Repo,,307141000000,"[{'counterpartyType': 'bank', 'amtAccepted': 0}, {'counterpartyType': 'gse', 'amtAccepted': 26830000000}, {'counterpartyType': 'mmf', 'amtAccepted': 280311000000}, {'counterpartyType': 'pd', 'amtAccepted': 0}]"
RP 081424 1,2024-08-14,Reverse Repo,,328472000000,"[{'counterpartyType': 'bank', 'amtAccepted': 0}, {'counterpartyType': 'gse', 'amtAccepted': 30706000000}, {'counterpartyType': 'mmf', 'amtAccepted': 295465000000}, {'counterpartyType': 'pd', 'amtAccepted': 2301000000}]"
RP 081324 1,2024-08-13,Reverse Repo,,324494000000,"[{'counterpartyType': 'bank', 'amtAccepted': 0}, {'counterpartyType': 'gse', 'amtAccepted': 30791000000}, {'counterpartyType': 'mmf', 'amtAccepted': 293703000000}, {'counterpartyType': 'pd', 'amtAccepted': 0}]"
RP 081224 1,2024-08-12,Reverse Repo,,328641000000,"[{'counterpartyType': 'bank', 'amtAccepted': 0}, {'counterpartyType': 'gse', 'amtAccepted': 30529000000}, {'counterpartyType': 'mmf', 'amtAccepted': 298112000000}, {'counterpartyType': 'pd', 'amtAccepted': 0}]"
RP 080924 1,2024-08-09,Reverse Repo,,312198000000,"[{'counterpartyType': 'bank', 'amtAccepted': 0}, {'counterpartyType': 'gse', 'amtAccepted': 30884000000}, {'counterpartyType': 'mmf', 'amtAccepted': 281314000000}, {'counterpartyType': 'pd', 'amtAccepted': 0}]"
RP 080824 1,2024-08-08,Reverse Repo,,303159000000,"[{'counterpartyType': 'bank', 'amtAccepted': 0}, {'counterpartyType': 'gse', 'amtAccepted': 30340000000}, {'counterpartyType': 'mmf', 'amtAccepted': 272819000000}, {'counterpartyType': 'pd', 'amtAccepted': 0}]"
RP 080724 1,2024-08-07,Reverse Repo,,286660000000,"[{'counterpartyType': 'bank', 'amtAccepted': 0}, {'counterpartyType': 'gse', 'amtAccepted': 30112000000}, {'counterpartyType': 'mmf', 'amtAccepted': 256548000000}, {'counterpartyType': 'pd', 'amtAccepted': 0}]"
RP 080624 1,2024-08-06,Reverse Repo,,291958000000,"[{'counterpartyType': 'bank', 'amtAccepted': 1000000}, {'counterpartyType': 'gse', 'amtAccepted': 27661000000}, {'counterpartyType': 'mmf', 'amtAccepted': 264296000000}, {'counterpartyType': 'pd', 'amtAccepted': 0}]"
RP 080524 1,2024-08-05,Reverse Repo,,316246000000,"[{'counterpartyType': 'bank', 'amtAccepted': 0}, {'counterpartyType': 'gse', 'amtAccepted': 24983000000}, {'counterpartyType': 'mmf', 'amtAccepted': 291263000000}, {'counterpartyType': 'pd', 'amtAccepted': 0}]"
RP 080224 1,2024-08-02,Reverse Repo,,338473000000,"[{'counterpartyType': 'bank', 'amtAccepted': 0}, {'counterpartyType': 'gse', 'amtAccepted': 25660000000}, {'counterpartyType': 'mmf', 'amtAccepted': 312813000000}, {'counterpartyType': 'pd', 'amtAccepted': 0}]"
RP 080124 1,2024-08-01,Reverse Repo,,348885000000,"[{'counterpartyType': 'bank', 'amtAccepted': 0}, {'counterpartyType': 'gse', 'amtAccepted': 25658000000}, {'counterpartyType': 'mmf', 'amtAccepted': 323227000000}, {'counterpartyType': 'pd', 'amtAccepted': 0}]"
RP 073124 1,2024-07-31,Reverse Repo,,413200000000,"[{'counterpartyType': 'bank', 'amtAccepted': 0}, {'counterpartyType': 'gse', 'amtAccepted': 30735000000}, {'counterpartyType': 'mmf', 'amtAccepted': 382465000000}, {'counterpartyType': 'pd', 'amtAccepted': 0}]"
RP 073024 1,2024-07-30,Reverse Repo,,367054000000,"[{'counterpartyType': 'bank', 'amtAccepted': 0}, {'counterpartyType': 'gse', 'amtAccepted': 21873000000}, {'counterpartyType': 'mmf', 'amtAccepted': 345181000000}, {'counterpartyType': 'pd', 'amtAccepted': 0}]"
RP 072924 1,2024-07-29,Reverse Repo,,385281000000,"[{'counterpartyType': 'bank', 'amtAccepted': 0}, {'counterpartyType': 'gse', 'amtAccepted': 23054000000}, {'counterpartyType': 'mmf', 'amtAccepted': 361727000000}, {'counterpartyType': 'pd', 'amtAccepted': 500000000}]"
RP 072624 1,2024-07-26,Reverse Repo,,381257000000,"[{'counterpartyType': 'bank', 'amtAccepted': 0}, {'counterpartyType': 'gse', 'amtAccepted': 21220000000}, {'counterpartyType': 'mmf', 'amtAccepted': 358037000000}, {'counterpartyType': 'pd', 'amtAccepted': 2000000000}]"
RP 072524 1,2024-07-25,Reverse Repo,,377433000000,"[{'counterpartyType': 'bank', 'amtAccepted': 0}, {'counterpartyType': 'gse', 'amtAccepted': 23177000000}, {'counterpartyType': 'mmf', 'amtAccepted': 354256000000}, {'counterpartyType': 'pd', 'amtAccepted': 0}]"
RP 072424 1,2024-07-24,Reverse Repo,,399121000000,"[{'counterpartyType': 'bank', 'amtAccepted': 0}, {'counterpartyType': 'gse', 'amtAccepted': 23636000000}, {'counterpartyType': 'mmf', 'amtAccepted': 375485000000}, {'counterpartyType': 'pd', 'amtAccepted': 0}]"
RP 072324 1,2024-07-23,Reverse Repo,,389837000000,"[{'counterpartyType': 'bank', 'amtAccepted': 1000000}, {'counterpartyType': 'gse', 'amtAccepted': 27045000000}, {'counterpartyType': 'mmf', 'amtAccepted': 362791000000}, {'counterpartyType': 'pd', 'amtAccepted': 0}]"
RP 072224 1,2024-07-22,Reverse Repo,,395901000000,"[{'counterpartyType': 'bank', 'amtAccepted': 0}, {'counterpartyType': 'gse', 'amtAccepted': 27042000000}, {'counterpartyType': 'mmf', 'amtAccepted': 366259000000}, {'counterpartyType': 'pd', 'amtAccepted': 2600000000}]"
RP 071924 1,2024-07-19,Reverse Repo,,379801000000,"[{'counterpartyType': 'bank', 'amtAccepted': 0}, {'counterpartyType': 'gse', 'amtAccepted': 26179000000}, {'counterpartyType': 'mmf', 'amtAccepted': 353622000000}, {'counterpartyType': 'pd', 'amtAccepted': 0}]"
RP 071824 1,2024-07-18,Reverse Repo,,391652000000,"[{'counterpartyType': 'bank', 'amtAccepted': 0}, {'counterpartyType': 'gse', 'amtAccepted': 26127000000}, {'counterpartyType': 'mmf', 'amtAccepted': 365525000000}, {'counterpartyType': 'pd', 'amtAccepted': 0}]"
RP 071724 1,2024-07-17,Reverse Repo,,399401000000,"[{'counterpartyType': 'bank', 'amtAccepted': 0}, {'counterpartyType': 'gse', 'amtAccepted': 24805000000}, {'counterpartyType': 'mmf', 'amtAccepted': 374596000000}, {'counterpartyType': 'pd', 'amtAccepted': 0}]"
RP 071624 1,2024-07-16,Reverse Repo,,409594000000,"[{'counterpartyType': 'bank', 'amtAccepted': 1000000}, {'counterpartyType': 'gse', 'amtAccepted': 29796000000}, {'counterpartyType': 'mmf', 'amtAccepted': 379796000000}, {'counterpartyType': 'pd', 'amtAccepted': 1000000}]"
RP 071524 1,2024-07-15,Reverse Repo,,413280000000,"[{'counterpartyType': 'bank', 'amtAccepted': 1000000}, {'counterpartyType': 'gse', 'amtAccepted': 29068000000}, {'counterpartyType': 'mmf', 'amtAccepted': 384211000000}, {'counterpartyType': 'pd', 'amtAccepted': 0}]"
RP 071224 1,2024-07-12,Reverse Repo,,406590000000,"[{'counterpartyType': 'bank', 'amtAccepted': 0}, {'counterpartyType': 'gse', 'amtAccepted': 29106000000}, {'counterpartyType': 'mmf', 'amtAccepted': 377484000000}, {'counterpartyType': 'pd', 'amtAccepted': 0}]"
RP 071124 1,2024-07-11,Reverse Repo,,403708000000,"[{'counterpartyType': 'bank', 'amtAccepted': 0}, {'counterpartyType': 'gse', 'amtAccepted': 29064000000}, {'counterpartyType': 'mmf', 'amtAccepted': 374644000000}, {'counterpartyType': 'pd', 'amtAccepted': 0}]"
RP 071024 1,2024-07-10,Reverse Repo,,422147000000,"[{'counterpartyType': 'bank', 'amtAccepted': 0}, {'counterpartyType': 'gse', 'amtAccepted': 29797000000}, {'counterpartyType': 'mmf', 'amtAccepted': 392350000000}, {'counterpartyType': 'pd', 'amtAccepted': 0}]"
RP 070924 1,2024-07-09,Reverse Repo,,423152000000,"[{'counterpartyType': 'bank', 'amtAccepted': 2000000}, {'counterpartyType': 'gse', 'amtAccepted': 28810000000}, {'counterpartyType': 'mmf', 'amtAccepted': 394340000000}, {'counterpartyType': 'pd', 'amtAccepted': 0}]"
RP 070824 1,2024-07-08,Reverse Repo,,415257000000,"[{'counterpartyType': 'bank', 'amtAccepted': 0}, {'counterpartyType': 'gse', 'amtAccepted': 28960000000}, {'counterpartyType': 'mmf', 'amtAccepted': 386297000000}, {'counterpartyType': 'pd', 'amtAccepted': 0}]"
RP 070524 1,2024-07-05,Reverse Repo,,390632000000,"[{'counterpartyType': 'bank', 'amtAccepted': 0}, {'counterpartyType': 'gse', 'amtAccepted': 28460000000}, {'counterpartyType': 'mmf', 'amtAccepted': 362172000000}, {'counterpartyType': 'pd', 'amtAccepted': 0}]"
RP 070324 1,2024-07-03,Reverse Repo,,425898000000,"[{'counterpartyType': 'bank', 'amtAccepted': 0}, {'counterpartyType': 'gse', 'amtAccepted': 28535000000}, {'counterpartyType': 'mmf', 'amtAccepted': 397363000000}, {'counterpartyType': 'pd', 'amtAccepted': 0}]"
RP 070224 1,2024-07-02,Reverse Repo,,443369000000,"[{'counterpartyType': 'bank', 'amtAccepted': 10000000}, {'counterpartyType': 'gse', 'amtAccepted': 26345000000}, {'counterpartyType': 'mmf', 'amtAccepted': 417014000000}, {'counterpartyType': 'pd', 'amtAccepted': 0}]"
RP 070124 1,2024-07-01,Reverse Repo,,451783000000,"[{'counterpartyType': 'bank', 'amtAccepted': 0}, {'counterpartyType': 'gse', 'amtAccepted': 26015000000}, {'counterpartyType': 'mmf', 'amtAccepted': 425768000000}, {'counterpartyType': 'pd', 'amtAccepted': 0}]"
RP 062824 1,2024-06-28,Reverse Repo,,664570000000,"[{'counterpartyType': 'bank', 'amtAccepted': 0}, {'counterpartyType': 'gse', 'amtAccepted': 46315000000}, {'counterpartyType': 'mmf', 'amtAccepted': 618255000000}, {'counterpartyType': 'pd', 'amtAccepted': 0}]"
RP 062724 1,2024-06-27,Reverse Repo,,531692000000,"[{'counterpartyType': 'bank', 'amtAccepted': 1000000}, {'counterpartyType': 'gse', 'amtAccepted': 40445000000}, {'counterpartyType': 'mmf', 'amtAccepted': 491246000000}, {'counterpartyType': 'pd', 'amtAccepted': 0}]"
RP 062624 1,2024-06-26,Reverse Repo,,490156000000,"[{'counterpartyType': 'bank', 'amtAccepted': 0}, {'counterpartyType': 'gse', 'amtAccepted': 29290000000}, {'counterpartyType': 'mmf', 'amtAccepted': 459616000000}, {'counterpartyType': 'pd', 'amtAccepted': 1250000000}]"
RP 062524 1,2024-06-25,Reverse Repo,,466310000000,"[{'counterpartyType': 'bank', 'amtAccepted': 0}, {'counterpartyType': 'gse', 'amtAccepted': 30215000000}, {'counterpartyType': 'mmf', 'amtAccepted': 436095000000}, {'counterpartyType': 'pd', 'amtAccepted': 0}]"
RP 062424 1,2024-06-24,Reverse Repo,,435916000000,"[{'counterpartyType': 'bank', 'amtAccepted': 0}, {'counterpartyType': 'gse', 'amtAccepted': 28477000000}, {'counterpartyType': 'mmf', 'amtAccepted': 407439000000}, {'counterpartyType': 'pd', 'amtAccepted': 0}]"
RP 062124 1,2024-06-21,Reverse Repo,,421040000000,"[{'counterpartyType': 'bank', 'amtAccepted': 0}, {'counterpartyType': 'gse', 'amtAccepted': 27465000000}, {'counterpartyType': 'mmf', 'amtAccepted': 393574000000}, {'counterpartyType': 'pd', 'amtAccepted': 1000000}]"
RP 062024 1,2024-06-20,Reverse Repo,,388841000000,"[{'counterpartyType': 'bank', 'amtAccepted': 0}, {'counterpartyType': 'gse', 'amtAccepted': 28195000000}, {'counterpartyType': 'mmf', 'amtAccepted': 360646000000}, {'counterpartyType': 'pd', 'amtAccepted': 0}]"
RP 061824 1,2024-06-18,Reverse Repo,,375542000000,"[{'counterpartyType': 'bank', 'amtAccepted': 0}, {'counterpartyType': 'gse', 'amtAccepted': 27993000000}, {'counterpartyType': 'mmf', 'amtAccepted': 347549000000}, {'counterpartyType': 'pd', 'amtAccepted': 0}]"
RP 061724 1,2024-06-17,Reverse Repo,,333429000000,"[{'counterpartyType': 'bank', 'amtAccepted': 1000000}, {'counterpartyType': 'gse', 'amtAccepted': 26790000000}, {'counterpartyType': 'mmf', 'amtAccepted': 306638000000}, {'counterpartyType': 'pd', 'amtAccepted': 0}]"
RP 061424 1,2024-06-14,Reverse Repo,,386885000000,"[{'counterpartyType': 'bank', 'amtAccepted': 0}, {'counterpartyType': 'gse', 'amtAccepted': 25465000000}, {'counterpartyType': 'mmf', 'amtAccepted': 361420000000}, {'counterpartyType': 'pd', 'amtAccepted': 0}]"
RP 061324 1,2024-06-13,Reverse Repo,,429864000000,"[{'counterpartyType': 'bank', 'amtAccepted': 0}, {'counterpartyType': 'gse', 'amtAccepted': 27140000000}, {'counterpartyType': 'mmf', 'amtAccepted': 402724000000}, {'counterpartyType': 'pd', 'amtAccepted': 0}]"
RP 061224 1,2024-06-12,Reverse Repo,,447574000000,"[{'counterpartyType': 'bank', 'amtAccepted': 0}, {'counterpartyType': 'gse', 'amtAccepted': 27915000000}, {'counterpartyType': 'mmf', 'amtAccepted': 419659000000}, {'counterpartyType': 'pd', 'amtAccepted': 0}]"
RP 061124 1,2024-06-11,Reverse Repo,,410449000000,"[{'counterpartyType': 'bank', 'amtAccepted': 0}, {'counterpartyType': 'gse', 'amtAccepted': 25775000000}, {'counterpartyType': 'mmf', 'amtAccepted': 384674000000}, {'counterpartyType': 'pd', 'amtAccepted': 0}]"
RP 061024 1,2024-06-10,Reverse Repo,,416481000000,"[{'counterpartyType': 'bank', 'amtAccepted': 0}, {'counterpartyType': 'gse', 'amtAccepted': 25965000000}, {'counterpartyType': 'mmf', 'amtAccepted': 390266000000}, {'counterpartyType': 'pd', 'amtAccepted': 250000000}]"
RP 060724 1,2024-06-07,Reverse Repo,,395462000000,"[{'counterpartyType': 'bank', 'amtAccepted': 0}, {'counterpartyType': 'gse', 'amtAccepted': 25140000000}, {'counterpartyType': 'mmf', 'amtAccepted': 370321000000}, {'counterpartyType': 'pd', 'amtAccepted': 1000000}]"
RP 060624 1,2024-06-06,Reverse Repo,,378125000000,"[{'counterpartyType': 'bank', 'amtAccepted': 1000000}, {'counterpartyType': 'gse', 'amtAccepted': 25115000000}, {'counterpartyType': 'mmf', 'amtAccepted': 353009000000}, {'counterpartyType': 'pd', 'amtAccepted': 0}]"
RP 060524 1,2024-06-05,Reverse Repo,,371841000000,"[{'counterpartyType': 'bank', 'amtAccepted': 6000000}, {'counterpartyType': 'gse', 'amtAccepted': 24650000000}, {'counterpartyType': 'mmf', 'amtAccepted': 347183000000}, {'counterpartyType': 'pd', 'amtAccepted': 2000000}]"
RP 060424 1,2024-06-04,Reverse Repo,,377825000000,"[{'counterpartyType': 'bank', 'amtAccepted': 1000000}, {'counterpartyType': 'gse', 'amtAccepted': 24815000000}, {'counterpartyType': 'mmf', 'amtAccepted': 353009000000}, {'counterpartyType': 'pd', 'amtAccepted': 0}]"
RP 060324 1,2024-06-03,Reverse Repo,,387069000000,"[{'counterpartyType': 'bank', 'amtAccepted': 0}, {'counterpartyType': 'gse', 'amtAccepted': 24265000000}, {'counterpartyType': 'mmf', 'amtAccepted': 362804000000}, {'counterpartyType': 'pd', 'amtAccepted': 0}]"
RP 053124 1,2024-05-31,Reverse Repo,,439806000000,"[{'counterpartyType': 'bank', 'amtAccepted': 0}, {'counterpartyType': 'gse', 'amtAccepted': 24005000000}, {'counterpartyType': 'mmf', 'amtAccepted': 415801000000}, {'counterpartyType': 'pd', 'amtAccepted': 0}]"
RP 053024 1,2024-05-30,Reverse Repo,,452034000000,"[{'counterpartyType': 'bank', 'amtAccepted': 0}, {'counterpartyType': 'gse', 'amtAccepted': 23040000000}, {'counterpartyType': 'mmf', 'amtAccepted': 427394000000}, {'counterpartyType': 'pd', 'amtAccepted': 1600000000}]"
RP 052924 1,2024-05-29,Reverse Repo,,459314000000,"[{'counterpartyType': 'bank', 'amtAccepted': 0}, {'counterpartyType': 'gse', 'amtAccepted': 20715000000}, {'counterpartyType': 'mmf', 'amtAccepted': 438599000000}, {'counterpartyType': 'pd', 'amtAccepted': 0}]"
RP 052824 1,2024-05-28,Reverse Repo,,417836000000,"[{'counterpartyType': 'bank', 'amtAccepted': 0}, {'counterpartyType': 'gse', 'amtAccepted': 20745000000}, {'counterpartyType': 'mmf', 'amtAccepted': 397091000000}, {'counterpartyType': 'pd', 'amtAccepted': 0}]"
RP 052424 1,2024-05-24,Reverse Repo,,431239000000,"[{'counterpartyType': 'bank', 'amtAccepted': 0}, {'counterpartyType': 'gse', 'amtAccepted': 20620000000}, {'counterpartyType': 'mmf', 'amtAccepted': 410619000000}, {'counterpartyType': 'pd', 'amtAccepted': 0}]"
RP 052324 1,2024-05-23,Reverse Repo,,467398000000,"[{'counterpartyType': 'bank', 'amtAccepted': 0}, {'counterpartyType': 'gse', 'amtAccepted': 21940000000}, {'counterpartyType': 'mmf', 'amtAccepted': 445458000000}, {'counterpartyType': 'pd', 'amtAccepted': 0}]"
RP 052224 1,2024-05-22,Reverse Repo,,496382000000,"[{'counterpartyType': 'bank', 'amtAccepted': 1000000}, {'counterpartyType': 'gse', 'amtAccepted': 22140000000}, {'counterpartyType': 'mmf', 'amtAccepted': 474241000000}, {'counterpartyType': 'pd', 'amtAccepted': 0}]"
RP 052124 1,2024-05-21,Reverse Repo,,491720000000,"[{'counterpartyType': 'bank', 'amtAccepted': 0}, {'counterpartyType': 'gse', 'amtAccepted': 22565000000}, {'counterpartyType': 'mmf', 'amtAccepted': 469155000000}, {'counterpartyType': 'pd', 'amtAccepted': 0}]"
RP 052024 1,2024-05-20,Reverse Repo,,489728000000,"[{'counterpartyType': 'bank', 'amtAccepted': 0}, {'counterpartyType': 'gse', 'amtAccepted': 23165000000}, {'counterpartyType': 'mmf', 'amtAccepted': 466563000000}, {'counterpartyType': 'pd', 'amtAccepted': 0}]"
RP 051724 1,2024-05-17,Reverse Repo,,449373000000,"[{'counterpartyType': 'bank', 'amtAccepted': 0}, {'counterpartyType': 'gse', 'amtAccepted': 23540000000}, {'counterpartyType': 'mmf', 'amtAccepted': 425833000000}, {'counterpartyType': 'pd', 'amtAccepted': 0}]"
RP 051624 1,2024-05-16,Reverse Repo,,410121000000,"[{'counterpartyType': 'bank', 'amtAccepted': 0}, {'counterpartyType': 'gse', 'amtAccepted': 24765000000}, {'counterpartyType': 'mmf', 'amtAccepted': 385356000000}, {'counterpartyType': 'pd', 'amtAccepted': 0}]"
RP 051524 1,2024-05-15,Reverse Repo,,443779000000,"[{'counterpartyType': 'bank', 'amtAccepted': 0}, {'counterpartyType': 'gse', 'amtAccepted': 26415000000}, {'counterpartyType': 'mmf', 'amtAccepted': 417364000000}, {'counterpartyType': 'pd', 'amtAccepted': 0}]"
RP 051424 1,2024-05-14,Reverse Repo,,468344000000,"[{'counterpartyType': 'bank', 'amtAccepted': 0}, {'counterpartyType': 'gse', 'amtAccepted': 25865000000}, {'counterpartyType': 'mmf', 'amtAccepted': 442479000000}, {'counterpartyType': 'pd', 'amtAccepted': 0}]"
RP 051324 1,2024-05-13,Reverse Repo,,492068000000,"[{'counterpartyType': 'bank', 'amtAccepted': 0}, {'counterpartyType': 'gse', 'amtAccepted': 26150000000}, {'counterpartyType': 'mmf', 'amtAccepted': 465918000000}, {'counterpartyType': 'pd', 'amtAccepted': 0}]"
RP 051024 1,2024-05-10,Reverse Repo,,486434000000,"[{'counterpartyType': 'bank', 'amtAccepted': 0}, {'counterpartyType': 'gse', 'amtAccepted': 25575000000}, {'counterpartyType': 'mmf', 'amtAccepted': 460859000000}, {'counterpartyType': 'pd', 'amtAccepted': 0}]"
RP 050924 1,2024-05-09,Reverse Repo,,458550000000,"[{'counterpartyType': 'bank', 'amtAccepted': 0}, {'counterpartyType': 'gse', 'amtAccepted': 26125000000}, {'counterpartyType': 'mmf', 'amtAccepted': 432425000000}, {'counterpartyType': 'pd', 'amtAccepted': 0}]"
RP 050824 99,2024-05-08,Reverse Repo,"This operation is a Small Value Exercise (SVE), the daily ON RRP operation will still take place at its regularly scheduled time (12:45pm) EST.",116000000,"[{'counterpartyType': 'bank', 'amtAccepted': 13000000}, {'counterpartyType': 'gse', 'amtAccepted': 11000000}, {'counterpartyType': 'mmf', 'amtAccepted': 68000000}, {'counterpartyType': 'pd', 'amtAccepted': 24000000}]"
RP 050824 1,2024-05-08,Reverse Repo,,493311000000,"[{'counterpartyType': 'bank', 'amtAccepted': 0}, {'counterpartyType': 'gse', 'amtAccepted': 25749000000}, {'counterpartyType': 'mmf', 'amtAccepted': 467562000000}, {'counterpartyType': 'pd', 'amtAccepted': 0}]"
RP 050724 1,2024-05-07,Reverse Repo,,475325000000,"[{'counterpartyType': 'bank', 'amtAccepted': 1000000}, {'counterpartyType': 'gse', 'amtAccepted': 24775000000}, {'counterpartyType': 'mmf', 'amtAccepted': 450549000000}, {'counterpartyType': 'pd', 'amtAccepted': 0}]"
RP 050624 1,2024-05-06,Reverse Repo,,468970000000,"[{'counterpartyType': 'bank', 'amtAccepted': 0}, {'counterpartyType': 'gse', 'amtAccepted': 25450000000}, {'counterpartyType': 'mmf', 'amtAccepted': 443519000000}, {'counterpartyType': 'pd', 'amtAccepted': 1000000}]"
RP 050324 1,2024-05-03,Reverse Repo,,450165000000,"[{'counterpartyType': 'bank', 'amtAccepted': 0}, {'counterpartyType': 'gse', 'amtAccepted': 24125000000}, {'counterpartyType': 'mmf', 'amtAccepted': 426040000000}, {'counterpartyType': 'pd', 'amtAccepted': 0}]"
RP 050224 1,2024-05-02,Reverse Repo,,428680000000,"[{'counterpartyType': 'bank', 'amtAccepted': 0}, {'counterpartyType': 'gse', 'amtAccepted': 24900000000}, {'counterpartyType': 'mmf', 'amtAccepted': 403780000000}, {'counterpartyType': 'pd', 'amtAccepted': 0}]"
RP 050124 1,2024-05-01,Reverse Repo,,438148000000,"[{'counterpartyType': 'bank', 'amtAccepted': 0}, {'counterpartyType': 'gse', 'amtAccepted': 25800000000}, {'counterpartyType': 'mmf', 'amtAccepted': 412348000000}, {'counterpartyType': 'pd', 'amtAccepted': 0}]"
RP 043024 1,2024-04-30,Reverse Repo,,534234000000,"[{'counterpartyType': 'bank', 'amtAccepted': 0}, {'counterpartyType': 'gse', 'amtAccepted': 25525000000}, {'counterpartyType': 'mmf', 'amtAccepted': 508709000000}, {'counterpartyType': 'pd', 'amtAccepted': 0}]"
RP 042924 1,2024-04-29,Reverse Repo,,505530000000,"[{'counterpartyType': 'bank', 'amtAccepted': 0}, {'counterpartyType': 'gse', 'amtAccepted': 21750000000}, {'counterpartyType': 'mmf', 'amtAccepted': 483780000000}, {'counterpartyType': 'pd', 'amtAccepted': 0}]"
RP 042624 1,2024-04-26,Reverse Repo,,464912000000,"[{'counterpartyType': 'bank', 'amtAccepted': 0}, {'counterpartyType': 'gse', 'amtAccepted': 23150000000}, {'counterpartyType': 'mmf', 'amtAccepted': 441562000000}, {'counterpartyType': 'pd', 'amtAccepted': 200000000}]"
RP 042524 1,2024-04-25,Reverse Repo,,443928000000,"[{'counterpartyType': 'bank', 'amtAccepted': 1000000}, {'counterpartyType': 'gse', 'amtAccepted': 23225000000}, {'counterpartyType': 'mmf', 'amtAccepted': 420702000000}, {'counterpartyType': 'pd', 'amtAccepted': 0}]"
RP 042424 1,2024-04-24,Reverse Repo,,441215000000,"[{'counterpartyType': 'bank', 'amtAccepted': 0}, {'counterpartyType': 'gse', 'amtAccepted': 22025000000}, {'counterpartyType': 'mmf', 'amtAccepted': 418390000000}, {'counterpartyType': 'pd', 'amtAccepted': 800000000}]"
RP 042324 1,2024-04-23,Reverse Repo,,435880000000,"[{'counterpartyType': 'bank', 'amtAccepted': 0}, {'counterpartyType': 'gse', 'amtAccepted': 24570000000}, {'counterpartyType': 'mmf', 'amtAccepted': 411310000000}, {'counterpartyType': 'pd', 'amtAccepted': 0}]"
RP 042224 1,2024-04-22,Reverse Repo,,409816000000,"[{'counterpartyType': 'bank', 'amtAccepted': 0}, {'counterpartyType': 'gse', 'amtAccepted': 25585000000}, {'counterpartyType': 'mmf', 'amtAccepted': 384231000000}, {'counterpartyType': 'pd', 'amtAccepted': 0}]"
RP 041924 1,2024-04-19,Reverse Repo,,397234000000,"[{'counterpartyType': 'bank', 'amtAccepted': 0}, {'counterpartyType': 'gse', 'amtAccepted': 25025000000}, {'counterpartyType': 'mmf', 'amtAccepted': 372209000000}, {'counterpartyType': 'pd', 'amtAccepted': 0}]"
RP 041824 1,2024-04-18,Reverse Repo,,433006000000,"[{'counterpartyType': 'bank', 'amtAccepted': 10000000}, {'counterpartyType': 'gse', 'amtAccepted': 24800000000}, {'counterpartyType': 'mmf', 'amtAccepted': 408196000000}, {'counterpartyType': 'pd', 'amtAccepted': 0}]"
RP 041724 1,2024-04-17,Reverse Repo,,440508000000,"[{'counterpartyType': 'bank', 'amtAccepted': 0}, {'counterpartyType': 'gse', 'amtAccepted': 27350000000}, {'counterpartyType': 'mmf', 'amtAccepted': 413158000000}, {'counterpartyType': 'pd', 'amtAccepted': 0}]"
RP 041624 1,2024-04-16,Reverse Repo,,371554000000,"[{'counterpartyType': 'bank', 'amtAccepted': 2000000}, {'counterpartyType': 'gse', 'amtAccepted': 26400000000}, {'counterpartyType': 'mmf', 'amtAccepted': 345152000000}, {'counterpartyType': 'pd', 'amtAccepted': 0}]"
RP 041524 1,2024-04-15,Reverse Repo,,327066000000,"[{'counterpartyType': 'bank', 'amtAccepted': 5000000}, {'counterpartyType': 'gse', 'amtAccepted': 25750000000}, {'counterpartyType': 'mmf', 'amtAccepted': 301310000000}, {'counterpartyType': 'pd', 'amtAccepted': 1000000}]"
RP 041224 1,2024-04-12,Reverse Repo,,407322000000,"[{'counterpartyType': 'bank', 'amtAccepted': 0}, {'counterpartyType': 'gse', 'amtAccepted': 29200000000}, {'counterpartyType': 'mmf', 'amtAccepted': 377372000000}, {'counterpartyType': 'pd', 'amtAccepted': 750000000}]"
RP 041124 1,2024-04-11,Reverse Repo,,455361000000,"[{'counterpartyType': 'bank', 'amtAccepted': 0}, {'counterpartyType': 'gse', 'amtAccepted': 31700000000}, {'counterpartyType': 'mmf', 'amtAccepted': 423661000000}, {'counterpartyType': 'pd', 'amtAccepted': 0}]"
RP 041024 1,2024-04-10,Reverse Repo,,445816000000,"[{'counterpartyType': 'bank', 'amtAccepted': 0}, {'counterpartyType': 'gse', 'amtAccepted': 30500000000}, {'counterpartyType': 'mmf', 'amtAccepted': 415316000000}, {'counterpartyType': 'pd', 'amtAccepted': 0}]"
RP 040924 1,2024-04-09,Reverse Repo,,441792000000,"[{'counterpartyType': 'bank', 'amtAccepted': 0}, {'counterpartyType': 'gse', 'amtAccepted': 30900000000}, {'counterpartyType': 'mmf', 'amtAccepted': 410892000000}, {'counterpartyType': 'pd', 'amtAccepted': 0}]"
RP 040824 2,2024-04-08,Reverse Repo,,448597000000,"[{'counterpartyType': 'bank', 'amtAccepted': 0}, {'counterpartyType': 'gse', 'amtAccepted': 29825000000}, {'counterpartyType': 'mmf', 'amtAccepted': 418772000000}, {'counterpartyType': 'pd', 'amtAccepted': 0}]"
RP 040524 1,2024-04-05,Reverse Repo,,438319000000,"[{'counterpartyType': 'bank', 'amtAccepted': 0}, {'counterpartyType': 'gse', 'amtAccepted': 25700000000}, {'counterpartyType': 'mmf', 'amtAccepted': 412619000000}, {'counterpartyType': 'pd', 'amtAccepted': 0}]"
RP 040424 1,2024-04-04,Reverse Repo,,438764000000,"[{'counterpartyType': 'bank', 'amtAccepted': 0}, {'counterpartyType': 'gse', 'amtAccepted': 27025000000}, {'counterpartyType': 'mmf', 'amtAccepted': 411739000000}, {'counterpartyType': 'pd', 'amtAccepted': 0}]"
RP 040324 1,2024-04-03,Reverse Repo,,436631000000,"[{'counterpartyType': 'bank', 'amtAccepted': 0}, {'counterpartyType': 'gse', 'amtAccepted': 27825000000}, {'counterpartyType': 'mmf', 'amtAccepted': 408806000000}, {'counterpartyType': 'pd', 'amtAccepted': 0}]"
RP 040224 1,2024-04-02,Reverse Repo,,448424000000,"[{'counterpartyType': 'bank', 'amtAccepted': 0}, {'counterpartyType': 'gse', 'amtAccepted': 28085000000}, {'counterpartyType': 'mmf', 'amtAccepted': 420339000000}, {'counterpartyType': 'pd', 'amtAccepted': 0}]"
RP 040124 1,2024-04-01,Reverse Repo,,441903000000,"[{'counterpartyType': 'bank', 'amtAccepted': 0}, {'counterpartyType': 'gse', 'amtAccepted': 27025000000}, {'counterpartyType': 'mmf', 'amtAccepted': 414878000000}, {'counterpartyType': 'pd', 'amtAccepted': 0}]"
RP 032824 1,2024-03-28,Reverse Repo,,594428000000,"[{'counterpartyType': 'bank', 'amtAccepted': 0}, {'counterpartyType': 'gse', 'amtAccepted': 56655000000}, {'counterpartyType': 'mmf', 'amtAccepted': 537773000000}, {'counterpartyType': 'pd', 'amtAccepted': 0}]"
RP 032724 1,2024-03-27,Reverse Repo,,518357000000,"[{'counterpartyType': 'bank', 'amtAccepted': 300000000}, {'counterpartyType': 'gse', 'amtAccepted': 24775000000}, {'counterpartyType': 'mmf', 'amtAccepted': 493082000000}, {'counterpartyType': 'pd', 'amtAccepted': 200000000}]"
RP 032624 1,2024-03-26,Reverse Repo,,496062000000,"[{'counterpartyType': 'bank', 'amtAccepted': 0}, {'counterpartyType': 'gse', 'amtAccepted': 24675000000}, {'counterpartyType': 'mmf', 'amtAccepted': 471137000000}, {'counterpartyType': 'pd', 'amtAccepted': 250000000}]"
RP 032524 1,2024-03-25,Reverse Repo,,473787000000,"[{'counterpartyType': 'bank', 'amtAccepted': 0}, {'counterpartyType': 'gse', 'amtAccepted': 24825000000}, {'counterpartyType': 'mmf', 'amtAccepted': 448962000000}, {'counterpartyType': 'pd', 'amtAccepted': 0}]"
RP 032224 1,2024-03-22,Reverse Repo,,478531000000,"[{'counterpartyType': 'bank', 'amtAccepted': 0}, {'counterpartyType': 'gse', 'amtAccepted': 24625000000}, {'counterpartyType': 'mmf', 'amtAccepted': 453906000000}, {'counterpartyType': 'pd', 'amtAccepted': 0}]"
RP 032124 1,2024-03-21,Reverse Repo,,460631000000,"[{'counterpartyType': 'bank', 'amtAccepted': 0}, {'counterpartyType': 'gse', 'amtAccepted': 23925000000}, {'counterpartyType': 'mmf', 'amtAccepted': 436705000000}, {'counterpartyType': 'pd', 'amtAccepted': 1000000}]"
RP 032024 1,2024-03-20,Reverse Repo,,496245000000,"[{'counterpartyType': 'bank', 'amtAccepted': 0}, {'counterpartyType': 'gse', 'amtAccepted': 22225000000}, {'counterpartyType': 'mmf', 'amtAccepted': 474018000000}, {'counterpartyType': 'pd', 'amtAccepted': 2000000}]"
RP 031924 1,2024-03-19,Reverse Repo,,446978000000,"[{'counterpartyType': 'bank', 'amtAccepted': 0}, {'counterpartyType': 'gse', 'amtAccepted': 10050000000}, {'counterpartyType': 'mmf', 'amtAccepted': 436928000000}, {'counterpartyType': 'pd', 'amtAccepted': 0}]"
RP 031824 1,2024-03-18,Reverse Repo,,440596000000,"[{'counterpartyType': 'bank', 'amtAccepted': 0}, {'counterpartyType': 'gse', 'amtAccepted': 24000000000}, {'counterpartyType': 'mmf', 'amtAccepted': 416596000000}, {'counterpartyType': 'pd', 'amtAccepted': 0}]"
RP 031524 2,2024-03-15,Reverse Repo,,413877000000,"[{'counterpartyType': 'bank', 'amtAccepted': 1000000}, {'counterpartyType': 'gse', 'amtAccepted': 23400000000}, {'counterpartyType': 'mmf', 'amtAccepted': 390476000000}, {'counterpartyType': 'pd', 'amtAccepted': 0}]"
RP 031424 1,2024-03-14,Reverse Repo,,483573000000,"[{'counterpartyType': 'bank', 'amtAccepted': 0}, {'counterpartyType': 'gse', 'amtAccepted': 29405000000}, {'counterpartyType': 'mmf', 'amtAccepted': 454168000000}, {'counterpartyType': 'pd', 'amtAccepted': 0}]"
RP 031324 1,2024-03-13,Reverse Repo,,521738000000,"[{'counterpartyType': 'bank', 'amtAccepted': 1000000}, {'counterpartyType': 'gse', 'amtAccepted': 27605000000}, {'counterpartyType': 'mmf', 'amtAccepted': 494132000000}, {'counterpartyType': 'pd', 'amtAccepted': 0}]"
RP 031224 1,2024-03-12,Reverse Repo,,476862000000,"[{'counterpartyType': 'bank', 'amtAccepted': 0}, {'counterpartyType': 'gse', 'amtAccepted': 26385000000}, {'counterpartyType': 'mmf', 'amtAccepted': 450476000000}, {'counterpartyType': 'pd', 'amtAccepted': 1000000}]"
RP 031124 1,2024-03-11,Reverse Repo,,478728000000,"[{'counterpartyType': 'bank', 'amtAccepted': 0}, {'counterpartyType': 'gse', 'amtAccepted': 25950000000}, {'counterpartyType': 'mmf', 'amtAccepted': 452777000000}, {'counterpartyType': 'pd', 'amtAccepted': 1000000}]"
RP 030824 1,2024-03-08,Reverse Repo,,444803000000,"[{'counterpartyType': 'bank', 'amtAccepted': 0}, {'counterpartyType': 'gse', 'amtAccepted': 26100000000}, {'counterpartyType': 'mmf', 'amtAccepted': 418703000000}, {'counterpartyType': 'pd', 'amtAccepted': 0}]"
RP 030724 1,2024-03-07,Reverse Repo,,436754000000,"[{'counterpartyType': 'bank', 'amtAccepted': 10000000}, {'counterpartyType': 'gse', 'amtAccepted': 35665000000}, {'counterpartyType': 'mmf', 'amtAccepted': 401079000000}, {'counterpartyType': 'pd', 'amtAccepted': 0}]"
RP 030624 1,2024-03-06,Reverse Repo,,456847000000,"[{'counterpartyType': 'bank', 'amtAccepted': 0}, {'counterpartyType': 'gse', 'amtAccepted': 25990000000}, {'counterpartyType': 'mmf', 'amtAccepted': 430857000000}, {'counterpartyType': 'pd', 'amtAccepted': 0}]"
RP 030524 1,2024-03-05,Reverse Repo,,444474000000,"[{'counterpartyType': 'bank', 'amtAccepted': 0}, {'counterpartyType': 'gse', 'amtAccepted': 26025000000}, {'counterpartyType': 'mmf', 'amtAccepted': 418149000000}, {'counterpartyType': 'pd', 'amtAccepted': 300000000}]"
RP 030424 2,2024-03-04,Reverse Repo,,439793000000,"[{'counterpartyType': 'bank', 'amtAccepted': 0}, {'counterpartyType': 'gse', 'amtAccepted': 27450000000}, {'counterpartyType': 'mmf', 'amtAccepted': 412343000000}, {'counterpartyType': 'pd', 'amtAccepted': 0}]"
RP 030124 1,2024-03-01,Reverse Repo,,441265000000,"[{'counterpartyType': 'bank', 'amtAccepted': 0}, {'counterpartyType': 'gse', 'amtAccepted': 29800000000}, {'counterpartyType': 'mmf', 'amtAccepted': 411464000000}, {'counterpartyType': 'pd', 'amtAccepted': 1000000}]"
RP 022924 1,2024-02-29,Reverse Repo,,502074000000,"[{'counterpartyType': 'bank', 'amtAccepted': 0}, {'counterpartyType': 'gse', 'amtAccepted': 37150000000}, {'counterpartyType': 'mmf', 'amtAccepted': 464924000000}, {'counterpartyType': 'pd', 'amtAccepted': 0}]"
RP 022824 1,2024-02-28,Reverse Repo,,569855000000,"[{'counterpartyType': 'bank', 'amtAccepted': 3800000000}, {'counterpartyType': 'gse', 'amtAccepted': 26250000000}, {'counterpartyType': 'mmf', 'amtAccepted': 539805000000}, {'counterpartyType': 'pd', 'amtAccepted': 0}]"
RP 022724 1,2024-02-27,Reverse Repo,,519725000000,"[{'counterpartyType': 'bank', 'amtAccepted': 600000000}, {'counterpartyType': 'gse', 'amtAccepted': 29475000000}, {'counterpartyType': 'mmf', 'amtAccepted': 489400000000}, {'counterpartyType': 'pd', 'amtAccepted': 250000000}]"
RP 022624 1,2024-02-26,Reverse Repo,,524959000000,"[{'counterpartyType': 'bank', 'amtAccepted': 1000000000}, {'counterpartyType': 'gse', 'amtAccepted': 28825000000}, {'counterpartyType': 'mmf', 'amtAccepted': 495134000000}, {'counterpartyType': 'pd', 'amtAccepted': 0}]"
RP 022324 1,2024-02-23,Reverse Repo,,520107000000,"[{'counterpartyType': 'bank', 'amtAccepted': 0}, {'counterpartyType': 'gse', 'amtAccepted': 29925000000}, {'counterpartyType': 'mmf', 'amtAccepted': 490182000000}, {'counterpartyType': 'pd', 'amtAccepted': 0}]"
RP 022224 1,2024-02-22,Reverse Repo,,553245000000,"[{'counterpartyType': 'bank', 'amtAccepted': 100000000}, {'counterpartyType': 'gse', 'amtAccepted': 31750000000}, {'counterpartyType': 'mmf', 'amtAccepted': 521395000000}, {'counterpartyType': 'pd', 'amtAccepted': 0}]"
RP 022124 1,2024-02-21,Reverse Repo,,574882000000,"[{'counterpartyType': 'bank', 'amtAccepted': 0}, {'counterpartyType': 'gse', 'amtAccepted': 35450000000}, {'counterpartyType': 'mmf', 'amtAccepted': 539432000000}, {'counterpartyType': 'pd', 'amtAccepted': 0}]"
RP 022024 1,2024-02-20,Reverse Repo,,530879000000,"[{'counterpartyType': 'bank', 'amtAccepted': 1000000}, {'counterpartyType': 'gse', 'amtAccepted': 31123000000}, {'counterpartyType': 'mmf', 'amtAccepted': 499755000000}, {'counterpartyType': 'pd', 'amtAccepted': 0}]"
RP 021624 1,2024-02-16,Reverse Repo,,532125000000,"[{'counterpartyType': 'bank', 'amtAccepted': 2000000}, {'counterpartyType': 'gse', 'amtAccepted': 41025000000}, {'counterpartyType': 'mmf', 'amtAccepted': 491098000000}, {'counterpartyType': 'pd', 'amtAccepted': 0}]"
RP 021524 1,2024-02-15,Reverse Repo,,493065000000,"[{'counterpartyType': 'bank', 'amtAccepted': 2000000}, {'counterpartyType': 'gse', 'amtAccepted': 32600000000}, {'counterpartyType': 'mmf', 'amtAccepted': 460463000000}, {'counterpartyType': 'pd', 'amtAccepted': 0}]"
RP 021424 1,2024-02-14,Reverse Repo,,575332000000,"[{'counterpartyType': 'bank', 'amtAccepted': 651000000}, {'counterpartyType': 'gse', 'amtAccepted': 41825000000}, {'counterpartyType': 'mmf', 'amtAccepted': 530856000000}, {'counterpartyType': 'pd', 'amtAccepted': 2000000000}]"
RP 021324 1,2024-02-13,Reverse Repo,,553684000000,"[{'counterpartyType': 'bank', 'amtAccepted': 0}, {'counterpartyType': 'gse', 'amtAccepted': 30370000000}, {'counterpartyType': 'mmf', 'amtAccepted': 523314000000}, {'counterpartyType': 'pd', 'amtAccepted': 0}]"
RP 021224 1,2024-02-12,Reverse Repo,,581568000000,"[{'counterpartyType': 'bank', 'amtAccepted': 0}, {'counterpartyType': 'gse', 'amtAccepted': 28475000000}, {'counterpartyType': 'mmf', 'amtAccepted': 553093000000}, {'counterpartyType': 'pd', 'amtAccepted': 0}]"
RP 020924 1,2024-02-09,Reverse Repo,,569175000000,"[{'counterpartyType': 'bank', 'amtAccepted': 2300000000}, {'counterpartyType': 'gse', 'amtAccepted': 27375000000}, {'counterpartyType': 'mmf', 'amtAccepted': 539500000000}, {'counterpartyType': 'pd', 'amtAccepted': 0}]"
RP 020824 1,2024-02-08,Reverse Repo,,535705000000,"[{'counterpartyType': 'bank', 'amtAccepted': 300000000}, {'counterpartyType': 'gse', 'amtAccepted': 28501000000}, {'counterpartyType': 'mmf', 'amtAccepted': 506904000000}, {'counterpartyType': 'pd', 'amtAccepted': 0}]"
RP 020724 1,2024-02-07,Reverse Repo,,553055000000,"[{'counterpartyType': 'bank', 'amtAccepted': 0}, {'counterpartyType': 'gse', 'amtAccepted': 28401000000}, {'counterpartyType': 'mmf', 'amtAccepted': 524654000000}, {'counterpartyType': 'pd', 'amtAccepted': 0}]"
RP 020624 1,2024-02-06,Reverse Repo,,532439000000,"[{'counterpartyType': 'bank', 'amtAccepted': 0}, {'counterpartyType': 'gse', 'amtAccepted': 28450000000}, {'counterpartyType': 'mmf', 'amtAccepted': 503989000000}, {'counterpartyType': 'pd', 'amtAccepted': 0}]"
RP 020524 1,2024-02-05,Reverse Repo,,552289000000,"[{'counterpartyType': 'bank', 'amtAccepted': 701000000}, {'counterpartyType': 'gse', 'amtAccepted': 31400000000}, {'counterpartyType': 'mmf', 'amtAccepted': 519088000000}, {'counterpartyType': 'pd', 'amtAccepted': 1100000000}]"
RP 020224 1,2024-02-02,Reverse Repo,,513422000000,"[{'counterpartyType': 'bank', 'amtAccepted': 0}, {'counterpartyType': 'gse', 'amtAccepted': 30430000000}, {'counterpartyType': 'mmf', 'amtAccepted': 482442000000}, {'counterpartyType': 'pd', 'amtAccepted': 550000000}]"
RP 020124 1,2024-02-01,Reverse Repo,,503548000000,"[{'counterpartyType': 'bank', 'amtAccepted': 0}, {'counterpartyType': 'gse', 'amtAccepted': 25855000000}, {'counterpartyType': 'mmf', 'amtAccepted': 477693000000}, {'counterpartyType': 'pd', 'amtAccepted': 0}]"
RP 013124 1,2024-01-31,Reverse Repo,,615379000000,"[{'counterpartyType': 'bank', 'amtAccepted': 0}, {'counterpartyType': 'gse', 'amtAccepted': 31940000000}, {'counterpartyType': 'mmf', 'amtAccepted': 583439000000}, {'counterpartyType': 'pd', 'amtAccepted': 0}]"
RP 013024 1,2024-01-30,Reverse Repo,,577755000000,"[{'counterpartyType': 'bank', 'amtAccepted': 1000000}, {'counterpartyType': 'gse', 'amtAccepted': 26300000000}, {'counterpartyType': 'mmf', 'amtAccepted': 551453000000}, {'counterpartyType': 'pd', 'amtAccepted': 1000000}]"
RP 012924 1,2024-01-29,Reverse Repo,,581410000000,"[{'counterpartyType': 'bank', 'amtAccepted': 1501000000}, {'counterpartyType': 'gse', 'amtAccepted': 33547000000}, {'counterpartyType': 'mmf', 'amtAccepted': 545362000000}, {'counterpartyType': 'pd', 'amtAccepted': 1000000000}]"
RP 012624 1,2024-01-26,Reverse Repo,,570828000000,"[{'counterpartyType': 'bank', 'amtAccepted': 0}, {'counterpartyType': 'gse', 'amtAccepted': 27155000000}, {'counterpartyType': 'mmf', 'amtAccepted': 543673000000}, {'counterpartyType': 'pd', 'amtAccepted': 0}]"
RP 012524 1,2024-01-25,Reverse Repo,,557687000000,"[{'counterpartyType': 'bank', 'amtAccepted': 0}, {'counterpartyType': 'gse', 'amtAccepted': 29755000000}, {'counterpartyType': 'mmf', 'amtAccepted': 527932000000}, {'counterpartyType': 'pd', 'amtAccepted': 0}]"
RP 012424 1,2024-01-24,Reverse Repo,,639560000000,"[{'counterpartyType': 'bank', 'amtAccepted': 0}, {'counterpartyType': 'gse', 'amtAccepted': 29002000000}, {'counterpartyType': 'mmf', 'amtAccepted': 610258000000}, {'counterpartyType': 'pd', 'amtAccepted': 300000000}]"
RP 012324 1,2024-01-23,Reverse Repo,,621195000000,"[{'counterpartyType': 'bank', 'amtAccepted': 0}, {'counterpartyType': 'gse', 'amtAccepted': 30625000000}, {'counterpartyType': 'mmf', 'amtAccepted': 590570000000}, {'counterpartyType': 'pd', 'amtAccepted': 0}]"
RP 012224 1,2024-01-22,Reverse Repo,,647103000000,"[{'counterpartyType': 'bank', 'amtAccepted': 2400000000}, {'counterpartyType': 'gse', 'amtAccepted': 33650000000}, {'counterpartyType': 'mmf', 'amtAccepted': 610553000000}, {'counterpartyType': 'pd', 'amtAccepted': 500000000}]"
RP 011924 1,2024-01-19,Reverse Repo,,625182000000,"[{'counterpartyType': 'bank', 'amtAccepted': 0}, {'counterpartyType': 'gse', 'amtAccepted': 35775000000}, {'counterpartyType': 'mmf', 'amtAccepted': 589407000000}, {'counterpartyType': 'pd', 'amtAccepted': 0}]"
RP 011824 1,2024-01-18,Reverse Repo,,618234000000,"[{'counterpartyType': 'bank', 'amtAccepted': 1000000}, {'counterpartyType': 'gse', 'amtAccepted': 34242000000}, {'counterpartyType': 'mmf', 'amtAccepted': 583991000000}, {'counterpartyType': 'pd', 'amtAccepted': 0}]"
RP 011724 1,2024-01-17,Reverse Repo,,590191000000,"[{'counterpartyType': 'bank', 'amtAccepted': 1000000}, {'counterpartyType': 'gse', 'amtAccepted': 32150000000}, {'counterpartyType': 'mmf', 'amtAccepted': 558040000000}, {'counterpartyType': 'pd', 'amtAccepted': 0}]"
RP 011624 1,2024-01-16,Reverse Repo,,583103000000,"[{'counterpartyType': 'bank', 'amtAccepted': 0}, {'counterpartyType': 'gse', 'amtAccepted': 29525000000}, {'counterpartyType': 'mmf', 'amtAccepted': 553578000000}, {'counterpartyType': 'pd', 'amtAccepted': 0}]"
RP 011224 1,2024-01-12,Reverse Repo,,603116000000,"[{'counterpartyType': 'bank', 'amtAccepted': 0}, {'counterpartyType': 'gse', 'amtAccepted': 29800000000}, {'counterpartyType': 'mmf', 'amtAccepted': 573316000000}, {'counterpartyType': 'pd', 'amtAccepted': 0}]"
RP 011124 1,2024-01-11,Reverse Repo,,626370000000,"[{'counterpartyType': 'bank', 'amtAccepted': 0}, {'counterpartyType': 'gse', 'amtAccepted': 31600000000}, {'counterpartyType': 'mmf', 'amtAccepted': 594770000000}, {'counterpartyType': 'pd', 'amtAccepted': 0}]"
RP 011024 1,2024-01-10,Reverse Repo,,679961000000,"[{'counterpartyType': 'bank', 'amtAccepted': 0}, {'counterpartyType': 'gse', 'amtAccepted': 26850000000}, {'counterpartyType': 'mmf', 'amtAccepted': 653111000000}, {'counterpartyType': 'pd', 'amtAccepted': 0}]"
RP 010924 1,2024-01-09,Reverse Repo,,676050000000,"[{'counterpartyType': 'bank', 'amtAccepted': 0}, {'counterpartyType': 'gse', 'amtAccepted': 29375000000}, {'counterpartyType': 'mmf', 'amtAccepted': 646675000000}, {'counterpartyType': 'pd', 'amtAccepted': 0}]"
RP 010824 1,2024-01-08,Reverse Repo,,691485000000,"[{'counterpartyType': 'bank', 'amtAccepted': 0}, {'counterpartyType': 'gse', 'amtAccepted': 28150000000}, {'counterpartyType': 'mmf', 'amtAccepted': 663335000000}, {'counterpartyType': 'pd', 'amtAccepted': 0}]"
RP 010524 1,2024-01-05,Reverse Repo,,694478000000,"[{'counterpartyType': 'bank', 'amtAccepted': 0}, {'counterpartyType': 'gse', 'amtAccepted': 31475000000}, {'counterpartyType': 'mmf', 'amtAccepted': 663003000000}, {'counterpartyType': 'pd', 'amtAccepted': 0}]"
RP 010424 1,2024-01-04,Reverse Repo,,664899000000,"[{'counterpartyType': 'bank', 'amtAccepted': 0}, {'counterpartyType': 'gse', 'amtAccepted': 30780000000}, {'counterpartyType': 'mmf', 'amtAccepted': 634119000000}, {'counterpartyType': 'pd', 'amtAccepted': 0}]"
RP 010324 1,2024-01-03,Reverse Repo,,719897000000,"[{'counterpartyType': 'bank', 'amtAccepted': 0}, {'counterpartyType': 'gse', 'amtAccepted': 25100000000}, {'counterpartyType': 'mmf', 'amtAccepted': 694797000000}, {'counterpartyType': 'pd', 'amtAccepted': 0}]"
RP 010224 1,2024-01-02,Reverse Repo,,704864000000,"[{'counterpartyType': 'bank', 'amtAccepted': 0}, {'counterpartyType': 'gse', 'amtAccepted': 27250000000}, {'counterpartyType': 'mmf', 'amtAccepted': 677614000000}, {'counterpartyType': 'pd', 'amtAccepted': 0}]"
RP 122923 1,2023-12-29,Reverse Repo,,1018483000000,"[{'counterpartyType': 'bank', 'amtAccepted': 0}, {'counterpartyType': 'gse', 'amtAccepted': 49800000000}, {'counterpartyType': 'mmf', 'amtAccepted': 968683000000}, {'counterpartyType': 'pd', 'amtAccepted': 0}]"
RP 122823 1,2023-12-28,Reverse Repo,,829573000000,"[{'counterpartyType': 'bank', 'amtAccepted': 0}, {'counterpartyType': 'gse', 'amtAccepted': 31125000000}, {'counterpartyType': 'mmf', 'amtAccepted': 798448000000}, {'counterpartyType': 'pd', 'amtAccepted': 0}]"
RP 122723 1,2023-12-27,Reverse Repo,,818869000000,"[{'counterpartyType': 'bank', 'amtAccepted': 0}, {'counterpartyType': 'gse', 'amtAccepted': 26400000000}, {'counterpartyType': 'mmf', 'amtAccepted': 792468000000}, {'counterpartyType': 'pd', 'amtAccepted': 1000000}]"
RP 122623 1,2023-12-26,Reverse Repo,,793937000000,"[{'counterpartyType': 'bank', 'amtAccepted': 0}, {'counterpartyType': 'gse', 'amtAccepted': 26300000000}, {'counterpartyType': 'mmf', 'amtAccepted': 767637000000}, {'counterpartyType': 'pd', 'amtAccepted': 0}]"
RP 122223 1,2023-12-22,Reverse Repo,,772258000000,"[{'counterpartyType': 'bank', 'amtAccepted': 0}, {'counterpartyType': 'gse', 'amtAccepted': 26275000000}, {'counterpartyType': 'mmf', 'amtAccepted': 745983000000}, {'counterpartyType': 'pd', 'amtAccepted': 0}]"
RP 122123 1,2023-12-21,Reverse Repo,,778402000000,"[{'counterpartyType': 'bank', 'amtAccepted': 0}, {'counterpartyType': 'gse', 'amtAccepted': 32725000000}, {'counterpartyType': 'mmf', 'amtAccepted': 745677000000}, {'counterpartyType': 'pd', 'amtAccepted': 0}]"
RP 122023 1,2023-12-20,Reverse Repo,,779143000000,"[{'counterpartyType': 'bank', 'amtAccepted': 0}, {'counterpartyType': 'gse', 'amtAccepted': 27825000000}, {'counterpartyType': 'mmf', 'amtAccepted': 751318000000}, {'counterpartyType': 'pd', 'amtAccepted': 0}]"
RP 121923 1,2023-12-19,Reverse Repo,,773082000000,"[{'counterpartyType': 'bank', 'amtAccepted': 0}, {'counterpartyType': 'gse', 'amtAccepted': 28500000000}, {'counterpartyType': 'mmf', 'amtAccepted': 744581000000}, {'counterpartyType': 'pd', 'amtAccepted': 1000000}]"
RP 121823 1,2023-12-18,Reverse Repo,,724704000000,"[{'counterpartyType': 'bank', 'amtAccepted': 0}, {'counterpartyType': 'gse', 'amtAccepted': 29625000000}, {'counterpartyType': 'mmf', 'amtAccepted': 695078000000}, {'counterpartyType': 'pd', 'amtAccepted': 1000000}]"
RP 121523 1,2023-12-15,Reverse Repo,,683254000000,"[{'counterpartyType': 'bank', 'amtAccepted': 0}, {'counterpartyType': 'gse', 'amtAccepted': 28225000000}, {'counterpartyType': 'mmf', 'amtAccepted': 655029000000}, {'counterpartyType': 'pd', 'amtAccepted': 0}]"
RP 121423 1,2023-12-14,Reverse Repo,,769346000000,"[{'counterpartyType': 'bank', 'amtAccepted': 2000000}, {'counterpartyType': 'gse', 'amtAccepted': 31405000000}, {'counterpartyType': 'mmf', 'amtAccepted': 737938000000}, {'counterpartyType': 'pd', 'amtAccepted': 1000000}]"
RP 121323 1,2023-12-13,Reverse Repo,,823329000000,"[{'counterpartyType': 'bank', 'amtAccepted': 2000000}, {'counterpartyType': 'gse', 'amtAccepted': 31425000000}, {'counterpartyType': 'mmf', 'amtAccepted': 791899000000}, {'counterpartyType': 'pd', 'amtAccepted': 3000000}]"
RP 121223 1,2023-12-12,Reverse Repo,,837803000000,"[{'counterpartyType': 'bank', 'amtAccepted': 2000000}, {'counterpartyType': 'gse', 'amtAccepted': 34400000000}, {'counterpartyType': 'mmf', 'amtAccepted': 803398000000}, {'counterpartyType': 'pd', 'amtAccepted': 3000000}]"
RP 121123 1,2023-12-11,Reverse Repo,,838507000000,"[{'counterpartyType': 'bank', 'amtAccepted': 1000000}, {'counterpartyType': 'gse', 'amtAccepted': 35400000000}, {'counterpartyType': 'mmf', 'amtAccepted': 803106000000}, {'counterpartyType': 'pd', 'amtAccepted': 0}]"
RP 120823 1,2023-12-08,Reverse Repo,,821408000000,"[{'counterpartyType': 'bank', 'amtAccepted': 0}, {'counterpartyType': 'gse', 'amtAccepted': 36075000000}, {'counterpartyType': 'mmf', 'amtAccepted': 785333000000}, {'counterpartyType': 'pd', 'amtAccepted': 0}]"
RP 120723 1,2023-12-07,Reverse Repo,,825734000000,"[{'counterpartyType': 'bank', 'amtAccepted': 0}, {'counterpartyType': 'gse', 'amtAccepted': 38750000000}, {'counterpartyType': 'mmf', 'amtAccepted': 786984000000}, {'counterpartyType': 'pd', 'amtAccepted': 0}]"
RP 120623 1,2023-12-06,Reverse Repo,,846498000000,"[{'counterpartyType': 'bank', 'amtAccepted': 0}, {'counterpartyType': 'gse', 'amtAccepted': 33100000000}, {'counterpartyType': 'mmf', 'amtAccepted': 813398000000}, {'counterpartyType': 'pd', 'amtAccepted': 0}]"
RP 120523 1,2023-12-05,Reverse Repo,,834428000000,"[{'counterpartyType': 'bank', 'amtAccepted': 0}, {'counterpartyType': 'gse', 'amtAccepted': 27975000000}, {'counterpartyType': 'mmf', 'amtAccepted': 806453000000}, {'counterpartyType': 'pd', 'amtAccepted': 0}]"
RP 120423 1,2023-12-04,Reverse Repo,,815847000000,"[{'counterpartyType': 'bank', 'amtAccepted': 0}, {'counterpartyType': 'gse', 'amtAccepted': 26725000000}, {'counterpartyType': 'mmf', 'amtAccepted': 789122000000}, {'counterpartyType': 'pd', 'amtAccepted': 0}]"
RP 120123 1,2023-12-01,Reverse Repo,,768543000000,"[{'counterpartyType': 'bank', 'amtAccepted': 0}, {'counterpartyType': 'gse', 'amtAccepted': 26600000000}, {'counterpartyType': 'mmf', 'amtAccepted': 741943000000}, {'counterpartyType': 'pd', 'amtAccepted': 0}]"
RP 113023 1,2023-11-30,Reverse Repo,,887822000000,"[{'counterpartyType': 'bank', 'amtAccepted': 0}, {'counterpartyType': 'gse', 'amtAccepted': 38550000000}, {'counterpartyType': 'mmf', 'amtAccepted': 849272000000}, {'counterpartyType': 'pd', 'amtAccepted': 0}]"
RP 112923 1,2023-11-29,Reverse Repo,,914187000000,"[{'counterpartyType': 'bank', 'amtAccepted': 0}, {'counterpartyType': 'gse', 'amtAccepted': 30825000000}, {'counterpartyType': 'mmf', 'amtAccepted': 883362000000}, {'counterpartyType': 'pd', 'amtAccepted': 0}]"
RP 112823 1,2023-11-28,Reverse Repo,,873344000000,"[{'counterpartyType': 'bank', 'amtAccepted': 0}, {'counterpartyType': 'gse', 'amtAccepted': 30100000000}, {'counterpartyType': 'mmf', 'amtAccepted': 843244000000}, {'counterpartyType': 'pd', 'amtAccepted': 0}]"
RP 112723 1,2023-11-27,Reverse Repo,,867220000000,"[{'counterpartyType': 'bank', 'amtAccepted': 0}, {'counterpartyType': 'gse', 'amtAccepted': 30300000000}, {'counterpartyType': 'mmf', 'amtAccepted': 836920000000}, {'counterpartyType': 'pd', 'amtAccepted': 0}]"
RP 112423 1,2023-11-24,Reverse Repo,,865907000000,"[{'counterpartyType': 'bank', 'amtAccepted': 0}, {'counterpartyType': 'gse', 'amtAccepted': 27300000000}, {'counterpartyType': 'mmf', 'amtAccepted': 838607000000}, {'counterpartyType': 'pd', 'amtAccepted': 0}]"
RP 112223 1,2023-11-22,Reverse Repo,,931604000000,"[{'counterpartyType': 'bank', 'amtAccepted': 0}, {'counterpartyType': 'gse', 'amtAccepted': 31800000000}, {'counterpartyType': 'mmf', 'amtAccepted': 899803000000}, {'counterpartyType': 'pd', 'amtAccepted': 1000000}]"
RP 112123 1,2023-11-21,Reverse Repo,,931155000000,"[{'counterpartyType': 'bank', 'amtAccepted': 0}, {'counterpartyType': 'gse', 'amtAccepted': 30705000000}, {'counterpartyType': 'mmf', 'amtAccepted': 900450000000}, {'counterpartyType': 'pd', 'amtAccepted': 0}]"
RP 112023 1,2023-11-20,Reverse Repo,,953088000000,"[{'counterpartyType': 'bank', 'amtAccepted': 0}, {'counterpartyType': 'gse', 'amtAccepted': 31775000000}, {'counterpartyType': 'mmf', 'amtAccepted': 921313000000}, {'counterpartyType': 'pd', 'amtAccepted': 0}]"
RP 111723 1,2023-11-17,Reverse Repo,,935803000000,"[{'counterpartyType': 'bank', 'amtAccepted': 0}, {'counterpartyType': 'gse', 'amtAccepted': 31500000000}, {'counterpartyType': 'mmf', 'amtAccepted': 904303000000}, {'counterpartyType': 'pd', 'amtAccepted': 0}]"
RP 111623 1,2023-11-16,Reverse Repo,,912010000000,"[{'counterpartyType': 'bank', 'amtAccepted': 0}, {'counterpartyType': 'gse', 'amtAccepted': 37155000000}, {'counterpartyType': 'mmf', 'amtAccepted': 874855000000}, {'counterpartyType': 'pd', 'amtAccepted': 0}]"
RP 111523 1,2023-11-15,Reverse Repo,,944241000000,"[{'counterpartyType': 'bank', 'amtAccepted': 0}, {'counterpartyType': 'gse', 'amtAccepted': 37757000000}, {'counterpartyType': 'mmf', 'amtAccepted': 906484000000}, {'counterpartyType': 'pd', 'amtAccepted': 0}]"
RP 111423 1,2023-11-14,Reverse Repo,,988298000000,"[{'counterpartyType': 'bank', 'amtAccepted': 0}, {'counterpartyType': 'gse', 'amtAccepted': 38475000000}, {'counterpartyType': 'mmf', 'amtAccepted': 949823000000}, {'counterpartyType': 'pd', 'amtAccepted': 0}]"
RP 111323 1,2023-11-13,Reverse Repo,,1020272000000,"[{'counterpartyType': 'bank', 'amtAccepted': 0}, {'counterpartyType': 'gse', 'amtAccepted': 42640000000}, {'counterpartyType': 'mmf', 'amtAccepted': 977632000000}, {'counterpartyType': 'pd', 'amtAccepted': 0}]"
RP 111023 1,2023-11-10,Reverse Repo,,1032720000000,"[{'counterpartyType': 'bank', 'amtAccepted': 0}, {'counterpartyType': 'gse', 'amtAccepted': 40840000000}, {'counterpartyType': 'mmf', 'amtAccepted': 991880000000}, {'counterpartyType': 'pd', 'amtAccepted': 0}]"
RP 110923 1,2023-11-09,Reverse Repo,,993314000000,"[{'counterpartyType': 'bank', 'amtAccepted': 0}, {'counterpartyType': 'gse', 'amtAccepted': 40005000000}, {'counterpartyType': 'mmf', 'amtAccepted': 953309000000}, {'counterpartyType': 'pd', 'amtAccepted': 0}]"
RP 110823 1,2023-11-08,Reverse Repo,,1024451000000,"[{'counterpartyType': 'bank', 'amtAccepted': 0}, {'counterpartyType': 'gse', 'amtAccepted': 38200000000}, {'counterpartyType': 'mmf', 'amtAccepted': 986251000000}, {'counterpartyType': 'pd', 'amtAccepted': 0}]"
RP 110723 1,2023-11-07,Reverse Repo,,1008685000000,"[{'counterpartyType': 'bank', 'amtAccepted': 5000000}, {'counterpartyType': 'gse', 'amtAccepted': 37575000000}, {'counterpartyType': 'mmf', 'amtAccepted': 971105000000}, {'counterpartyType': 'pd', 'amtAccepted': 0}]"
RP 110623 1,2023-11-06,Reverse Repo,,1062878000000,"[{'counterpartyType': 'bank', 'amtAccepted': 0}, {'counterpartyType': 'gse', 'amtAccepted': 37625000000}, {'counterpartyType': 'mmf', 'amtAccepted': 1025253000000}, {'counterpartyType': 'pd', 'amtAccepted': 0}]"
RP 110323 1,2023-11-03,Reverse Repo,,1071139000000,"[{'counterpartyType': 'bank', 'amtAccepted': 0}, {'counterpartyType': 'gse', 'amtAccepted': 37025000000}, {'counterpartyType': 'mmf', 'amtAccepted': 1034114000000}, {'counterpartyType': 'pd', 'amtAccepted': 0}]"
RP 110223 1,2023-11-02,Reverse Repo,,1054986000000,"[{'counterpartyType': 'bank', 'amtAccepted': 0}, {'counterpartyType': 'gse', 'amtAccepted': 37105000000}, {'counterpartyType': 'mmf', 'amtAccepted': 1017881000000}, {'counterpartyType': 'pd', 'amtAccepted': 0}]"
RP 110123 1,2023-11-01,Reverse Repo,,1079462000000,"[{'counterpartyType': 'bank', 'amtAccepted': 0}, {'counterpartyType': 'gse', 'amtAccepted': 49000000000}, {'counterpartyType': 'mmf', 'amtAccepted': 1030462000000}, {'counterpartyType': 'pd', 'amtAccepted': 0}]"
RP 103123 1,2023-10-31,Reverse Repo,,1137697000000,"[{'counterpartyType': 'bank', 'amtAccepted': 0}, {'counterpartyType': 'gse', 'amtAccepted': 53575000000}, {'counterpartyType': 'mmf', 'amtAccepted': 1084122000000}, {'counterpartyType': 'pd', 'amtAccepted': 0}]"
RP 103023 1,2023-10-30,Reverse Repo,,1138035000000,"[{'counterpartyType': 'bank', 'amtAccepted': 0}, {'counterpartyType': 'gse', 'amtAccepted': 54325000000}, {'counterpartyType': 'mmf', 'amtAccepted': 1083710000000}, {'counterpartyType': 'pd', 'amtAccepted': 0}]"
RP 102723 1,2023-10-27,Reverse Repo,,1091858000000,"[{'counterpartyType': 'bank', 'amtAccepted': 0}, {'counterpartyType': 'gse', 'amtAccepted': 42350000000}, {'counterpartyType': 'mmf', 'amtAccepted': 1049508000000}, {'counterpartyType': 'pd', 'amtAccepted': 0}]"
RP 102623 1,2023-10-26,Reverse Repo,,1089850000000,"[{'counterpartyType': 'bank', 'amtAccepted': 0}, {'counterpartyType': 'gse', 'amtAccepted': 45475000000}, {'counterpartyType': 'mmf', 'amtAccepted': 1044375000000}, {'counterpartyType': 'pd', 'amtAccepted': 0}]"
RP 102523 1,2023-10-25,Reverse Repo,,1100617000000,"[{'counterpartyType': 'bank', 'amtAccepted': 0}, {'counterpartyType': 'gse', 'amtAccepted': 45475000000}, {'counterpartyType': 'mmf', 'amtAccepted': 1055142000000}, {'counterpartyType': 'pd', 'amtAccepted': 0}]"
RP 102423 1,2023-10-24,Reverse Repo,,1097875000000,"[{'counterpartyType': 'bank', 'amtAccepted': 0}, {'counterpartyType': 'gse', 'amtAccepted': 43475000000}, {'counterpartyType': 'mmf', 'amtAccepted': 1054400000000}, {'counterpartyType': 'pd', 'amtAccepted': 0}]"
RP 102323 1,2023-10-23,Reverse Repo,,1157976000000,"[{'counterpartyType': 'bank', 'amtAccepted': 1000000000}, {'counterpartyType': 'gse', 'amtAccepted': 67495000000}, {'counterpartyType': 'mmf', 'amtAccepted': 1088681000000}, {'counterpartyType': 'pd', 'amtAccepted': 800000000}]"
RP 102023 1,2023-10-20,Reverse Repo,,1138756000000,"[{'counterpartyType': 'bank', 'amtAccepted': 5000000000}, {'counterpartyType': 'gse', 'amtAccepted': 44059000000}, {'counterpartyType': 'mmf', 'amtAccepted': 1084797000000}, {'counterpartyType': 'pd', 'amtAccepted': 4900000000}]"
RP 101923 1,2023-10-19,Reverse Repo,,1114179000000,"[{'counterpartyType': 'bank', 'amtAccepted': 0}, {'counterpartyType': 'gse', 'amtAccepted': 43125000000}, {'counterpartyType': 'mmf', 'amtAccepted': 1071054000000}, {'counterpartyType': 'pd', 'amtAccepted': 0}]"
RP 101823 1,2023-10-18,Reverse Repo,,1150781000000,"[{'counterpartyType': 'bank', 'amtAccepted': 4500000000}, {'counterpartyType': 'gse', 'amtAccepted': 58350000000}, {'counterpartyType': 'mmf', 'amtAccepted': 1084430000000}, {'counterpartyType': 'pd', 'amtAccepted': 3501000000}]"
RP 101723 99,2023-10-17,Reverse Repo,This is a small value exercise for operational readiness testing.,103000000,"[{'counterpartyType': 'bank', 'amtAccepted': 13000000}, {'counterpartyType': 'gse', 'amtAccepted': 9000000}, {'counterpartyType': 'mmf', 'amtAccepted': 58000000}, {'counterpartyType': 'pd', 'amtAccepted': 23000000}]"
RP 101723 1,2023-10-17,Reverse Repo,,1082399000000,"[{'counterpartyType': 'bank', 'amtAccepted': 0}, {'counterpartyType': 'gse', 'amtAccepted': 43649000000}, {'counterpartyType': 'mmf', 'amtAccepted': 1030500000000}, {'counterpartyType': 'pd', 'amtAccepted': 8250000000}]"
RP 101623 1,2023-10-16,Reverse Repo,,1108819000000,"[{'counterpartyType': 'bank', 'amtAccepted': 0}, {'counterpartyType': 'gse', 'amtAccepted': 44125000000}, {'counterpartyType': 'mmf', 'amtAccepted': 1064694000000}, {'counterpartyType': 'pd', 'amtAccepted': 0}]"
RP 101323 1,2023-10-13,Reverse Repo,,1151818000000,"[{'counterpartyType': 'bank', 'amtAccepted': 0}, {'counterpartyType': 'gse', 'amtAccepted': 46825000000}, {'counterpartyType': 'mmf', 'amtAccepted': 1102493000000}, {'counterpartyType': 'pd', 'amtAccepted': 2500000000}]"
RP 101223 1,2023-10-12,Reverse Repo,,1157319000000,"[{'counterpartyType': 'bank', 'amtAccepted': 50000000}, {'counterpartyType': 'gse', 'amtAccepted': 47750000000}, {'counterpartyType': 'mmf', 'amtAccepted': 1109519000000}, {'counterpartyType': 'pd', 'amtAccepted': 0}]"
RP 101123 1,2023-10-11,Reverse Repo,,1239382000000,"[{'counterpartyType': 'bank', 'amtAccepted': 0}, {'counterpartyType': 'gse', 'amtAccepted': 40925000000}, {'counterpartyType': 'mmf', 'amtAccepted': 1196457000000}, {'counterpartyType': 'pd', 'amtAccepted': 2000000000}]"
RP 101023 1,2023-10-10,Reverse Repo,,1222440000000,"[{'counterpartyType': 'bank', 'amtAccepted': 0}, {'counterpartyType': 'gse', 'amtAccepted': 44200000000}, {'counterpartyType': 'mmf', 'amtAccepted': 1178240000000}, {'counterpartyType': 'pd', 'amtAccepted': 0}]"
RP 100623 1,2023-10-06,Reverse Repo,,1283461000000,"[{'counterpartyType': 'bank', 'amtAccepted': 0}, {'counterpartyType': 'gse', 'amtAccepted': 43876000000}, {'counterpartyType': 'mmf', 'amtAccepted': 1239585000000}, {'counterpartyType': 'pd', 'amtAccepted': 0}]"
RP 100523 1,2023-10-05,Reverse Repo,,1265132000000,"[{'counterpartyType': 'bank', 'amtAccepted': 0}, {'counterpartyType': 'gse', 'amtAccepted': 46025000000}, {'counterpartyType': 'mmf', 'amtAccepted': 1219107000000}, {'counterpartyType': 'pd', 'amtAccepted': 0}]"
RP 100423 1,2023-10-04,Reverse Repo,,1342031000000,"[{'counterpartyType': 'bank', 'amtAccepted': 0}, {'counterpartyType': 'gse', 'amtAccepted': 48050000000}, {'counterpartyType': 'mmf', 'amtAccepted': 1293981000000}, {'counterpartyType': 'pd', 'amtAccepted': 0}]"
RP 100323 1,2023-10-03,Reverse Repo,,1348465000000,"[{'counterpartyType': 'bank', 'amtAccepted': 0}, {'counterpartyType': 'gse', 'amtAccepted': 48100000000}, {'counterpartyType': 'mmf', 'amtAccepted': 1300365000000}, {'counterpartyType': 'pd', 'amtAccepted': 0}]"
RP 100223 1,2023-10-02,Reverse Repo,,1365739000000,"[{'counterpartyType': 'bank', 'amtAccepted': 0}, {'counterpartyType': 'gse', 'amtAccepted': 50925000000}, {'counterpartyType': 'mmf', 'amtAccepted': 1314814000000}, {'counterpartyType': 'pd', 'amtAccepted': 0}]"
RP 092923 1,2023-09-29,Reverse Repo,,1557569000000,"[{'counterpartyType': 'bank', 'amtAccepted': 0}, {'counterpartyType': 'gse', 'amtAccepted': 73600000000}, {'counterpartyType': 'mmf', 'amtAccepted': 1483969000000}, {'counterpartyType': 'pd', 'amtAccepted': 0}]"
RP 092823 1,2023-09-28,Reverse Repo,,1453366000000,"[{'counterpartyType': 'bank', 'amtAccepted': 0}, {'counterpartyType': 'gse', 'amtAccepted': 58950000000}, {'counterpartyType': 'mmf', 'amtAccepted': 1394416000000}, {'counterpartyType': 'pd', 'amtAccepted': 0}]"
RP 092723 1,2023-09-27,Reverse Repo,,1442805000000,"[{'counterpartyType': 'bank', 'amtAccepted': 1000000}, {'counterpartyType': 'gse', 'amtAccepted': 58625000000}, {'counterpartyType': 'mmf', 'amtAccepted': 1384179000000}, {'counterpartyType': 'pd', 'amtAccepted': 0}]"
RP 092623 1,2023-09-26,Reverse Repo,,1438301000000,"[{'counterpartyType': 'bank', 'amtAccepted': 0}, {'counterpartyType': 'gse', 'amtAccepted': 58950000000}, {'counterpartyType': 'mmf', 'amtAccepted': 1379351000000}, {'counterpartyType': 'pd', 'amtAccepted': 0}]"
RP 092523 1,2023-09-25,Reverse Repo,,1437310000000,"[{'counterpartyType': 'bank', 'amtAccepted': 0}, {'counterpartyType': 'gse', 'amtAccepted': 61550000000}, {'counterpartyType': 'mmf', 'amtAccepted': 1373760000000}, {'counterpartyType': 'pd', 'amtAccepted': 2000000000}]"
RP 092223 1,2023-09-22,Reverse Repo,,1427575000000,"[{'counterpartyType': 'bank', 'amtAccepted': 0}, {'counterpartyType': 'gse', 'amtAccepted': 62400000000}, {'counterpartyType': 'mmf', 'amtAccepted': 1363175000000}, {'counterpartyType': 'pd', 'amtAccepted': 2000000000}]"
RP 092123 1,2023-09-21,Reverse Repo,,1454115000000,"[{'counterpartyType': 'bank', 'amtAccepted': 0}, {'counterpartyType': 'gse', 'amtAccepted': 63600000000}, {'counterpartyType': 'mmf', 'amtAccepted': 1387515000000}, {'counterpartyType': 'pd', 'amtAccepted': 3000000000}]"
RP 092023 1,2023-09-20,Reverse Repo,,1486984000000,"[{'counterpartyType': 'bank', 'amtAccepted': 0}, {'counterpartyType': 'gse', 'amtAccepted': 63650000000}, {'counterpartyType': 'mmf', 'amtAccepted': 1418334000000}, {'counterpartyType': 'pd', 'amtAccepted': 5000000000}]"
RP 091923 1,2023-09-19,Reverse Repo,,1453324000000,"[{'counterpartyType': 'bank', 'amtAccepted': 1000000}, {'counterpartyType': 'gse', 'amtAccepted': 66175000000}, {'counterpartyType': 'mmf', 'amtAccepted': 1387148000000}, {'counterpartyType': 'pd', 'amtAccepted': 0}]"
RP 091823 1,2023-09-18,Reverse Repo,,1452942000000,"[{'counterpartyType': 'bank', 'amtAccepted': 0}, {'counterpartyType': 'gse', 'amtAccepted': 64450000000}, {'counterpartyType': 'mmf', 'amtAccepted': 1388492000000}, {'counterpartyType': 'pd', 'amtAccepted': 0}]"
RP 091523 1,2023-09-15,Reverse Repo,,1401403000000,"[{'counterpartyType': 'bank', 'amtAccepted': 0}, {'counterpartyType': 'gse', 'amtAccepted': 63700000000}, {'counterpartyType': 'mmf', 'amtAccepted': 1337703000000}, {'counterpartyType': 'pd', 'amtAccepted': 0}]"
RP 091423 1,2023-09-14,Reverse Repo,,1492427000000,"[{'counterpartyType': 'bank', 'amtAccepted': 50000000}, {'counterpartyType': 'gse', 'amtAccepted': 66900000000}, {'counterpartyType': 'mmf', 'amtAccepted': 1425477000000}, {'counterpartyType': 'pd', 'amtAccepted': 0}]"
RP 091323 1,2023-09-13,Reverse Repo,,1546225000000,"[{'counterpartyType': 'bank', 'amtAccepted': 0}, {'counterpartyType': 'gse', 'amtAccepted': 58750000000}, {'counterpartyType': 'mmf', 'amtAccepted': 1487475000000}, {'counterpartyType': 'pd', 'amtAccepted': 0}]"
RP 091223 1,2023-09-12,Reverse Repo,,1493781000000,"[{'counterpartyType': 'bank', 'amtAccepted': 0}, {'counterpartyType': 'gse', 'amtAccepted': 58900000000}, {'counterpartyType': 'mmf', 'amtAccepted': 1434881000000}, {'counterpartyType': 'pd', 'amtAccepted': 0}]"
RP 091123 1,2023-09-11,Reverse Repo,,1549111000000,"[{'counterpartyType': 'bank', 'amtAccepted': 0}, {'counterpartyType': 'gse', 'amtAccepted': 59950000000}, {'counterpartyType': 'mmf', 'amtAccepted': 1489161000000}, {'counterpartyType': 'pd', 'amtAccepted': 0}]"
RP 090823 1,2023-09-08,Reverse Repo,,1525403000000,"[{'counterpartyType': 'bank', 'amtAccepted': 5000000}, {'counterpartyType': 'gse', 'amtAccepted': 61600000000}, {'counterpartyType': 'mmf', 'amtAccepted': 1463798000000}, {'counterpartyType': 'pd', 'amtAccepted': 0}]"
RP 090723 1,2023-09-07,Reverse Repo,,1535289000000,"[{'counterpartyType': 'bank', 'amtAccepted': 0}, {'counterpartyType': 'gse', 'amtAccepted': 67950000000}, {'counterpartyType': 'mmf', 'amtAccepted': 1467339000000}, {'counterpartyType': 'pd', 'amtAccepted': 0}]"
RP 090623 1,2023-09-06,Reverse Repo,,1606244000000,"[{'counterpartyType': 'bank', 'amtAccepted': 1000000}, {'counterpartyType': 'gse', 'amtAccepted': 64750000000}, {'counterpartyType': 'mmf', 'amtAccepted': 1541493000000}, {'counterpartyType': 'pd', 'amtAccepted': 0}]"
RP 090523 1,2023-09-05,Reverse Repo,,1568490000000,"[{'counterpartyType': 'bank', 'amtAccepted': 10000000}, {'counterpartyType': 'gse', 'amtAccepted': 65355000000}, {'counterpartyType': 'mmf', 'amtAccepted': 1503125000000}, {'counterpartyType': 'pd', 'amtAccepted': 0}]"
RP 090123 1,2023-09-01,Reverse Repo,,1574065000000,"[{'counterpartyType': 'bank', 'amtAccepted': 0}, {'counterpartyType': 'gse', 'amtAccepted': 58650000000}, {'counterpartyType': 'mmf', 'amtAccepted': 1515415000000}, {'counterpartyType': 'pd', 'amtAccepted': 0}]"
RP 083123 1,2023-08-31,Reverse Repo,,1651602000000,"[{'counterpartyType': 'bank', 'amtAccepted': 1000000}, {'counterpartyType': 'gse', 'amtAccepted': 86450000000}, {'counterpartyType': 'mmf', 'amtAccepted': 1565151000000}, {'counterpartyType': 'pd', 'amtAccepted': 0}]"
RP 083023 1,2023-08-30,Reverse Repo,,1696819000000,"[{'counterpartyType': 'bank', 'amtAccepted': 1000000}, {'counterpartyType': 'gse', 'amtAccepted': 67855000000}, {'counterpartyType': 'mmf', 'amtAccepted': 1628963000000}, {'counterpartyType': 'pd', 'amtAccepted': 0}]"
RP 082923 1,2023-08-29,Reverse Repo,,1693278000000,"[{'counterpartyType': 'bank', 'amtAccepted': 2000000}, {'counterpartyType': 'gse', 'amtAccepted': 64275000000}, {'counterpartyType': 'mmf', 'amtAccepted': 1629001000000}, {'counterpartyType': 'pd', 'amtAccepted': 0}]"
RP 082823 1,2023-08-28,Reverse Repo,,1708605000000,"[{'counterpartyType': 'bank', 'amtAccepted': 0}, {'counterpartyType': 'gse', 'amtAccepted': 63750000000}, {'counterpartyType': 'mmf', 'amtAccepted': 1644855000000}, {'counterpartyType': 'pd', 'amtAccepted': 0}]"
RP 082523 1,2023-08-25,Reverse Repo,,1687379000000,"[{'counterpartyType': 'bank', 'amtAccepted': 0}, {'counterpartyType': 'gse', 'amtAccepted': 64550000000}, {'counterpartyType': 'mmf', 'amtAccepted': 1622829000000}, {'counterpartyType': 'pd', 'amtAccepted': 0}]"
RP 082423 1,2023-08-24,Reverse Repo,,1731623000000,"[{'counterpartyType': 'bank', 'amtAccepted': 0}, {'counterpartyType': 'gse', 'amtAccepted': 63170000000}, {'counterpartyType': 'mmf', 'amtAccepted': 1668453000000}, {'counterpartyType': 'pd', 'amtAccepted': 0}]"
RP 082323 1,2023-08-23,Reverse Repo,,1816533000000,"[{'counterpartyType': 'bank', 'amtAccepted': 0}, {'counterpartyType': 'gse', 'amtAccepted': 90650000000}, {'counterpartyType': 'mmf', 'amtAccepted': 1725883000000}, {'counterpartyType': 'pd', 'amtAccepted': 0}]"
RP 082223 1,2023-08-22,Reverse Repo,,1812294000000,"[{'counterpartyType': 'bank', 'amtAccepted': 0}, {'counterpartyType': 'gse', 'amtAccepted': 94600000000}, {'counterpartyType': 'mmf', 'amtAccepted': 1714694000000}, {'counterpartyType': 'pd', 'amtAccepted': 3000000000}]"
RP 082123 1,2023-08-21,Reverse Repo,,1824788000000,"[{'counterpartyType': 'bank', 'amtAccepted': 2000000000}, {'counterpartyType': 'gse', 'amtAccepted': 93229000000}, {'counterpartyType': 'mmf', 'amtAccepted': 1725059000000}, {'counterpartyType': 'pd', 'amtAccepted': 4500000000}]"
RP 081823 1,2023-08-18,Reverse Repo,,1819201000000,"[{'counterpartyType': 'bank', 'amtAccepted': 1000000}, {'counterpartyType': 'gse', 'amtAccepted': 89750000000}, {'counterpartyType': 'mmf', 'amtAccepted': 1724950000000}, {'counterpartyType': 'pd', 'amtAccepted': 4500000000}]"
RP 081723 1,2023-08-17,Reverse Repo,,1794120000000,"[{'counterpartyType': 'bank', 'amtAccepted': 0}, {'counterpartyType': 'gse', 'amtAccepted': 81100000000}, {'counterpartyType': 'mmf', 'amtAccepted': 1708520000000}, {'counterpartyType': 'pd', 'amtAccepted': 4500000000}]"
RP 081623 1,2023-08-16,Reverse Repo,,1796725000000,"[{'counterpartyType': 'bank', 'amtAccepted': 0}, {'counterpartyType': 'gse', 'amtAccepted': 78575000000}, {'counterpartyType': 'mmf', 'amtAccepted': 1713650000000}, {'counterpartyType': 'pd', 'amtAccepted': 4500000000}]"
RP 081523 1,2023-08-15,Reverse Repo,,1743784000000,"[{'counterpartyType': 'bank', 'amtAccepted': 0}, {'counterpartyType': 'gse', 'amtAccepted': 75750000000}, {'counterpartyType': 'mmf', 'amtAccepted': 1665034000000}, {'counterpartyType': 'pd', 'amtAccepted': 3000000000}]"
RP 081423 1,2023-08-14,Reverse Repo,,1799311000000,"[{'counterpartyType': 'bank', 'amtAccepted': 0}, {'counterpartyType': 'gse', 'amtAccepted': 75550000000}, {'counterpartyType': 'mmf', 'amtAccepted': 1718261000000}, {'counterpartyType': 'pd', 'amtAccepted': 5500000000}]"
RP 081123 1,2023-08-11,Reverse Repo,,1773236000000,"[{'counterpartyType': 'bank', 'amtAccepted': 0}, {'counterpartyType': 'gse', 'amtAccepted': 61650000000}, {'counterpartyType': 'mmf', 'amtAccepted': 1708586000000}, {'counterpartyType': 'pd', 'amtAccepted': 3000000000}]"
RP 081023 1,2023-08-10,Reverse Repo,,1759897000000,"[{'counterpartyType': 'bank', 'amtAccepted': 0}, {'counterpartyType': 'gse', 'amtAccepted': 64650000000}, {'counterpartyType': 'mmf', 'amtAccepted': 1690747000000}, {'counterpartyType': 'pd', 'amtAccepted': 4500000000}]"
RP 080923 1,2023-08-09,Reverse Repo,,1796519000000,"[{'counterpartyType': 'bank', 'amtAccepted': 1000000}, {'counterpartyType': 'gse', 'amtAccepted': 71650000000}, {'counterpartyType': 'mmf', 'amtAccepted': 1721868000000}, {'counterpartyType': 'pd', 'amtAccepted': 3000000000}]"
RP 080823 1,2023-08-08,Reverse Repo,,1778351000000,"[{'counterpartyType': 'bank', 'amtAccepted': 1000000}, {'counterpartyType': 'gse', 'amtAccepted': 65201000000}, {'counterpartyType': 'mmf', 'amtAccepted': 1710149000000}, {'counterpartyType': 'pd', 'amtAccepted': 3000000000}]"
RP 080723 1,2023-08-07,Reverse Repo,,1810583000000,"[{'counterpartyType': 'bank', 'amtAccepted': 0}, {'counterpartyType': 'gse', 'amtAccepted': 72225000000}, {'counterpartyType': 'mmf', 'amtAccepted': 1734358000000}, {'counterpartyType': 'pd', 'amtAccepted': 4000000000}]"
RP 080423 1,2023-08-04,Reverse Repo,,1793804000000,"[{'counterpartyType': 'bank', 'amtAccepted': 0}, {'counterpartyType': 'gse', 'amtAccepted': 81952000000}, {'counterpartyType': 'mmf', 'amtAccepted': 1702852000000}, {'counterpartyType': 'pd', 'amtAccepted': 9000000000}]"
RP 080323 1,2023-08-03,Reverse Repo,,1776774000000,"[{'counterpartyType': 'bank', 'amtAccepted': 0}, {'counterpartyType': 'gse', 'amtAccepted': 59950000000}, {'counterpartyType': 'mmf', 'amtAccepted': 1710324000000}, {'counterpartyType': 'pd', 'amtAccepted': 6500000000}]"
RP 080223 1,2023-08-02,Reverse Repo,,1770186000000,"[{'counterpartyType': 'bank', 'amtAccepted': 0}, {'counterpartyType': 'gse', 'amtAccepted': 56225000000}, {'counterpartyType': 'mmf', 'amtAccepted': 1708211000000}, {'counterpartyType': 'pd', 'amtAccepted': 5750000000}]"
RP 080123 1,2023-08-01,Reverse Repo,,1739554000000,"[{'counterpartyType': 'bank', 'amtAccepted': 0}, {'counterpartyType': 'gse', 'amtAccepted': 54500000000}, {'counterpartyType': 'mmf', 'amtAccepted': 1683554000000}, {'counterpartyType': 'pd', 'amtAccepted': 1500000000}]"
RP 073123 1,2023-07-31,Reverse Repo,,1821124000000,"[{'counterpartyType': 'bank', 'amtAccepted': 1000000}, {'counterpartyType': 'gse', 'amtAccepted': 64000000000}, {'counterpartyType': 'mmf', 'amtAccepted': 1753123000000}, {'counterpartyType': 'pd', 'amtAccepted': 4000000000}]"
RP 072823 1,2023-07-28,Reverse Repo,,1730227000000,"[{'counterpartyType': 'bank', 'amtAccepted': 0}, {'counterpartyType': 'gse', 'amtAccepted': 61800000000}, {'counterpartyType': 'mmf', 'amtAccepted': 1660527000000}, {'counterpartyType': 'pd', 'amtAccepted': 7900000000}]"
RP 072723 1,2023-07-27,Reverse Repo,,1735783000000,"[{'counterpartyType': 'bank', 'amtAccepted': 0}, {'counterpartyType': 'gse', 'amtAccepted': 65925000000}, {'counterpartyType': 'mmf', 'amtAccepted': 1669858000000}, {'counterpartyType': 'pd', 'amtAccepted': 0}]"
RP 072623 1,2023-07-26,Reverse Repo,,1749733000000,"[{'counterpartyType': 'bank', 'amtAccepted': 1000000}, {'counterpartyType': 'gse', 'amtAccepted': 48100000000}, {'counterpartyType': 'mmf', 'amtAccepted': 1700632000000}, {'counterpartyType': 'pd', 'amtAccepted': 1000000000}]"
RP 072523 1,2023-07-25,Reverse Repo,,1720716000000,"[{'counterpartyType': 'bank', 'amtAccepted': 1000000}, {'counterpartyType': 'gse', 'amtAccepted': 53000000000}, {'counterpartyType': 'mmf', 'amtAccepted': 1666215000000}, {'counterpartyType': 'pd', 'amtAccepted': 1500000000}]"
RP 072423 1,2023-07-24,Reverse Repo,,1770867000000,"[{'counterpartyType': 'bank', 'amtAccepted': 1000000}, {'counterpartyType': 'gse', 'amtAccepted': 53300000000}, {'counterpartyType': 'mmf', 'amtAccepted': 1711566000000}, {'counterpartyType': 'pd', 'amtAccepted': 6000000000}]"
RP 072123 1,2023-07-21,Reverse Repo,,1770752000000,"[{'counterpartyType': 'bank', 'amtAccepted': 0}, {'counterpartyType': 'gse', 'amtAccepted': 54250000000}, {'counterpartyType': 'mmf', 'amtAccepted': 1710502000000}, {'counterpartyType': 'pd', 'amtAccepted': 6000000000}]"
RP 072023 1,2023-07-20,Reverse Repo,,1721001000000,"[{'counterpartyType': 'bank', 'amtAccepted': 0}, {'counterpartyType': 'gse', 'amtAccepted': 58600000000}, {'counterpartyType': 'mmf', 'amtAccepted': 1657401000000}, {'counterpartyType': 'pd', 'amtAccepted': 5000000000}]"
RP 071923 1,2023-07-19,Reverse Repo,,1732804000000,"[{'counterpartyType': 'bank', 'amtAccepted': 0}, {'counterpartyType': 'gse', 'amtAccepted': 56250000000}, {'counterpartyType': 'mmf', 'amtAccepted': 1671554000000}, {'counterpartyType': 'pd', 'amtAccepted': 5000000000}]"
RP 071823 1,2023-07-18,Reverse Repo,,1716862000000,"[{'counterpartyType': 'bank', 'amtAccepted': 0}, {'counterpartyType': 'gse', 'amtAccepted': 56700000000}, {'counterpartyType': 'mmf', 'amtAccepted': 1655162000000}, {'counterpartyType': 'pd', 'amtAccepted': 5000000000}]"
RP 071723 99,2023-07-17,Reverse Repo,,1728322000000,"[{'counterpartyType': 'bank', 'amtAccepted': 0}, {'counterpartyType': 'gse', 'amtAccepted': 56501000000}, {'counterpartyType': 'mmf', 'amtAccepted': 1666821000000}, {'counterpartyType': 'pd', 'amtAccepted': 5000000000}]"
RP 071423 1,2023-07-14,Reverse Repo,,1740777000000,"[{'counterpartyType': 'bank', 'amtAccepted': 0}, {'counterpartyType': 'gse', 'amtAccepted': 56350000000}, {'counterpartyType': 'mmf', 'amtAccepted': 1679427000000}, {'counterpartyType': 'pd', 'amtAccepted': 5000000000}]"
RP 071323 1,2023-07-13,Reverse Repo,,1767432000000,"[{'counterpartyType': 'bank', 'amtAccepted': 0}, {'counterpartyType': 'gse', 'amtAccepted': 72725000000}, {'counterpartyType': 'mmf', 'amtAccepted': 1694707000000}, {'counterpartyType': 'pd', 'amtAccepted': 0}]"
RP 071223 1,2023-07-12,Reverse Repo,,1820146000000,"[{'counterpartyType': 'bank', 'amtAccepted': 10000000}, {'counterpartyType': 'gse', 'amtAccepted': 68700000000}, {'counterpartyType': 'mmf', 'amtAccepted': 1751436000000}, {'counterpartyType': 'pd', 'amtAccepted': 0}]"
RP 071123 1,2023-07-11,Reverse Repo,,1775796000000,"[{'counterpartyType': 'bank', 'amtAccepted': 0}, {'counterpartyType': 'gse', 'amtAccepted': 70250000000}, {'counterpartyType': 'mmf', 'amtAccepted': 1705546000000}, {'counterpartyType': 'pd', 'amtAccepted': 0}]"
RP 071023 1,2023-07-10,Reverse Repo,,1811981000000,"[{'counterpartyType': 'bank', 'amtAccepted': 0}, {'counterpartyType': 'gse', 'amtAccepted': 67000000000}, {'counterpartyType': 'mmf', 'amtAccepted': 1744981000000}, {'counterpartyType': 'pd', 'amtAccepted': 0}]"
RP 070723 1,2023-07-07,Reverse Repo,,1822303000000,"[{'counterpartyType': 'bank', 'amtAccepted': 0}, {'counterpartyType': 'gse', 'amtAccepted': 68950000000}, {'counterpartyType': 'mmf', 'amtAccepted': 1753353000000}, {'counterpartyType': 'pd', 'amtAccepted': 0}]"
RP 070623 1,2023-07-06,Reverse Repo,,1854256000000,"[{'counterpartyType': 'bank', 'amtAccepted': 10000000}, {'counterpartyType': 'gse', 'amtAccepted': 72900000000}, {'counterpartyType': 'mmf', 'amtAccepted': 1781346000000}, {'counterpartyType': 'pd', 'amtAccepted': 0}]"
RP 070523 1,2023-07-05,Reverse Repo,,1867061000000,"[{'counterpartyType': 'bank', 'amtAccepted': 0}, {'counterpartyType': 'gse', 'amtAccepted': 70675000000}, {'counterpartyType': 'mmf', 'amtAccepted': 1796386000000}, {'counterpartyType': 'pd', 'amtAccepted': 0}]"
RP 070323 1,2023-07-03,Reverse Repo,,1909639000000,"[{'counterpartyType': 'bank', 'amtAccepted': 0}, {'counterpartyType': 'gse', 'amtAccepted': 76525000000}, {'counterpartyType': 'mmf', 'amtAccepted': 1831614000000}, {'counterpartyType': 'pd', 'amtAccepted': 1500000000}]"
RP 063023 1,2023-06-30,Reverse Repo,,2034319000000,"[{'counterpartyType': 'bank', 'amtAccepted': 0}, {'counterpartyType': 'gse', 'amtAccepted': 128325000000}, {'counterpartyType': 'mmf', 'amtAccepted': 1905994000000}, {'counterpartyType': 'pd', 'amtAccepted': 0}]"
RP 062923 1,2023-06-29,Reverse Repo,,1934684000000,"[{'counterpartyType': 'bank', 'amtAccepted': 0}, {'counterpartyType': 'gse', 'amtAccepted': 85325000000}, {'counterpartyType': 'mmf', 'amtAccepted': 1849359000000}, {'counterpartyType': 'pd', 'amtAccepted': 0}]"
RP 062823 1,2023-06-28,Reverse Repo,,1945211000000,"[{'counterpartyType': 'bank', 'amtAccepted': 0}, {'counterpartyType': 'gse', 'amtAccepted': 74275000000}, {'counterpartyType': 'mmf', 'amtAccepted': 1870936000000}, {'counterpartyType': 'pd', 'amtAccepted': 0}]"
RP 062723 1,2023-06-27,Reverse Repo,,1951098000000,"[{'counterpartyType': 'bank', 'amtAccepted': 1000000}, {'counterpartyType': 'gse', 'amtAccepted': 79775000000}, {'counterpartyType': 'mmf', 'amtAccepted': 1871322000000}, {'counterpartyType': 'pd', 'amtAccepted': 0}]"
RP 062623 1,2023-06-26,Reverse Repo,,1961027000000,"[{'counterpartyType': 'bank', 'amtAccepted': 2000000}, {'counterpartyType': 'gse', 'amtAccepted': 80925000000}, {'counterpartyType': 'mmf', 'amtAccepted': 1880099000000}, {'counterpartyType': 'pd', 'amtAccepted': 1000000}]"
RP 062323 1,2023-06-23,Reverse Repo,,1969380000000,"[{'counterpartyType': 'bank', 'amtAccepted': 0}, {'counterpartyType': 'gse', 'amtAccepted': 79000000000}, {'counterpartyType': 'mmf', 'amtAccepted': 1889380000000}, {'counterpartyType': 'pd', 'amtAccepted': 1000000000}]"
RP 062223 1,2023-06-22,Reverse Repo,,1994711000000,"[{'counterpartyType': 'bank', 'amtAccepted': 0}, {'counterpartyType': 'gse', 'amtAccepted': 106425000000}, {'counterpartyType': 'mmf', 'amtAccepted': 1887286000000}, {'counterpartyType': 'pd', 'amtAccepted': 1000000000}]"
RP 062123 1,2023-06-21,Reverse Repo,,2037102000000,"[{'counterpartyType': 'bank', 'amtAccepted': 0}, {'counterpartyType': 'gse', 'amtAccepted': 117900000000}, {'counterpartyType': 'mmf', 'amtAccepted': 1919202000000}, {'counterpartyType': 'pd', 'amtAccepted': 0}]"
RP 062023 1,2023-06-20,Reverse Repo,,1989489000000,"[{'counterpartyType': 'bank', 'amtAccepted': 0}, {'counterpartyType': 'gse', 'amtAccepted': 117675000000}, {'counterpartyType': 'mmf', 'amtAccepted': 1871814000000}, {'counterpartyType': 'pd', 'amtAccepted': 0}]"
RP 061623 1,2023-06-16,Reverse Repo,,2011556000000,"[{'counterpartyType': 'bank', 'amtAccepted': 0}, {'counterpartyType': 'gse', 'amtAccepted': 114775000000}, {'counterpartyType': 'mmf', 'amtAccepted': 1896781000000}, {'counterpartyType': 'pd', 'amtAccepted': 0}]"
RP 061523 1,2023-06-15,Reverse Repo,,1992140000000,"[{'counterpartyType': 'bank', 'amtAccepted': 0}, {'counterpartyType': 'gse', 'amtAccepted': 103875000000}, {'counterpartyType': 'mmf', 'amtAccepted': 1888265000000}, {'counterpartyType': 'pd', 'amtAccepted': 0}]"
RP 061423 1,2023-06-14,Reverse Repo,,2109105000000,"[{'counterpartyType': 'bank', 'amtAccepted': 2000000}, {'counterpartyType': 'gse', 'amtAccepted': 108100000000}, {'counterpartyType': 'mmf', 'amtAccepted': 2001003000000}, {'counterpartyType': 'pd', 'amtAccepted': 0}]"
RP 061323 1,2023-06-13,Reverse Repo,,2074520000000,"[{'counterpartyType': 'bank', 'amtAccepted': 1000000}, {'counterpartyType': 'gse', 'amtAccepted': 135800000000}, {'counterpartyType': 'mmf', 'amtAccepted': 1938718000000}, {'counterpartyType': 'pd', 'amtAccepted': 1000000}]"
RP 061223 1,2023-06-12,Reverse Repo,,2126870000000,"[{'counterpartyType': 'bank', 'amtAccepted': 0}, {'counterpartyType': 'gse', 'amtAccepted': 124450000000}, {'counterpartyType': 'mmf', 'amtAccepted': 2002419000000}, {'counterpartyType': 'pd', 'amtAccepted': 1000000}]"
RP 060923 1,2023-06-09,Reverse Repo,,2127652000000,"[{'counterpartyType': 'bank', 'amtAccepted': 0}, {'counterpartyType': 'gse', 'amtAccepted': 128645000000}, {'counterpartyType': 'mmf', 'amtAccepted': 1999007000000}, {'counterpartyType': 'pd', 'amtAccepted': 0}]"
RP 060823 1,2023-06-08,Reverse Repo,,2141798000000,"[{'counterpartyType': 'bank', 'amtAccepted': 0}, {'counterpartyType': 'gse', 'amtAccepted': 134200000000}, {'counterpartyType': 'mmf', 'amtAccepted': 2007598000000}, {'counterpartyType': 'pd', 'amtAccepted': 0}]"
RP 060723 1,2023-06-07,Reverse Repo,,2161556000000,"[{'counterpartyType': 'bank', 'amtAccepted': 0}, {'counterpartyType': 'gse', 'amtAccepted': 133100000000}, {'counterpartyType': 'mmf', 'amtAccepted': 2023956000000}, {'counterpartyType': 'pd', 'amtAccepted': 4500000000}]"
RP 060623 1,2023-06-06,Reverse Repo,,2134638000000,"[{'counterpartyType': 'bank', 'amtAccepted': 0}, {'counterpartyType': 'gse', 'amtAccepted': 143950000000}, {'counterpartyType': 'mmf', 'amtAccepted': 1990688000000}, {'counterpartyType': 'pd', 'amtAccepted': 0}]"
RP 060523 1,2023-06-05,Reverse Repo,,2131417000000,"[{'counterpartyType': 'bank', 'amtAccepted': 0}, {'counterpartyType': 'gse', 'amtAccepted': 143600000000}, {'counterpartyType': 'mmf', 'amtAccepted': 1987817000000}, {'counterpartyType': 'pd', 'amtAccepted': 0}]"
RP 060223 1,2023-06-02,Reverse Repo,,2142102000000,"[{'counterpartyType': 'bank', 'amtAccepted': 0}, {'counterpartyType': 'gse', 'amtAccepted': 158750000000}, {'counterpartyType': 'mmf', 'amtAccepted': 1983352000000}, {'counterpartyType': 'pd', 'amtAccepted': 0}]"
RP 060123 1,2023-06-01,Reverse Repo,,2160055000000,"[{'counterpartyType': 'bank', 'amtAccepted': 0}, {'counterpartyType': 'gse', 'amtAccepted': 186850000000}, {'counterpartyType': 'mmf', 'amtAccepted': 1973205000000}, {'counterpartyType': 'pd', 'amtAccepted': 0}]"
RP 053123 1,2023-05-31,Reverse Repo,,2254859000000,"[{'counterpartyType': 'bank', 'amtAccepted': 1000000}, {'counterpartyType': 'gse', 'amtAccepted': 210900000000}, {'counterpartyType': 'mmf', 'amtAccepted': 2043958000000}, {'counterpartyType': 'pd', 'amtAccepted': 0}]"
RP 053023 1,2023-05-30,Reverse Repo,,2200479000000,"[{'counterpartyType': 'bank', 'amtAccepted': 0}, {'counterpartyType': 'gse', 'amtAccepted': 161563000000}, {'counterpartyType': 'mmf', 'amtAccepted': 2038916000000}, {'counterpartyType': 'pd', 'amtAccepted': 0}]"
RP 052623 1,2023-05-26,Reverse Repo,,2189681000000,"[{'counterpartyType': 'bank', 'amtAccepted': 0}, {'counterpartyType': 'gse', 'amtAccepted': 141800000000}, {'counterpartyType': 'mmf', 'amtAccepted': 2042381000000}, {'counterpartyType': 'pd', 'amtAccepted': 5500000000}]"
RP 052523 1,2023-05-25,Reverse Repo,,2197638000000,"[{'counterpartyType': 'bank', 'amtAccepted': 0}, {'counterpartyType': 'gse', 'amtAccepted': 139350000000}, {'counterpartyType': 'mmf', 'amtAccepted': 2055288000000}, {'counterpartyType': 'pd', 'amtAccepted': 3000000000}]"
RP 052423 1,2023-05-24,Reverse Repo,,2250709000000,"[{'counterpartyType': 'bank', 'amtAccepted': 0}, {'counterpartyType': 'gse', 'amtAccepted': 125100000000}, {'counterpartyType': 'mmf', 'amtAccepted': 2121109000000}, {'counterpartyType': 'pd', 'amtAccepted': 4500000000}]"
RP 052323 1,2023-05-23,Reverse Repo,,2256689000000,"[{'counterpartyType': 'bank', 'amtAccepted': 0}, {'counterpartyType': 'gse', 'amtAccepted': 122400000000}, {'counterpartyType': 'mmf', 'amtAccepted': 2134289000000}, {'counterpartyType': 'pd', 'amtAccepted': 0}]"
RP 052223 1,2023-05-22,Reverse Repo,,2275311000000,"[{'counterpartyType': 'bank', 'amtAccepted': 0}, {'counterpartyType': 'gse', 'amtAccepted': 127625000000}, {'counterpartyType': 'mmf', 'amtAccepted': 2147686000000}, {'counterpartyType': 'pd', 'amtAccepted': 0}]"
RP 051923 1,2023-05-19,Reverse Repo,,2276720000000,"[{'counterpartyType': 'bank', 'amtAccepted': 0}, {'counterpartyType': 'gse', 'amtAccepted': 127875000000}, {'counterpartyType': 'mmf', 'amtAccepted': 2148345000000}, {'counterpartyType': 'pd', 'amtAccepted': 500000000}]"
RP 051823 1,2023-05-18,Reverse Repo,,2238266000000,"[{'counterpartyType': 'bank', 'amtAccepted': 0}, {'counterpartyType': 'gse', 'amtAccepted': 119325000000}, {'counterpartyType': 'mmf', 'amtAccepted': 2118941000000}, {'counterpartyType': 'pd', 'amtAccepted': 0}]"
RP 051723 1,2023-05-17,Reverse Repo,,2213676000000,"[{'counterpartyType': 'bank', 'amtAccepted': 0}, {'counterpartyType': 'gse', 'amtAccepted': 108525000000}, {'counterpartyType': 'mmf', 'amtAccepted': 2105151000000}, {'counterpartyType': 'pd', 'amtAccepted': 0}]"
RP 051623 1,2023-05-16,Reverse Repo,,2203214000000,"[{'counterpartyType': 'bank', 'amtAccepted': 0}, {'counterpartyType': 'gse', 'amtAccepted': 99175000000}, {'counterpartyType': 'mmf', 'amtAccepted': 2104039000000}, {'counterpartyType': 'pd', 'amtAccepted': 0}]"
RP 051523 1,2023-05-15,Reverse Repo,,2220927000000,"[{'counterpartyType': 'bank', 'amtAccepted': 0}, {'counterpartyType': 'gse', 'amtAccepted': 98425000000}, {'counterpartyType': 'mmf', 'amtAccepted': 2119502000000}, {'counterpartyType': 'pd', 'amtAccepted': 3000000000}]"
RP 051223 1,2023-05-12,Reverse Repo,,2229199000000,"[{'counterpartyType': 'bank', 'amtAccepted': 0}, {'counterpartyType': 'gse', 'amtAccepted': 91450000000}, {'counterpartyType': 'mmf', 'amtAccepted': 2137749000000}, {'counterpartyType': 'pd', 'amtAccepted': 0}]"
RP 051123 1,2023-05-11,Reverse Repo,,2242243000000,"[{'counterpartyType': 'bank', 'amtAccepted': 0}, {'counterpartyType': 'gse', 'amtAccepted': 88925000000}, {'counterpartyType': 'mmf', 'amtAccepted': 2153318000000}, {'counterpartyType': 'pd', 'amtAccepted': 0}]"
RP 051023 1,2023-05-10,Reverse Repo,,2233149000000,"[{'counterpartyType': 'bank', 'amtAccepted': 0}, {'counterpartyType': 'gse', 'amtAccepted': 83975000000}, {'counterpartyType': 'mmf', 'amtAccepted': 2146168000000}, {'counterpartyType': 'pd', 'amtAccepted': 3006000000}]"
RP 050923 1,2023-05-09,Reverse Repo,,2222864000000,"[{'counterpartyType': 'bank', 'amtAccepted': 1000000}, {'counterpartyType': 'gse', 'amtAccepted': 72950000000}, {'counterpartyType': 'mmf', 'amtAccepted': 2149913000000}, {'counterpartyType': 'pd', 'amtAccepted': 0}]"
RP 050823 1,2023-05-08,Reverse Repo,,2217601000000,"[{'counterpartyType': 'bank', 'amtAccepted': 1000000}, {'counterpartyType': 'gse', 'amtAccepted': 67950000000}, {'counterpartyType': 'mmf', 'amtAccepted': 2147644000000}, {'counterpartyType': 'pd', 'amtAccepted': 2006000000}]"
RP 050523 1,2023-05-05,Reverse Repo,,2207415000000,"[{'counterpartyType': 'bank', 'amtAccepted': 1000000}, {'counterpartyType': 'gse', 'amtAccepted': 66100000000}, {'counterpartyType': 'mmf', 'amtAccepted': 2141314000000}, {'counterpartyType': 'pd', 'amtAccepted': 0}]"
RP 050423 1,2023-05-04,Reverse Repo,,2242399000000,"[{'counterpartyType': 'bank', 'amtAccepted': 10000000}, {'counterpartyType': 'gse', 'amtAccepted': 71725000000}, {'counterpartyType': 'mmf', 'amtAccepted': 2170664000000}, {'counterpartyType': 'pd', 'amtAccepted': 0}]"
RP 050323 1,2023-05-03,Reverse Repo,,2258222000000,"[{'counterpartyType': 'bank', 'amtAccepted': 1000000}, {'counterpartyType': 'gse', 'amtAccepted': 80600000000}, {'counterpartyType': 'mmf', 'amtAccepted': 2177621000000}, {'counterpartyType': 'pd', 'amtAccepted': 0}]"
RP 050223 1,2023-05-02,Reverse Repo,,2267130000000,"[{'counterpartyType': 'bank', 'amtAccepted': 0}, {'counterpartyType': 'gse', 'amtAccepted': 82550000000}, {'counterpartyType': 'mmf', 'amtAccepted': 2184580000000}, {'counterpartyType': 'pd', 'amtAccepted': 0}]"
RP 050123 1,2023-05-01,Reverse Repo,,2239866000000,"[{'counterpartyType': 'bank', 'amtAccepted': 1000000}, {'counterpartyType': 'gse', 'amtAccepted': 94150000000}, {'counterpartyType': 'mmf', 'amtAccepted': 2145715000000}, {'counterpartyType': 'pd', 'amtAccepted': 0}]"
RP 042823 1,2023-04-28,Reverse Repo,,2325479000000,"[{'counterpartyType': 'bank', 'amtAccepted': 1000000}, {'counterpartyType': 'gse', 'amtAccepted': 101600000000}, {'counterpartyType': 'mmf', 'amtAccepted': 2213878000000}, {'counterpartyType': 'pd', 'amtAccepted': 10000000000}]"
RP 042723 1,2023-04-27,Reverse Repo,,2273926000000,"[{'counterpartyType': 'bank', 'amtAccepted': 1000000}, {'counterpartyType': 'gse', 'amtAccepted': 90100000000}, {'counterpartyType': 'mmf', 'amtAccepted': 2182825000000}, {'counterpartyType': 'pd', 'amtAccepted': 1000000000}]"
RP 042623 1,2023-04-26,Reverse Repo,,2279561000000,"[{'counterpartyType': 'bank', 'amtAccepted': 0}, {'counterpartyType': 'gse', 'amtAccepted': 76950000000}, {'counterpartyType': 'mmf', 'amtAccepted': 2202611000000}, {'counterpartyType': 'pd', 'amtAccepted': 0}]"
RP 042523 1,2023-04-25,Reverse Repo,,2275402000000,"[{'counterpartyType': 'bank', 'amtAccepted': 1000000}, {'counterpartyType': 'gse', 'amtAccepted': 74950000000}, {'counterpartyType': 'mmf', 'amtAccepted': 2200451000000}, {'counterpartyType': 'pd', 'amtAccepted': 0}]"
RP 042423 1,2023-04-24,Reverse Repo,,2308538000000,"[{'counterpartyType': 'bank', 'amtAccepted': 0}, {'counterpartyType': 'gse', 'amtAccepted': 88800000000}, {'counterpartyType': 'mmf', 'amtAccepted': 2212238000000}, {'counterpartyType': 'pd', 'amtAccepted': 7500000000}]"
RP 042123 1,2023-04-21,Reverse Repo,,2290023000000,"[{'counterpartyType': 'bank', 'amtAccepted': 1000000}, {'counterpartyType': 'gse', 'amtAccepted': 100425000000}, {'counterpartyType': 'mmf', 'amtAccepted': 2184997000000}, {'counterpartyType': 'pd', 'amtAccepted': 4600000000}]"
RP 042023 1,2023-04-20,Reverse Repo,,2277259000000,"[{'counterpartyType': 'bank', 'amtAccepted': 0}, {'counterpartyType': 'gse', 'amtAccepted': 103350000000}, {'counterpartyType': 'mmf', 'amtAccepted': 2173109000000}, {'counterpartyType': 'pd', 'amtAccepted': 800000000}]"
RP 041923 1,2023-04-19,Reverse Repo,,2294677000000,"[{'counterpartyType': 'bank', 'amtAccepted': 50000000}, {'counterpartyType': 'gse', 'amtAccepted': 114620000000}, {'counterpartyType': 'mmf', 'amtAccepted': 2173257000000}, {'counterpartyType': 'pd', 'amtAccepted': 6750000000}]"
RP 041823 1,2023-04-18,Reverse Repo,,2238994000000,"[{'counterpartyType': 'bank', 'amtAccepted': 0}, {'counterpartyType': 'gse', 'amtAccepted': 91085000000}, {'counterpartyType': 'mmf', 'amtAccepted': 2140509000000}, {'counterpartyType': 'pd', 'amtAccepted': 7400000000}]"
RP 041723 1,2023-04-17,Reverse Repo,,2256845000000,"[{'counterpartyType': 'bank', 'amtAccepted': 0}, {'counterpartyType': 'gse', 'amtAccepted': 105650000000}, {'counterpartyType': 'mmf', 'amtAccepted': 2151195000000}, {'counterpartyType': 'pd', 'amtAccepted': 0}]"
RP 041423 1,2023-04-14,Reverse Repo,,2253786000000,"[{'counterpartyType': 'bank', 'amtAccepted': 0}, {'counterpartyType': 'gse', 'amtAccepted': 102150000000}, {'counterpartyType': 'mmf', 'amtAccepted': 2150636000000}, {'counterpartyType': 'pd', 'amtAccepted': 1000000000}]"
RP 041323 1,2023-04-13,Reverse Repo,,2321699000000,"[{'counterpartyType': 'bank', 'amtAccepted': 0}, {'counterpartyType': 'gse', 'amtAccepted': 115650000000}, {'counterpartyType': 'mmf', 'amtAccepted': 2206049000000}, {'counterpartyType': 'pd', 'amtAccepted': 0}]"
RP 041223 1,2023-04-12,Reverse Repo,,2303862000000,"[{'counterpartyType': 'bank', 'amtAccepted': 0}, {'counterpartyType': 'gse', 'amtAccepted': 96741000000}, {'counterpartyType': 'mmf', 'amtAccepted': 2206121000000}, {'counterpartyType': 'pd', 'amtAccepted': 1000000000}]"
RP 041123 1,2023-04-11,Reverse Repo,,2297208000000,"[{'counterpartyType': 'bank', 'amtAccepted': 0}, {'counterpartyType': 'gse', 'amtAccepted': 103086000000}, {'counterpartyType': 'mmf', 'amtAccepted': 2186622000000}, {'counterpartyType': 'pd', 'amtAccepted': 7500000000}]"
RP 041023 1,2023-04-10,Reverse Repo,,2239655000000,"[{'counterpartyType': 'bank', 'amtAccepted': 50000000}, {'counterpartyType': 'gse', 'amtAccepted': 101350000000}, {'counterpartyType': 'mmf', 'amtAccepted': 2122755000000}, {'counterpartyType': 'pd', 'amtAccepted': 15500000000}]"
RP 040623 1,2023-04-06,Reverse Repo,,2173663000000,"[{'counterpartyType': 'bank', 'amtAccepted': 0}, {'counterpartyType': 'gse', 'amtAccepted': 102400000000}, {'counterpartyType': 'mmf', 'amtAccepted': 2071263000000}, {'counterpartyType': 'pd', 'amtAccepted': 0}]"
RP 040523 1,2023-04-05,Reverse Repo,,2243011000000,"[{'counterpartyType': 'bank', 'amtAccepted': 0}, {'counterpartyType': 'gse', 'amtAccepted': 106525000000}, {'counterpartyType': 'mmf', 'amtAccepted': 2131236000000}, {'counterpartyType': 'pd', 'amtAccepted': 5250000000}]"
RP 040423 1,2023-04-04,Reverse Repo,,2219375000000,"[{'counterpartyType': 'bank', 'amtAccepted': 2000000}, {'counterpartyType': 'gse', 'amtAccepted': 114100000000}, {'counterpartyType': 'mmf', 'amtAccepted': 2105273000000}, {'counterpartyType': 'pd', 'amtAccepted': 0}]"
RP 040323 1,2023-04-03,Reverse Repo,,2221010000000,"[{'counterpartyType': 'bank', 'amtAccepted': 1000000}, {'counterpartyType': 'gse', 'amtAccepted': 110900000000}, {'counterpartyType': 'mmf', 'amtAccepted': 2110109000000}, {'counterpartyType': 'pd', 'amtAccepted': 0}]"
RP 033123 1,2023-03-31,Reverse Repo,,2375171000000,"[{'counterpartyType': 'bank', 'amtAccepted': 0}, {'counterpartyType': 'gse', 'amtAccepted': 144330000000}, {'counterpartyType': 'mmf', 'amtAccepted': 2230841000000}, {'counterpartyType': 'pd', 'amtAccepted': 0}]"
RP 033023 1,2023-03-30,Reverse Repo,,2271531000000,"[{'counterpartyType': 'bank', 'amtAccepted': 0}, {'counterpartyType': 'gse', 'amtAccepted': 111750000000}, {'counterpartyType': 'mmf', 'amtAccepted': 2159781000000}, {'counterpartyType': 'pd', 'amtAccepted': 0}]"
RP 032923 1,2023-03-29,Reverse Repo,,2264862000000,"[{'counterpartyType': 'bank', 'amtAccepted': 1000000}, {'counterpartyType': 'gse', 'amtAccepted': 105350000000}, {'counterpartyType': 'mmf', 'amtAccepted': 2156511000000}, {'counterpartyType': 'pd', 'amtAccepted': 3000000000}]"
RP 032823 1,2023-03-28,Reverse Repo,,2231749000000,"[{'counterpartyType': 'bank', 'amtAccepted': 0}, {'counterpartyType': 'gse', 'amtAccepted': 101900000000}, {'counterpartyType': 'mmf', 'amtAccepted': 2126349000000}, {'counterpartyType': 'pd', 'amtAccepted': 3500000000}]"
RP 032723 1,2023-03-27,Reverse Repo,,2220131000000,"[{'counterpartyType': 'bank', 'amtAccepted': 0}, {'counterpartyType': 'gse', 'amtAccepted': 96600000000}, {'counterpartyType': 'mmf', 'amtAccepted': 2123531000000}, {'counterpartyType': 'pd', 'amtAccepted': 0}]"
RP 032423 1,2023-03-24,Reverse Repo,,2218458000000,"[{'counterpartyType': 'bank', 'amtAccepted': 0}, {'counterpartyType': 'gse', 'amtAccepted': 93333000000}, {'counterpartyType': 'mmf', 'amtAccepted': 2118125000000}, {'counterpartyType': 'pd', 'amtAccepted': 7000000000}]"
RP 032323 1,2023-03-23,Reverse Repo,,2233956000000,"[{'counterpartyType': 'bank', 'amtAccepted': 0}, {'counterpartyType': 'gse', 'amtAccepted': 110150000000}, {'counterpartyType': 'mmf', 'amtAccepted': 2123806000000}, {'counterpartyType': 'pd', 'amtAccepted': 0}]"
RP 032223 1,2023-03-22,Reverse Repo,,2279608000000,"[{'counterpartyType': 'bank', 'amtAccepted': 0}, {'counterpartyType': 'gse', 'amtAccepted': 130050000000}, {'counterpartyType': 'mmf', 'amtAccepted': 2141558000000}, {'counterpartyType': 'pd', 'amtAccepted': 8000000000}]"
RP 032123 1,2023-03-21,Reverse Repo,,2194631000000,"[{'counterpartyType': 'bank', 'amtAccepted': 0}, {'counterpartyType': 'gse', 'amtAccepted': 106600000000}, {'counterpartyType': 'mmf', 'amtAccepted': 2080231000000}, {'counterpartyType': 'pd', 'amtAccepted': 7800000000}]"
RP 032023 1,2023-03-20,Reverse Repo,,2098393000000,"[{'counterpartyType': 'bank', 'amtAccepted': 0}, {'counterpartyType': 'gse', 'amtAccepted': 103950000000}, {'counterpartyType': 'mmf', 'amtAccepted': 1990693000000}, {'counterpartyType': 'pd', 'amtAccepted': 3750000000}]"
RP 031723 1,2023-03-17,Reverse Repo,,2106166000000,"[{'counterpartyType': 'bank', 'amtAccepted': 0}, {'counterpartyType': 'gse', 'amtAccepted': 110450000000}, {'counterpartyType': 'mmf', 'amtAccepted': 1995716000000}, {'counterpartyType': 'pd', 'amtAccepted': 0}]"
RP 031623 1,2023-03-16,Reverse Repo,,2066319000000,"[{'counterpartyType': 'bank', 'amtAccepted': 0}, {'counterpartyType': 'gse', 'amtAccepted': 90800000000}, {'counterpartyType': 'mmf', 'amtAccepted': 1975519000000}, {'counterpartyType': 'pd', 'amtAccepted': 0}]"
RP 031523 1,2023-03-15,Reverse Repo,,2055823000000,"[{'counterpartyType': 'bank', 'amtAccepted': 0}, {'counterpartyType': 'gse', 'amtAccepted': 80750000000}, {'counterpartyType': 'mmf', 'amtAccepted': 1973073000000}, {'counterpartyType': 'pd', 'amtAccepted': 2000000000}]"
RP 031423 1,2023-03-14,Reverse Repo,,2042579000000,"[{'counterpartyType': 'bank', 'amtAccepted': 0}, {'counterpartyType': 'gse', 'amtAccepted': 60091000000}, {'counterpartyType': 'mmf', 'amtAccepted': 1981488000000}, {'counterpartyType': 'pd', 'amtAccepted': 1000000000}]"
RP 031323 1,2023-03-13,Reverse Repo,,2126677000000,"[{'counterpartyType': 'bank', 'amtAccepted': 0}, {'counterpartyType': 'gse', 'amtAccepted': 51242000000}, {'counterpartyType': 'mmf', 'amtAccepted': 2071985000000}, {'counterpartyType': 'pd', 'amtAccepted': 3450000000}]"
RP 031023 1,2023-03-10,Reverse Repo,,2188375000000,"[{'counterpartyType': 'bank', 'amtAccepted': 0}, {'counterpartyType': 'gse', 'amtAccepted': 62625000000}, {'counterpartyType': 'mmf', 'amtAccepted': 2123750000000}, {'counterpartyType': 'pd', 'amtAccepted': 2000000000}]"
RP 030923 1,2023-03-09,Reverse Repo,,2229623000000,"[{'counterpartyType': 'bank', 'amtAccepted': 0}, {'counterpartyType': 'gse', 'amtAccepted': 75975000000}, {'counterpartyType': 'mmf', 'amtAccepted': 2151648000000}, {'counterpartyType': 'pd', 'amtAccepted': 2000000000}]"
RP 030823 2,2023-03-08,Reverse Repo,,2193237000000,"[{'counterpartyType': 'bank', 'amtAccepted': 0}, {'counterpartyType': 'gse', 'amtAccepted': 66675000000}, {'counterpartyType': 'mmf', 'amtAccepted': 2123812000000}, {'counterpartyType': 'pd', 'amtAccepted': 2750000000}]"
RP 030723 1,2023-03-07,Reverse Repo,,2170195000000,"[{'counterpartyType': 'bank', 'amtAccepted': 0}, {'counterpartyType': 'gse', 'amtAccepted': 67275000000}, {'counterpartyType': 'mmf', 'amtAccepted': 2100920000000}, {'counterpartyType': 'pd', 'amtAccepted': 2000000000}]"
RP 030623 1,2023-03-06,Reverse Repo,,2190793000000,"[{'counterpartyType': 'bank', 'amtAccepted': 0}, {'counterpartyType': 'gse', 'amtAccepted': 74550000000}, {'counterpartyType': 'mmf', 'amtAccepted': 2114243000000}, {'counterpartyType': 'pd', 'amtAccepted': 2000000000}]"
RP 030323 1,2023-03-03,Reverse Repo,,2186150000000,"[{'counterpartyType': 'bank', 'amtAccepted': 0}, {'counterpartyType': 'gse', 'amtAccepted': 72350000000}, {'counterpartyType': 'mmf', 'amtAccepted': 2109200000000}, {'counterpartyType': 'pd', 'amtAccepted': 4600000000}]"
RP 030223 1,2023-03-02,Reverse Repo,,2192355000000,"[{'counterpartyType': 'bank', 'amtAccepted': 0}, {'counterpartyType': 'gse', 'amtAccepted': 65150000000}, {'counterpartyType': 'mmf', 'amtAccepted': 2122205000000}, {'counterpartyType': 'pd', 'amtAccepted': 5000000000}]"
RP 030123 1,2023-03-01,Reverse Repo,,2133950000000,"[{'counterpartyType': 'bank', 'amtAccepted': 0}, {'counterpartyType': 'gse', 'amtAccepted': 57850000000}, {'counterpartyType': 'mmf', 'amtAccepted': 2071100000000}, {'counterpartyType': 'pd', 'amtAccepted': 5000000000}]"
RP 022823 1,2023-02-28,Reverse Repo,,2188035000000,"[{'counterpartyType': 'bank', 'amtAccepted': 0}, {'counterpartyType': 'gse', 'amtAccepted': 84200000000}, {'counterpartyType': 'mmf', 'amtAccepted': 2097335000000}, {'counterpartyType': 'pd', 'amtAccepted': 6500000000}]"
RP 022723 1,2023-02-27,Reverse Repo,,2162435000000,"[{'counterpartyType': 'bank', 'amtAccepted': 0}, {'counterpartyType': 'gse', 'amtAccepted': 85458000000}, {'counterpartyType': 'mmf', 'amtAccepted': 2063976000000}, {'counterpartyType': 'pd', 'amtAccepted': 13001000000}]"
RP 022423 1,2023-02-24,Reverse Repo,,2142141000000,"[{'counterpartyType': 'bank', 'amtAccepted': 0}, {'counterpartyType': 'gse', 'amtAccepted': 84208000000}, {'counterpartyType': 'mmf', 'amtAccepted': 2054683000000}, {'counterpartyType': 'pd', 'amtAccepted': 3250000000}]"
RP 022323 1,2023-02-23,Reverse Repo,,2147417000000,"[{'counterpartyType': 'bank', 'amtAccepted': 1000000}, {'counterpartyType': 'gse', 'amtAccepted': 83071000000}, {'counterpartyType': 'mmf', 'amtAccepted': 2058845000000}, {'counterpartyType': 'pd', 'amtAccepted': 5500000000}]"
RP 022223 1,2023-02-22,Reverse Repo,,2113849000000,"[{'counterpartyType': 'bank', 'amtAccepted': 1000000}, {'counterpartyType': 'gse', 'amtAccepted': 68921000000}, {'counterpartyType': 'mmf', 'amtAccepted': 2033427000000}, {'counterpartyType': 'pd', 'amtAccepted': 11500000000}]"
RP 022123 1,2023-02-21,Reverse Repo,,2046064000000,"[{'counterpartyType': 'bank', 'amtAccepted': 1000000}, {'counterpartyType': 'gse', 'amtAccepted': 56650000000}, {'counterpartyType': 'mmf', 'amtAccepted': 1982313000000}, {'counterpartyType': 'pd', 'amtAccepted': 7100000000}]"
RP 021723 1,2023-02-17,Reverse Repo,,2059662000000,"[{'counterpartyType': 'bank', 'amtAccepted': 0}, {'counterpartyType': 'gse', 'amtAccepted': 64625000000}, {'counterpartyType': 'mmf', 'amtAccepted': 1992287000000}, {'counterpartyType': 'pd', 'amtAccepted': 2750000000}]"
RP 021623 1,2023-02-16,Reverse Repo,,2032457000000,"[{'counterpartyType': 'bank', 'amtAccepted': 0}, {'counterpartyType': 'gse', 'amtAccepted': 70125000000}, {'counterpartyType': 'mmf', 'amtAccepted': 1960332000000}, {'counterpartyType': 'pd', 'amtAccepted': 2000000000}]"
RP 021523 1,2023-02-15,Reverse Repo,,2011998000000,"[{'counterpartyType': 'bank', 'amtAccepted': 0}, {'counterpartyType': 'gse', 'amtAccepted': 59550000000}, {'counterpartyType': 'mmf', 'amtAccepted': 1950448000000}, {'counterpartyType': 'pd', 'amtAccepted': 2000000000}]"
RP 021423 1,2023-02-14,Reverse Repo,,2076548000000,"[{'counterpartyType': 'bank', 'amtAccepted': 0}, {'counterpartyType': 'gse', 'amtAccepted': 70675000000}, {'counterpartyType': 'mmf', 'amtAccepted': 2003372000000}, {'counterpartyType': 'pd', 'amtAccepted': 2501000000}]"
RP 021323 1,2023-02-13,Reverse Repo,,2107775000000,"[{'counterpartyType': 'bank', 'amtAccepted': 0}, {'counterpartyType': 'gse', 'amtAccepted': 71250000000}, {'counterpartyType': 'mmf', 'amtAccepted': 2021725000000}, {'counterpartyType': 'pd', 'amtAccepted': 14800000000}]"
RP 021023 1,2023-02-10,Reverse Repo,,2042893000000,"[{'counterpartyType': 'bank', 'amtAccepted': 0}, {'counterpartyType': 'gse', 'amtAccepted': 65400000000}, {'counterpartyType': 'mmf', 'amtAccepted': 1973993000000}, {'counterpartyType': 'pd', 'amtAccepted': 3500000000}]"
RP 020923 1,2023-02-09,Reverse Repo,,2058942000000,"[{'counterpartyType': 'bank', 'amtAccepted': 0}, {'counterpartyType': 'gse', 'amtAccepted': 67050000000}, {'counterpartyType': 'mmf', 'amtAccepted': 1988892000000}, {'counterpartyType': 'pd', 'amtAccepted': 3000000000}]"
RP 020823 1,2023-02-08,Reverse Repo,,2059604000000,"[{'counterpartyType': 'bank', 'amtAccepted': 0}, {'counterpartyType': 'gse', 'amtAccepted': 70950000000}, {'counterpartyType': 'mmf', 'amtAccepted': 1986653000000}, {'counterpartyType': 'pd', 'amtAccepted': 2001000000}]"
RP 020723 1,2023-02-07,Reverse Repo,,2057958000000,"[{'counterpartyType': 'bank', 'amtAccepted': 2000000}, {'counterpartyType': 'gse', 'amtAccepted': 73450000000}, {'counterpartyType': 'mmf', 'amtAccepted': 1984506000000}, {'counterpartyType': 'pd', 'amtAccepted': 0}]"
RP 020623 1,2023-02-06,Reverse Repo,,2072261000000,"[{'counterpartyType': 'bank', 'amtAccepted': 1000000}, {'counterpartyType': 'gse', 'amtAccepted': 81801000000}, {'counterpartyType': 'mmf', 'amtAccepted': 1990459000000}, {'counterpartyType': 'pd', 'amtAccepted': 0}]"
RP 020323 1,2023-02-03,Reverse Repo,,2041217000000,"[{'counterpartyType': 'bank', 'amtAccepted': 0}, {'counterpartyType': 'gse', 'amtAccepted': 75701000000}, {'counterpartyType': 'mmf', 'amtAccepted': 1965516000000}, {'counterpartyType': 'pd', 'amtAccepted': 0}]"
RP 020223 1,2023-02-02,Reverse Repo,,2050063000000,"[{'counterpartyType': 'bank', 'amtAccepted': 0}, {'counterpartyType': 'gse', 'amtAccepted': 79500000000}, {'counterpartyType': 'mmf', 'amtAccepted': 1970563000000}, {'counterpartyType': 'pd', 'amtAccepted': 0}]"
RP 020123 1,2023-02-01,Reverse Repo,,2038262000000,"[{'counterpartyType': 'bank', 'amtAccepted': 10000000}, {'counterpartyType': 'gse', 'amtAccepted': 69700000000}, {'counterpartyType': 'mmf', 'amtAccepted': 1968552000000}, {'counterpartyType': 'pd', 'amtAccepted': 0}]"
RP 013123 1,2023-01-31,Reverse Repo,,2061572000000,"[{'counterpartyType': 'bank', 'amtAccepted': 10000000}, {'counterpartyType': 'gse', 'amtAccepted': 71600000000}, {'counterpartyType': 'mmf', 'amtAccepted': 1988962000000}, {'counterpartyType': 'pd', 'amtAccepted': 1000000000}]"
RP 013023 1,2023-01-30,Reverse Repo,,2048714000000,"[{'counterpartyType': 'bank', 'amtAccepted': 0}, {'counterpartyType': 'gse', 'amtAccepted': 64100000000}, {'counterpartyType': 'mmf', 'amtAccepted': 1978164000000}, {'counterpartyType': 'pd', 'amtAccepted': 6450000000}]"
RP 012723 1,2023-01-27,Reverse Repo,,2003634000000,"[{'counterpartyType': 'bank', 'amtAccepted': 0}, {'counterpartyType': 'gse', 'amtAccepted': 66100000000}, {'counterpartyType': 'mmf', 'amtAccepted': 1937534000000}, {'counterpartyType': 'pd', 'amtAccepted': 0}]"
RP 012623 1,2023-01-26,Reverse Repo,,2024069000000,"[{'counterpartyType': 'bank', 'amtAccepted': 0}, {'counterpartyType': 'gse', 'amtAccepted': 61150000000}, {'counterpartyType': 'mmf', 'amtAccepted': 1962919000000}, {'counterpartyType': 'pd', 'amtAccepted': 0}]"
RP 012523 1,2023-01-25,Reverse Repo,,2031561000000,"[{'counterpartyType': 'bank', 'amtAccepted': 51000000}, {'counterpartyType': 'gse', 'amtAccepted': 60700000000}, {'counterpartyType': 'mmf', 'amtAccepted': 1970810000000}, {'counterpartyType': 'pd', 'amtAccepted': 0}]"
RP 012423 1,2023-01-24,Reverse Repo,,2048386000000,"[{'counterpartyType': 'bank', 'amtAccepted': 0}, {'counterpartyType': 'gse', 'amtAccepted': 61250000000}, {'counterpartyType': 'mmf', 'amtAccepted': 1986636000000}, {'counterpartyType': 'pd', 'amtAccepted': 500000000}]"
RP 012323 1,2023-01-23,Reverse Repo,,2135499000000,"[{'counterpartyType': 'bank', 'amtAccepted': 0}, {'counterpartyType': 'gse', 'amtAccepted': 66550000000}, {'counterpartyType': 'mmf', 'amtAccepted': 2059799000000}, {'counterpartyType': 'pd', 'amtAccepted': 9150000000}]"
RP 012023 1,2023-01-20,Reverse Repo,,2090523000000,"[{'counterpartyType': 'bank', 'amtAccepted': 1000000}, {'counterpartyType': 'gse', 'amtAccepted': 59800000000}, {'counterpartyType': 'mmf', 'amtAccepted': 2026722000000}, {'counterpartyType': 'pd', 'amtAccepted': 4000000000}]"
RP 011923 1,2023-01-19,Reverse Repo,,2110145000000,"[{'counterpartyType': 'bank', 'amtAccepted': 0}, {'counterpartyType': 'gse', 'amtAccepted': 66750000000}, {'counterpartyType': 'mmf', 'amtAccepted': 2042895000000}, {'counterpartyType': 'pd', 'amtAccepted': 500000000}]"
RP 011823 1,2023-01-18,Reverse Repo,,2131678000000,"[{'counterpartyType': 'bank', 'amtAccepted': 0}, {'counterpartyType': 'gse', 'amtAccepted': 68350000000}, {'counterpartyType': 'mmf', 'amtAccepted': 2057828000000}, {'counterpartyType': 'pd', 'amtAccepted': 5500000000}]"
RP 011723 1,2023-01-17,Reverse Repo,,2093328000000,"[{'counterpartyType': 'bank', 'amtAccepted': 5000000}, {'counterpartyType': 'gse', 'amtAccepted': 71650000000}, {'counterpartyType': 'mmf', 'amtAccepted': 2012823000000}, {'counterpartyType': 'pd', 'amtAccepted': 8850000000}]"
RP 011323 1,2023-01-13,Reverse Repo,,2179781000000,"[{'counterpartyType': 'bank', 'amtAccepted': 1000000}, {'counterpartyType': 'gse', 'amtAccepted': 80400000000}, {'counterpartyType': 'mmf', 'amtAccepted': 2099380000000}, {'counterpartyType': 'pd', 'amtAccepted': 0}]"
RP 011223 1,2023-01-12,Reverse Repo,,2202989000000,"[{'counterpartyType': 'bank', 'amtAccepted': 0}, {'counterpartyType': 'gse', 'amtAccepted': 79500000000}, {'counterpartyType': 'mmf', 'amtAccepted': 2123489000000}, {'counterpartyType': 'pd', 'amtAccepted': 0}]"
RP 011123 1,2023-01-11,Reverse Repo,,2199170000000,"[{'counterpartyType': 'bank', 'amtAccepted': 0}, {'counterpartyType': 'gse', 'amtAccepted': 79950000000}, {'counterpartyType': 'mmf', 'amtAccepted': 2119220000000}, {'counterpartyType': 'pd', 'amtAccepted': 0}]"
RP 011023 1,2023-01-10,Reverse Repo,,2192942000000,"[{'counterpartyType': 'bank', 'amtAccepted': 0}, {'counterpartyType': 'gse', 'amtAccepted': 78150000000}, {'counterpartyType': 'mmf', 'amtAccepted': 2114792000000}, {'counterpartyType': 'pd', 'amtAccepted': 0}]"
RP 010923 1,2023-01-09,Reverse Repo,,2199121000000,"[{'counterpartyType': 'bank', 'amtAccepted': 0}, {'counterpartyType': 'gse', 'amtAccepted': 86350000000}, {'counterpartyType': 'mmf', 'amtAccepted': 2112771000000}, {'counterpartyType': 'pd', 'amtAccepted': 0}]"
RP 010623 1,2023-01-06,Reverse Repo,,2208265000000,"[{'counterpartyType': 'bank', 'amtAccepted': 0}, {'counterpartyType': 'gse', 'amtAccepted': 93400000000}, {'counterpartyType': 'mmf', 'amtAccepted': 2114865000000}, {'counterpartyType': 'pd', 'amtAccepted': 0}]"
RP 010523 1,2023-01-05,Reverse Repo,The settled amount is $3.6 billion less than the accepted amount due to unsettled trades.,2242486000000,"[{'counterpartyType': 'bank', 'amtAccepted': 0}, {'counterpartyType': 'gse', 'amtAccepted': 102550000000}, {'counterpartyType': 'mmf', 'amtAccepted': 2139936000000}, {'counterpartyType': 'pd', 'amtAccepted': 0}]"
RP 010423 1,2023-01-04,Reverse Repo,,2229542000000,"[{'counterpartyType': 'bank', 'amtAccepted': 1000000}, {'counterpartyType': 'gse', 'amtAccepted': 97575000000}, {'counterpartyType': 'mmf', 'amtAccepted': 2131216000000}, {'counterpartyType': 'pd', 'amtAccepted': 750000000}]"
RP 010323 1,2023-01-03,Reverse Repo,,2188272000000,"[{'counterpartyType': 'bank', 'amtAccepted': 0}, {'counterpartyType': 'gse', 'amtAccepted': 77850000000}, {'counterpartyType': 'mmf', 'amtAccepted': 2096422000000}, {'counterpartyType': 'pd', 'amtAccepted': 14000000000}]"
RP 123022 1,2022-12-30,Reverse Repo,,2553716000000,"[{'counterpartyType': 'bank', 'amtAccepted': 1500000000}, {'counterpartyType': 'gse', 'amtAccepted': 154050000000}, {'counterpartyType': 'mmf', 'amtAccepted': 2339616000000}, {'counterpartyType': 'pd', 'amtAccepted': 58550000000}]"
RP 122922 1,2022-12-29,Reverse Repo,,2308319000000,"[{'counterpartyType': 'bank', 'amtAccepted': 0}, {'counterpartyType': 'gse', 'amtAccepted': 116900000000}, {'counterpartyType': 'mmf', 'amtAccepted': 2164019000000}, {'counterpartyType': 'pd', 'amtAccepted': 27400000000}]"
RP 122822 1,2022-12-28,Reverse Repo,,2293003000000,"[{'counterpartyType': 'bank', 'amtAccepted': 0}, {'counterpartyType': 'gse', 'amtAccepted': 124300000000}, {'counterpartyType': 'mmf', 'amtAccepted': 2118203000000}, {'counterpartyType': 'pd', 'amtAccepted': 50500000000}]"
RP 122722 1,2022-12-27,Reverse Repo,,2221259000000,"[{'counterpartyType': 'bank', 'amtAccepted': 1000000}, {'counterpartyType': 'gse', 'amtAccepted': 112000000000}, {'counterpartyType': 'mmf', 'amtAccepted': 2065758000000}, {'counterpartyType': 'pd', 'amtAccepted': 43500000000}]"
RP 122322 1,2022-12-23,Reverse Repo,,2216348000000,"[{'counterpartyType': 'bank', 'amtAccepted': 0}, {'counterpartyType': 'gse', 'amtAccepted': 112675000000}, {'counterpartyType': 'mmf', 'amtAccepted': 2067423000000}, {'counterpartyType': 'pd', 'amtAccepted': 36250000000}]"
RP 122222 1,2022-12-22,Reverse Repo,,2222898000000,"[{'counterpartyType': 'bank', 'amtAccepted': 0}, {'counterpartyType': 'gse', 'amtAccepted': 139225000000}, {'counterpartyType': 'mmf', 'amtAccepted': 2067673000000}, {'counterpartyType': 'pd', 'amtAccepted': 16000000000}]"
RP 122122 1,2022-12-21,Reverse Repo,,2206965000000,"[{'counterpartyType': 'bank', 'amtAccepted': 1000000}, {'counterpartyType': 'gse', 'amtAccepted': 130650000000}, {'counterpartyType': 'mmf', 'amtAccepted': 2052914000000}, {'counterpartyType': 'pd', 'amtAccepted': 23400000000}]"
RP 122022 1,2022-12-20,Reverse Repo,,2159408000000,"[{'counterpartyType': 'bank', 'amtAccepted': 2000000}, {'counterpartyType': 'gse', 'amtAccepted': 112875000000}, {'counterpartyType': 'mmf', 'amtAccepted': 2041431000000}, {'counterpartyType': 'pd', 'amtAccepted': 5100000000}]"
RP 121922 1,2022-12-19,Reverse Repo,,2134765000000,"[{'counterpartyType': 'bank', 'amtAccepted': 0}, {'counterpartyType': 'gse', 'amtAccepted': 104650000000}, {'counterpartyType': 'mmf', 'amtAccepted': 2017115000000}, {'counterpartyType': 'pd', 'amtAccepted': 13000000000}]"
RP 121622 1,2022-12-16,Reverse Repo,,2126540000000,"[{'counterpartyType': 'bank', 'amtAccepted': 0}, {'counterpartyType': 'gse', 'amtAccepted': 91150000000}, {'counterpartyType': 'mmf', 'amtAccepted': 2001690000000}, {'counterpartyType': 'pd', 'amtAccepted': 33700000000}]"
RP 121522 1,2022-12-15,Reverse Repo,,2123995000000,"[{'counterpartyType': 'bank', 'amtAccepted': 0}, {'counterpartyType': 'gse', 'amtAccepted': 84300000000}, {'counterpartyType': 'mmf', 'amtAccepted': 2025694000000}, {'counterpartyType': 'pd', 'amtAccepted': 14001000000}]"
RP 121422 1,2022-12-14,Reverse Repo,,2192864000000,"[{'counterpartyType': 'bank', 'amtAccepted': 0}, {'counterpartyType': 'gse', 'amtAccepted': 100800000000}, {'counterpartyType': 'mmf', 'amtAccepted': 2072564000000}, {'counterpartyType': 'pd', 'amtAccepted': 19500000000}]"
RP 121322 1,2022-12-13,Reverse Repo,,2180676000000,"[{'counterpartyType': 'bank', 'amtAccepted': 0}, {'counterpartyType': 'gse', 'amtAccepted': 104375000000}, {'counterpartyType': 'mmf', 'amtAccepted': 2044901000000}, {'counterpartyType': 'pd', 'amtAccepted': 31400000000}]"
RP 121222 1,2022-12-12,Reverse Repo,,2158517000000,"[{'counterpartyType': 'bank', 'amtAccepted': 0}, {'counterpartyType': 'gse', 'amtAccepted': 102475000000}, {'counterpartyType': 'mmf', 'amtAccepted': 2054042000000}, {'counterpartyType': 'pd', 'amtAccepted': 2000000000}]"
RP 120922 1,2022-12-09,Reverse Repo,,2146748000000,"[{'counterpartyType': 'bank', 'amtAccepted': 0}, {'counterpartyType': 'gse', 'amtAccepted': 99125000000}, {'counterpartyType': 'mmf', 'amtAccepted': 2045623000000}, {'counterpartyType': 'pd', 'amtAccepted': 2000000000}]"
RP 120822 1,2022-12-08,Reverse Repo,,2175973000000,"[{'counterpartyType': 'bank', 'amtAccepted': 0}, {'counterpartyType': 'gse', 'amtAccepted': 109575000000}, {'counterpartyType': 'mmf', 'amtAccepted': 2064598000000}, {'counterpartyType': 'pd', 'amtAccepted': 1800000000}]"
RP 120722 1,2022-12-07,Reverse Repo,,2151549000000,"[{'counterpartyType': 'bank', 'amtAccepted': 0}, {'counterpartyType': 'gse', 'amtAccepted': 122825000000}, {'counterpartyType': 'mmf', 'amtAccepted': 2028724000000}, {'counterpartyType': 'pd', 'amtAccepted': 0}]"
RP 120622 1,2022-12-06,Reverse Repo,,2111465000000,"[{'counterpartyType': 'bank', 'amtAccepted': 0}, {'counterpartyType': 'gse', 'amtAccepted': 107176000000}, {'counterpartyType': 'mmf', 'amtAccepted': 2001789000000}, {'counterpartyType': 'pd', 'amtAccepted': 2500000000}]"
RP 120522 1,2022-12-05,Reverse Repo,,2093647000000,"[{'counterpartyType': 'bank', 'amtAccepted': 1000000}, {'counterpartyType': 'gse', 'amtAccepted': 88400000000}, {'counterpartyType': 'mmf', 'amtAccepted': 2005246000000}, {'counterpartyType': 'pd', 'amtAccepted': 0}]"
RP 120222 1,2022-12-02,Reverse Repo,,2049763000000,"[{'counterpartyType': 'bank', 'amtAccepted': 0}, {'counterpartyType': 'gse', 'amtAccepted': 94325000000}, {'counterpartyType': 'mmf', 'amtAccepted': 1955438000000}, {'counterpartyType': 'pd', 'amtAccepted': 0}]"
RP 120122 1,2022-12-01,Reverse Repo,,2050286000000,"[{'counterpartyType': 'bank', 'amtAccepted': 0}, {'counterpartyType': 'gse', 'amtAccepted': 93600000000}, {'counterpartyType': 'mmf', 'amtAccepted': 1956685000000}, {'counterpartyType': 'pd', 'amtAccepted': 1000000}]"
RP 113022 1,2022-11-30,Reverse Repo,,2115913000000,"[{'counterpartyType': 'bank', 'amtAccepted': 0}, {'counterpartyType': 'gse', 'amtAccepted': 111525000000}, {'counterpartyType': 'mmf', 'amtAccepted': 2003488000000}, {'counterpartyType': 'pd', 'amtAccepted': 900000000}]"
RP 112922 1,2022-11-29,Reverse Repo,,2064377000000,"[{'counterpartyType': 'bank', 'amtAccepted': 0}, {'counterpartyType': 'gse', 'amtAccepted': 96500000000}, {'counterpartyType': 'mmf', 'amtAccepted': 1967877000000}, {'counterpartyType': 'pd', 'amtAccepted': 0}]"
RP 112822 1,2022-11-28,Reverse Repo,,2054914000000,"[{'counterpartyType': 'bank', 'amtAccepted': 0}, {'counterpartyType': 'gse', 'amtAccepted': 94475000000}, {'counterpartyType': 'mmf', 'amtAccepted': 1960439000000}, {'counterpartyType': 'pd', 'amtAccepted': 0}]"
RP 112522 1,2022-11-25,Reverse Repo,,2031066000000,"[{'counterpartyType': 'bank', 'amtAccepted': 0}, {'counterpartyType': 'gse', 'amtAccepted': 86600000000}, {'counterpartyType': 'mmf', 'amtAccepted': 1944466000000}, {'counterpartyType': 'pd', 'amtAccepted': 0}]"
RP 112322 1,2022-11-23,Reverse Repo,,2069174000000,"[{'counterpartyType': 'bank', 'amtAccepted': 0}, {'counterpartyType': 'gse', 'amtAccepted': 85550000000}, {'counterpartyType': 'mmf', 'amtAccepted': 1982624000000}, {'counterpartyType': 'pd', 'amtAccepted': 1000000000}]"
RP 112222 1,2022-11-22,Reverse Repo,,2103932000000,"[{'counterpartyType': 'bank', 'amtAccepted': 0}, {'counterpartyType': 'gse', 'amtAccepted': 118775000000}, {'counterpartyType': 'mmf', 'amtAccepted': 1984157000000}, {'counterpartyType': 'pd', 'amtAccepted': 1000000000}]"
RP 112122 1,2022-11-21,Reverse Repo,,2125426000000,"[{'counterpartyType': 'bank', 'amtAccepted': 0}, {'counterpartyType': 'gse', 'amtAccepted': 122825000000}, {'counterpartyType': 'mmf', 'amtAccepted': 2001350000000}, {'counterpartyType': 'pd', 'amtAccepted': 1251000000}]"
RP 111822 1,2022-11-18,Reverse Repo,,2113413000000,"[{'counterpartyType': 'bank', 'amtAccepted': 0}, {'counterpartyType': 'gse', 'amtAccepted': 119375000000}, {'counterpartyType': 'mmf', 'amtAccepted': 1991538000000}, {'counterpartyType': 'pd', 'amtAccepted': 2500000000}]"
RP 111722 1,2022-11-17,Reverse Repo,,2114345000000,"[{'counterpartyType': 'bank', 'amtAccepted': 0}, {'counterpartyType': 'gse', 'amtAccepted': 101074000000}, {'counterpartyType': 'mmf', 'amtAccepted': 2010371000000}, {'counterpartyType': 'pd', 'amtAccepted': 2900000000}]"
RP 111722 99,2022-11-17,Reverse Repo,"This operation is a Small Value Exercise (SVE), the daily ON RRP operation will still take place at its regularly scheduled time (12:45pm)",94000000,"[{'counterpartyType': 'bank', 'amtAccepted': 8000000}, {'counterpartyType': 'gse', 'amtAccepted': 12000000}, {'counterpartyType': 'mmf', 'amtAccepted': 51000000}, {'counterpartyType': 'pd', 'amtAccepted': 23000000}]"
RP 111622 1,2022-11-16,Reverse Repo,,2099070000000,"[{'counterpartyType': 'bank', 'amtAccepted': 10000000}, {'counterpartyType': 'gse', 'amtAccepted': 88501000000}, {'counterpartyType': 'mmf', 'amtAccepted': 2008559000000}, {'counterpartyType': 'pd', 'amtAccepted': 2000000000}]"
RP 111522 1,2022-11-15,Reverse Repo,,2086574000000,"[{'counterpartyType': 'bank', 'amtAccepted': 0}, {'counterpartyType': 'gse', 'amtAccepted': 81503000000}, {'counterpartyType': 'mmf', 'amtAccepted': 2002971000000}, {'counterpartyType': 'pd', 'amtAccepted': 2100000000}]"
RP 111422 1,2022-11-14,Reverse Repo,,2165018000000,"[{'counterpartyType': 'bank', 'amtAccepted': 0}, {'counterpartyType': 'gse', 'amtAccepted': 101902000000}, {'counterpartyType': 'mmf', 'amtAccepted': 2060766000000}, {'counterpartyType': 'pd', 'amtAccepted': 2350000000}]"
RP 111022 1,2022-11-10,Reverse Repo,,2200586000000,"[{'counterpartyType': 'bank', 'amtAccepted': 0}, {'counterpartyType': 'gse', 'amtAccepted': 102000000000}, {'counterpartyType': 'mmf', 'amtAccepted': 2096236000000}, {'counterpartyType': 'pd', 'amtAccepted': 2350000000}]"
RP 110922 1,2022-11-09,Reverse Repo,,2237812000000,"[{'counterpartyType': 'bank', 'amtAccepted': 0}, {'counterpartyType': 'gse', 'amtAccepted': 108450000000}, {'counterpartyType': 'mmf', 'amtAccepted': 2121861000000}, {'counterpartyType': 'pd', 'amtAccepted': 7501000000}]"
RP 110822 1,2022-11-08,Reverse Repo,,2232555000000,"[{'counterpartyType': 'bank', 'amtAccepted': 0}, {'counterpartyType': 'gse', 'amtAccepted': 112650000000}, {'counterpartyType': 'mmf', 'amtAccepted': 2109105000000}, {'counterpartyType': 'pd', 'amtAccepted': 10800000000}]"
RP 110722 1,2022-11-07,Reverse Repo,,2241317000000,"[{'counterpartyType': 'bank', 'amtAccepted': 0}, {'counterpartyType': 'gse', 'amtAccepted': 113300000000}, {'counterpartyType': 'mmf', 'amtAccepted': 2109617000000}, {'counterpartyType': 'pd', 'amtAccepted': 18400000000}]"
RP 110422 1,2022-11-04,Reverse Repo,,2230840000000,"[{'counterpartyType': 'bank', 'amtAccepted': 0}, {'counterpartyType': 'gse', 'amtAccepted': 114150000000}, {'counterpartyType': 'mmf', 'amtAccepted': 2099640000000}, {'counterpartyType': 'pd', 'amtAccepted': 17050000000}]"
RP 110322 1,2022-11-03,Reverse Repo,,2219791000000,"[{'counterpartyType': 'bank', 'amtAccepted': 0}, {'counterpartyType': 'gse', 'amtAccepted': 104600000000}, {'counterpartyType': 'mmf', 'amtAccepted': 2110391000000}, {'counterpartyType': 'pd', 'amtAccepted': 4800000000}]"
RP 110222 1,2022-11-02,Reverse Repo,,2229861000000,"[{'counterpartyType': 'bank', 'amtAccepted': 0}, {'counterpartyType': 'gse', 'amtAccepted': 112250000000}, {'counterpartyType': 'mmf', 'amtAccepted': 2107911000000}, {'counterpartyType': 'pd', 'amtAccepted': 9700000000}]"
RP 110122 1,2022-11-01,Reverse Repo,,2200510000000,"[{'counterpartyType': 'bank', 'amtAccepted': 0}, {'counterpartyType': 'gse', 'amtAccepted': 93450000000}, {'counterpartyType': 'mmf', 'amtAccepted': 2103060000000}, {'counterpartyType': 'pd', 'amtAccepted': 4000000000}]"
RP 103122 1,2022-10-31,Reverse Repo,,2275459000000,"[{'counterpartyType': 'bank', 'amtAccepted': 1000000}, {'counterpartyType': 'gse', 'amtAccepted': 122955000000}, {'counterpartyType': 'mmf', 'amtAccepted': 2144953000000}, {'counterpartyType': 'pd', 'amtAccepted': 7550000000}]"
RP 102822 1,2022-10-28,Reverse Repo,,2183290000000,"[{'counterpartyType': 'bank', 'amtAccepted': 0}, {'counterpartyType': 'gse', 'amtAccepted': 102450000000}, {'counterpartyType': 'mmf', 'amtAccepted': 2079290000000}, {'counterpartyType': 'pd', 'amtAccepted': 1550000000}]"
RP 102722 1,2022-10-27,Reverse Repo,,2152485000000,"[{'counterpartyType': 'bank', 'amtAccepted': 0}, {'counterpartyType': 'gse', 'amtAccepted': 104900000000}, {'counterpartyType': 'mmf', 'amtAccepted': 2045835000000}, {'counterpartyType': 'pd', 'amtAccepted': 1750000000}]"
RP 102622 1,2022-10-26,Reverse Repo,,2186856000000,"[{'counterpartyType': 'bank', 'amtAccepted': 0}, {'counterpartyType': 'gse', 'amtAccepted': 111800000000}, {'counterpartyType': 'mmf', 'amtAccepted': 2064006000000}, {'counterpartyType': 'pd', 'amtAccepted': 11050000000}]"
RP 102522 1,2022-10-25,Reverse Repo,,2195616000000,"[{'counterpartyType': 'bank', 'amtAccepted': 1000000}, {'counterpartyType': 'gse', 'amtAccepted': 115850000000}, {'counterpartyType': 'mmf', 'amtAccepted': 2071765000000}, {'counterpartyType': 'pd', 'amtAccepted': 8000000000}]"
RP 102422 1,2022-10-24,Reverse Repo,,2242044000000,"[{'counterpartyType': 'bank', 'amtAccepted': 0}, {'counterpartyType': 'gse', 'amtAccepted': 123400000000}, {'counterpartyType': 'mmf', 'amtAccepted': 2088194000000}, {'counterpartyType': 'pd', 'amtAccepted': 30450000000}]"
RP 102122 1,2022-10-21,Reverse Repo,,2265809000000,"[{'counterpartyType': 'bank', 'amtAccepted': 10000000}, {'counterpartyType': 'gse', 'amtAccepted': 162900000000}, {'counterpartyType': 'mmf', 'amtAccepted': 2076199000000}, {'counterpartyType': 'pd', 'amtAccepted': 26700000000}]"
RP 102022 1,2022-10-20,Reverse Repo,,2234071000000,"[{'counterpartyType': 'bank', 'amtAccepted': 1000000}, {'counterpartyType': 'gse', 'amtAccepted': 153575000000}, {'counterpartyType': 'mmf', 'amtAccepted': 2069195000000}, {'counterpartyType': 'pd', 'amtAccepted': 11300000000}]"
RP 101922 1,2022-10-19,Reverse Repo,,2241835000000,"[{'counterpartyType': 'bank', 'amtAccepted': 0}, {'counterpartyType': 'gse', 'amtAccepted': 150375000000}, {'counterpartyType': 'mmf', 'amtAccepted': 2077660000000}, {'counterpartyType': 'pd', 'amtAccepted': 13800000000}]"
RP 101822 1,2022-10-18,Reverse Repo,,2226725000000,"[{'counterpartyType': 'bank', 'amtAccepted': 11000000}, {'counterpartyType': 'gse', 'amtAccepted': 137675000000}, {'counterpartyType': 'mmf', 'amtAccepted': 2083639000000}, {'counterpartyType': 'pd', 'amtAccepted': 5400000000}]"
RP 101722 1,2022-10-17,Reverse Repo,,2172301000000,"[{'counterpartyType': 'bank', 'amtAccepted': 100000000}, {'counterpartyType': 'gse', 'amtAccepted': 130750000000}, {'counterpartyType': 'mmf', 'amtAccepted': 2028451000000}, {'counterpartyType': 'pd', 'amtAccepted': 13000000000}]"
RP 101422 1,2022-10-14,Reverse Repo,,2222052000000,"[{'counterpartyType': 'bank', 'amtAccepted': 0}, {'counterpartyType': 'gse', 'amtAccepted': 133950000000}, {'counterpartyType': 'mmf', 'amtAccepted': 2080102000000}, {'counterpartyType': 'pd', 'amtAccepted': 8000000000}]"
RP 101322 1,2022-10-13,Reverse Repo,,2244100000000,"[{'counterpartyType': 'bank', 'amtAccepted': 0}, {'counterpartyType': 'gse', 'amtAccepted': 139450000000}, {'counterpartyType': 'mmf', 'amtAccepted': 2094150000000}, {'counterpartyType': 'pd', 'amtAccepted': 10500000000}]"
RP 101222 1,2022-10-12,Reverse Repo,,2247206000000,"[{'counterpartyType': 'bank', 'amtAccepted': 0}, {'counterpartyType': 'gse', 'amtAccepted': 118350000000}, {'counterpartyType': 'mmf', 'amtAccepted': 2118606000000}, {'counterpartyType': 'pd', 'amtAccepted': 10250000000}]"
RP 101122 1,2022-10-11,Reverse Repo,,2222479000000,"[{'counterpartyType': 'bank', 'amtAccepted': 0}, {'counterpartyType': 'gse', 'amtAccepted': 120200000000}, {'counterpartyType': 'mmf', 'amtAccepted': 2093779000000}, {'counterpartyType': 'pd', 'amtAccepted': 8500000000}]"
RP 100722 1,2022-10-07,Reverse Repo,,2226950000000,"[{'counterpartyType': 'bank', 'amtAccepted': 0}, {'counterpartyType': 'gse', 'amtAccepted': 124250000000}, {'counterpartyType': 'mmf', 'amtAccepted': 2099200000000}, {'counterpartyType': 'pd', 'amtAccepted': 3500000000}]"
RP 100622 1,2022-10-06,Reverse Repo,,2232801000000,"[{'counterpartyType': 'bank', 'amtAccepted': 0}, {'counterpartyType': 'gse', 'amtAccepted': 126950000000}, {'counterpartyType': 'mmf', 'amtAccepted': 2101951000000}, {'counterpartyType': 'pd', 'amtAccepted': 3900000000}]"
RP 100522 1,2022-10-05,Reverse Repo,,2230799000000,"[{'counterpartyType': 'bank', 'amtAccepted': 0}, {'counterpartyType': 'gse', 'amtAccepted': 117850000000}, {'counterpartyType': 'mmf', 'amtAccepted': 2106949000000}, {'counterpartyType': 'pd', 'amtAccepted': 6000000000}]"
RP 100422 1,2022-10-04,Reverse Repo,,2233616000000,"[{'counterpartyType': 'bank', 'amtAccepted': 0}, {'counterpartyType': 'gse', 'amtAccepted': 110875000000}, {'counterpartyType': 'mmf', 'amtAccepted': 2115241000000}, {'counterpartyType': 'pd', 'amtAccepted': 7500000000}]"
RP 100322 1,2022-10-03,Reverse Repo,,2252523000000,"[{'counterpartyType': 'bank', 'amtAccepted': 1000000}, {'counterpartyType': 'gse', 'amtAccepted': 123875000000}, {'counterpartyType': 'mmf', 'amtAccepted': 2122347000000}, {'counterpartyType': 'pd', 'amtAccepted': 6300000000}]"
RP 093022 1,2022-09-30,Reverse Repo,,2425910000000,"[{'counterpartyType': 'bank', 'amtAccepted': 0}, {'counterpartyType': 'gse', 'amtAccepted': 177725000000}, {'counterpartyType': 'mmf', 'amtAccepted': 2220585000000}, {'counterpartyType': 'pd', 'amtAccepted': 27600000000}]"
RP 092922 1,2022-09-29,Reverse Repo,,2371763000000,"[{'counterpartyType': 'bank', 'amtAccepted': 0}, {'counterpartyType': 'gse', 'amtAccepted': 139925000000}, {'counterpartyType': 'mmf', 'amtAccepted': 2191588000000}, {'counterpartyType': 'pd', 'amtAccepted': 40250000000}]"
RP 092822 1,2022-09-28,Reverse Repo,,2366798000000,"[{'counterpartyType': 'bank', 'amtAccepted': 0}, {'counterpartyType': 'gse', 'amtAccepted': 136025000000}, {'counterpartyType': 'mmf', 'amtAccepted': 2167773000000}, {'counterpartyType': 'pd', 'amtAccepted': 63000000000}]"
RP 092722 1,2022-09-27,Reverse Repo,,2327111000000,"[{'counterpartyType': 'bank', 'amtAccepted': 0}, {'counterpartyType': 'gse', 'amtAccepted': 131575000000}, {'counterpartyType': 'mmf', 'amtAccepted': 2150536000000}, {'counterpartyType': 'pd', 'amtAccepted': 45000000000}]"
RP 092622 1,2022-09-26,Reverse Repo,,2299011000000,"[{'counterpartyType': 'bank', 'amtAccepted': 0}, {'counterpartyType': 'gse', 'amtAccepted': 133510000000}, {'counterpartyType': 'mmf', 'amtAccepted': 2120251000000}, {'counterpartyType': 'pd', 'amtAccepted': 45250000000}]"
RP 092322 1,2022-09-23,Reverse Repo,,2319361000000,"[{'counterpartyType': 'bank', 'amtAccepted': 0}, {'counterpartyType': 'gse', 'amtAccepted': 139950000000}, {'counterpartyType': 'mmf', 'amtAccepted': 2112511000000}, {'counterpartyType': 'pd', 'amtAccepted': 66900000000}]"
RP 092222 1,2022-09-22,Reverse Repo,,2359227000000,"[{'counterpartyType': 'bank', 'amtAccepted': 1000000}, {'counterpartyType': 'gse', 'amtAccepted': 172275000000}, {'counterpartyType': 'mmf', 'amtAccepted': 2122301000000}, {'counterpartyType': 'pd', 'amtAccepted': 64650000000}]"
RP 092122 1,2022-09-21,Reverse Repo,,2315900000000,"[{'counterpartyType': 'bank', 'amtAccepted': 50000000}, {'counterpartyType': 'gse', 'amtAccepted': 156125000000}, {'counterpartyType': 'mmf', 'amtAccepted': 2094575000000}, {'counterpartyType': 'pd', 'amtAccepted': 65150000000}]"
RP 092022 1,2022-09-20,Reverse Repo,,2238870000000,"[{'counterpartyType': 'bank', 'amtAccepted': 1000000}, {'counterpartyType': 'gse', 'amtAccepted': 144050000000}, {'counterpartyType': 'mmf', 'amtAccepted': 2054619000000}, {'counterpartyType': 'pd', 'amtAccepted': 40200000000}]"
RP 091922 1,2022-09-19,Reverse Repo,,2217542000000,"[{'counterpartyType': 'bank', 'amtAccepted': 0}, {'counterpartyType': 'gse', 'amtAccepted': 145230000000}, {'counterpartyType': 'mmf', 'amtAccepted': 2037462000000}, {'counterpartyType': 'pd', 'amtAccepted': 34850000000}]"
RP 091622 1,2022-09-16,Reverse Repo,,2186833000000,"[{'counterpartyType': 'bank', 'amtAccepted': 0}, {'counterpartyType': 'gse', 'amtAccepted': 127430000000}, {'counterpartyType': 'mmf', 'amtAccepted': 2031603000000}, {'counterpartyType': 'pd', 'amtAccepted': 27800000000}]"
RP 091522 1,2022-09-15,Reverse Repo,,2176188000000,"[{'counterpartyType': 'bank', 'amtAccepted': 0}, {'counterpartyType': 'gse', 'amtAccepted': 130480000000}, {'counterpartyType': 'mmf', 'amtAccepted': 2038458000000}, {'counterpartyType': 'pd', 'amtAccepted': 7250000000}]"
RP 091422 1,2022-09-14,Reverse Repo,,2225579000000,"[{'counterpartyType': 'bank', 'amtAccepted': 0}, {'counterpartyType': 'gse', 'amtAccepted': 139980000000}, {'counterpartyType': 'mmf', 'amtAccepted': 2060399000000}, {'counterpartyType': 'pd', 'amtAccepted': 25200000000}]"
RP 091322 1,2022-09-13,Reverse Repo,,2202719000000,"[{'counterpartyType': 'bank', 'amtAccepted': 1000000}, {'counterpartyType': 'gse', 'amtAccepted': 122100000000}, {'counterpartyType': 'mmf', 'amtAccepted': 2075018000000}, {'counterpartyType': 'pd', 'amtAccepted': 5600000000}]"
RP 091222 1,2022-09-12,Reverse Repo,,2218546000000,"[{'counterpartyType': 'bank', 'amtAccepted': 1000000}, {'counterpartyType': 'gse', 'amtAccepted': 131200000000}, {'counterpartyType': 'mmf', 'amtAccepted': 2074045000000}, {'counterpartyType': 'pd', 'amtAccepted': 13300000000}]"
RP 090922 1,2022-09-09,Reverse Repo,,2209714000000,"[{'counterpartyType': 'bank', 'amtAccepted': 0}, {'counterpartyType': 'gse', 'amtAccepted': 133750000000}, {'counterpartyType': 'mmf', 'amtAccepted': 2059464000000}, {'counterpartyType': 'pd', 'amtAccepted': 16500000000}]"
RP 090822 1,2022-09-08,Reverse Repo,,2210466000000,"[{'counterpartyType': 'bank', 'amtAccepted': 1000000}, {'counterpartyType': 'gse', 'amtAccepted': 140500000000}, {'counterpartyType': 'mmf', 'amtAccepted': 2052565000000}, {'counterpartyType': 'pd', 'amtAccepted': 17400000000}]"
RP 090722 1,2022-09-07,Reverse Repo,,2206987000000,"[{'counterpartyType': 'bank', 'amtAccepted': 0}, {'counterpartyType': 'gse', 'amtAccepted': 150050000000}, {'counterpartyType': 'mmf', 'amtAccepted': 2017636000000}, {'counterpartyType': 'pd', 'amtAccepted': 39301000000}]"
RP 090622 1,2022-09-06,Reverse Repo,,2188796000000,"[{'counterpartyType': 'bank', 'amtAccepted': 0}, {'counterpartyType': 'gse', 'amtAccepted': 154650000000}, {'counterpartyType': 'mmf', 'amtAccepted': 2014146000000}, {'counterpartyType': 'pd', 'amtAccepted': 20000000000}]"
RP 090222 1,2022-09-02,Reverse Repo,,2173413000000,"[{'counterpartyType': 'bank', 'amtAccepted': 0}, {'counterpartyType': 'gse', 'amtAccepted': 143750000000}, {'counterpartyType': 'mmf', 'amtAccepted': 2003413000000}, {'counterpartyType': 'pd', 'amtAccepted': 26250000000}]"
RP 090122 1,2022-09-01,Reverse Repo,,2173156000000,"[{'counterpartyType': 'bank', 'amtAccepted': 0}, {'counterpartyType': 'gse', 'amtAccepted': 141050000000}, {'counterpartyType': 'mmf', 'amtAccepted': 2012506000000}, {'counterpartyType': 'pd', 'amtAccepted': 19600000000}]"
RP 083122 1,2022-08-31,Reverse Repo,,2251025000000,"[{'counterpartyType': 'bank', 'amtAccepted': 0}, {'counterpartyType': 'gse', 'amtAccepted': 158450000000}, {'counterpartyType': 'mmf', 'amtAccepted': 2069425000000}, {'counterpartyType': 'pd', 'amtAccepted': 23150000000}]"
RP 083022 1,2022-08-30,Reverse Repo,,2188975000000,"[{'counterpartyType': 'bank', 'amtAccepted': 0}, {'counterpartyType': 'gse', 'amtAccepted': 129600000000}, {'counterpartyType': 'mmf', 'amtAccepted': 2035375000000}, {'counterpartyType': 'pd', 'amtAccepted': 24000000000}]"
RP 082922 1,2022-08-29,Reverse Repo,,2205188000000,"[{'counterpartyType': 'bank', 'amtAccepted': 0}, {'counterpartyType': 'gse', 'amtAccepted': 130900000000}, {'counterpartyType': 'mmf', 'amtAccepted': 2045388000000}, {'counterpartyType': 'pd', 'amtAccepted': 28900000000}]"
RP 082622 1,2022-08-26,Reverse Repo,,2182452000000,"[{'counterpartyType': 'bank', 'amtAccepted': 0}, {'counterpartyType': 'gse', 'amtAccepted': 134050000000}, {'counterpartyType': 'mmf', 'amtAccepted': 2032102000000}, {'counterpartyType': 'pd', 'amtAccepted': 16300000000}]"
RP 082522 1,2022-08-25,Reverse Repo,,2187907000000,"[{'counterpartyType': 'bank', 'amtAccepted': 51000000}, {'counterpartyType': 'gse', 'amtAccepted': 123000000000}, {'counterpartyType': 'mmf', 'amtAccepted': 2042106000000}, {'counterpartyType': 'pd', 'amtAccepted': 22750000000}]"
RP 082422 1,2022-08-24,Reverse Repo,,2237072000000,"[{'counterpartyType': 'bank', 'amtAccepted': 1000000}, {'counterpartyType': 'gse', 'amtAccepted': 138100000000}, {'counterpartyType': 'mmf', 'amtAccepted': 2048921000000}, {'counterpartyType': 'pd', 'amtAccepted': 50050000000}]"
RP 082322 1,2022-08-23,Reverse Repo,,2250718000000,"[{'counterpartyType': 'bank', 'amtAccepted': 0}, {'counterpartyType': 'gse', 'amtAccepted': 165500000000}, {'counterpartyType': 'mmf', 'amtAccepted': 2038793000000}, {'counterpartyType': 'pd', 'amtAccepted': 46425000000}]"
RP 082222 1,2022-08-22,Reverse Repo,,2235665000000,"[{'counterpartyType': 'bank', 'amtAccepted': 1000000}, {'counterpartyType': 'gse', 'amtAccepted': 170000000000}, {'counterpartyType': 'mmf', 'amtAccepted': 2024864000000}, {'counterpartyType': 'pd', 'amtAccepted': 40800000000}]"
RP 081922 1,2022-08-19,Reverse Repo,,2221680000000,"[{'counterpartyType': 'bank', 'amtAccepted': 0}, {'counterpartyType': 'gse', 'amtAccepted': 159225000000}, {'counterpartyType': 'mmf', 'amtAccepted': 2018505000000}, {'counterpartyType': 'pd', 'amtAccepted': 43950000000}]"
RP 081822 1,2022-08-18,Reverse Repo,,2218161000000,"[{'counterpartyType': 'bank', 'amtAccepted': 0}, {'counterpartyType': 'gse', 'amtAccepted': 159375000000}, {'counterpartyType': 'mmf', 'amtAccepted': 2027436000000}, {'counterpartyType': 'pd', 'amtAccepted': 31350000000}]"
RP 081722 1,2022-08-17,Reverse Repo,,2199631000000,"[{'counterpartyType': 'bank', 'amtAccepted': 0}, {'counterpartyType': 'gse', 'amtAccepted': 145575000000}, {'counterpartyType': 'mmf', 'amtAccepted': 2029456000000}, {'counterpartyType': 'pd', 'amtAccepted': 24600000000}]"
RP 081622 1,2022-08-16,Reverse Repo,,2165332000000,"[{'counterpartyType': 'bank', 'amtAccepted': 0}, {'counterpartyType': 'gse', 'amtAccepted': 127125000000}, {'counterpartyType': 'mmf', 'amtAccepted': 2017057000000}, {'counterpartyType': 'pd', 'amtAccepted': 21150000000}]"
RP 081522 1,2022-08-15,Reverse Repo,,2175857000000,"[{'counterpartyType': 'bank', 'amtAccepted': 0}, {'counterpartyType': 'gse', 'amtAccepted': 129195000000}, {'counterpartyType': 'mmf', 'amtAccepted': 2012962000000}, {'counterpartyType': 'pd', 'amtAccepted': 33700000000}]"
RP 081222 1,2022-08-12,Reverse Repo,,2213193000000,"[{'counterpartyType': 'bank', 'amtAccepted': 0}, {'counterpartyType': 'gse', 'amtAccepted': 141225000000}, {'counterpartyType': 'mmf', 'amtAccepted': 2025968000000}, {'counterpartyType': 'pd', 'amtAccepted': 46000000000}]"
RP 081122 1,2022-08-11,Reverse Repo,,2199247000000,"[{'counterpartyType': 'bank', 'amtAccepted': 0}, {'counterpartyType': 'gse', 'amtAccepted': 150975000000}, {'counterpartyType': 'mmf', 'amtAccepted': 2026372000000}, {'counterpartyType': 'pd', 'amtAccepted': 21900000000}]"
RP 081022 1,2022-08-10,Reverse Repo,,2177646000000,"[{'counterpartyType': 'bank', 'amtAccepted': 0}, {'counterpartyType': 'gse', 'amtAccepted': 121250000000}, {'counterpartyType': 'mmf', 'amtAccepted': 2024245000000}, {'counterpartyType': 'pd', 'amtAccepted': 32151000000}]"
RP 080922 1,2022-08-09,Reverse Repo,,2186568000000,"[{'counterpartyType': 'bank', 'amtAccepted': 0}, {'counterpartyType': 'gse', 'amtAccepted': 128460000000}, {'counterpartyType': 'mmf', 'amtAccepted': 2035608000000}, {'counterpartyType': 'pd', 'amtAccepted': 22500000000}]"
RP 080822 1,2022-08-08,Reverse Repo,,2195692000000,"[{'counterpartyType': 'bank', 'amtAccepted': 100000000}, {'counterpartyType': 'gse', 'amtAccepted': 124340000000}, {'counterpartyType': 'mmf', 'amtAccepted': 2028202000000}, {'counterpartyType': 'pd', 'amtAccepted': 43050000000}]"
RP 080522 1,2022-08-05,Reverse Repo,,2194927000000,"[{'counterpartyType': 'bank', 'amtAccepted': 0}, {'counterpartyType': 'gse', 'amtAccepted': 125000000000}, {'counterpartyType': 'mmf', 'amtAccepted': 2033427000000}, {'counterpartyType': 'pd', 'amtAccepted': 36500000000}]"
RP 080422 1,2022-08-04,Reverse Repo,,2191546000000,"[{'counterpartyType': 'bank', 'amtAccepted': 0}, {'counterpartyType': 'gse', 'amtAccepted': 125745000000}, {'counterpartyType': 'mmf', 'amtAccepted': 2032451000000}, {'counterpartyType': 'pd', 'amtAccepted': 33350000000}]"
RP 080322 1,2022-08-03,Reverse Repo,,2182238000000,"[{'counterpartyType': 'bank', 'amtAccepted': 2000000}, {'counterpartyType': 'gse', 'amtAccepted': 117845000000}, {'counterpartyType': 'mmf', 'amtAccepted': 2029691000000}, {'counterpartyType': 'pd', 'amtAccepted': 34700000000}]"
RP 080222 1,2022-08-02,Reverse Repo,,2156013000000,"[{'counterpartyType': 'bank', 'amtAccepted': 2000000}, {'counterpartyType': 'gse', 'amtAccepted': 105395000000}, {'counterpartyType': 'mmf', 'amtAccepted': 2022116000000}, {'counterpartyType': 'pd', 'amtAccepted': 28500000000}]"
RP 080122 1,2022-08-01,Reverse Repo,,2161885000000,"[{'counterpartyType': 'bank', 'amtAccepted': 0}, {'counterpartyType': 'gse', 'amtAccepted': 111375000000}, {'counterpartyType': 'mmf', 'amtAccepted': 2028160000000}, {'counterpartyType': 'pd', 'amtAccepted': 22350000000}]"
RP 072922 1,2022-07-29,Reverse Repo,,2300200000000,"[{'counterpartyType': 'bank', 'amtAccepted': 0}, {'counterpartyType': 'gse', 'amtAccepted': 140595000000}, {'counterpartyType': 'mmf', 'amtAccepted': 2098155000000}, {'counterpartyType': 'pd', 'amtAccepted': 61450000000}]"
RP 072822 1,2022-07-28,Reverse Repo,,2239883000000,"[{'counterpartyType': 'bank', 'amtAccepted': 0}, {'counterpartyType': 'gse', 'amtAccepted': 125750000000}, {'counterpartyType': 'mmf', 'amtAccepted': 2060033000000}, {'counterpartyType': 'pd', 'amtAccepted': 54100000000}]"
RP 072722 1,2022-07-27,Reverse Repo,,2188994000000,"[{'counterpartyType': 'bank', 'amtAccepted': 0}, {'counterpartyType': 'gse', 'amtAccepted': 114675000000}, {'counterpartyType': 'mmf', 'amtAccepted': 2039594000000}, {'counterpartyType': 'pd', 'amtAccepted': 34725000000}]"
RP 072622 1,2022-07-26,Reverse Repo,,2189474000000,"[{'counterpartyType': 'bank', 'amtAccepted': 0}, {'counterpartyType': 'gse', 'amtAccepted': 110350000000}, {'counterpartyType': 'mmf', 'amtAccepted': 2042974000000}, {'counterpartyType': 'pd', 'amtAccepted': 36150000000}]"
RP 072522 1,2022-07-25,Reverse Repo,,2192367000000,"[{'counterpartyType': 'bank', 'amtAccepted': 0}, {'counterpartyType': 'gse', 'amtAccepted': 115200000000}, {'counterpartyType': 'mmf', 'amtAccepted': 2038117000000}, {'counterpartyType': 'pd', 'amtAccepted': 39050000000}]"
RP 072222 1,2022-07-22,Reverse Repo,,2228959000000,"[{'counterpartyType': 'bank', 'amtAccepted': 0}, {'counterpartyType': 'gse', 'amtAccepted': 123675000000}, {'counterpartyType': 'mmf', 'amtAccepted': 2052184000000}, {'counterpartyType': 'pd', 'amtAccepted': 53100000000}]"
RP 072122 1,2022-07-21,Reverse Repo,,2271756000000,"[{'counterpartyType': 'bank', 'amtAccepted': 0}, {'counterpartyType': 'gse', 'amtAccepted': 147900000000}, {'counterpartyType': 'mmf', 'amtAccepted': 2042931000000}, {'counterpartyType': 'pd', 'amtAccepted': 80925000000}]"
RP 072022 1,2022-07-20,Reverse Repo,,2240204000000,"[{'counterpartyType': 'bank', 'amtAccepted': 0}, {'counterpartyType': 'gse', 'amtAccepted': 157950000000}, {'counterpartyType': 'mmf', 'amtAccepted': 2019804000000}, {'counterpartyType': 'pd', 'amtAccepted': 62450000000}]"
RP 071922 1,2022-07-19,Reverse Repo,,2211821000000,"[{'counterpartyType': 'bank', 'amtAccepted': 0}, {'counterpartyType': 'gse', 'amtAccepted': 160825000000}, {'counterpartyType': 'mmf', 'amtAccepted': 2014446000000}, {'counterpartyType': 'pd', 'amtAccepted': 36550000000}]"
RP 071822 1,2022-07-18,Reverse Repo,,2190375000000,"[{'counterpartyType': 'bank', 'amtAccepted': 0}, {'counterpartyType': 'gse', 'amtAccepted': 151450000000}, {'counterpartyType': 'mmf', 'amtAccepted': 2006475000000}, {'counterpartyType': 'pd', 'amtAccepted': 32450000000}]"
RP 071522 1,2022-07-15,Reverse Repo,,2153750000000,"[{'counterpartyType': 'bank', 'amtAccepted': 0}, {'counterpartyType': 'gse', 'amtAccepted': 139050000000}, {'counterpartyType': 'mmf', 'amtAccepted': 1987100000000}, {'counterpartyType': 'pd', 'amtAccepted': 27600000000}]"
RP 071422 1,2022-07-14,Reverse Repo,,2207121000000,"[{'counterpartyType': 'bank', 'amtAccepted': 0}, {'counterpartyType': 'gse', 'amtAccepted': 149450000000}, {'counterpartyType': 'mmf', 'amtAccepted': 2009446000000}, {'counterpartyType': 'pd', 'amtAccepted': 48225000000}]"
RP 071322 1,2022-07-13,Reverse Repo,,2155290000000,"[{'counterpartyType': 'bank', 'amtAccepted': 0}, {'counterpartyType': 'gse', 'amtAccepted': 118450000000}, {'counterpartyType': 'mmf', 'amtAccepted': 1998140000000}, {'counterpartyType': 'pd', 'amtAccepted': 38700000000}]"
RP 071222 1,2022-07-12,Reverse Repo,,2146132000000,"[{'counterpartyType': 'bank', 'amtAccepted': 0}, {'counterpartyType': 'gse', 'amtAccepted': 121600000000}, {'counterpartyType': 'mmf', 'amtAccepted': 1999982000000}, {'counterpartyType': 'pd', 'amtAccepted': 24550000000}]"
RP 071122 1,2022-07-11,Reverse Repo,,2164266000000,"[{'counterpartyType': 'bank', 'amtAccepted': 1000000}, {'counterpartyType': 'gse', 'amtAccepted': 127452000000}, {'counterpartyType': 'mmf', 'amtAccepted': 1984113000000}, {'counterpartyType': 'pd', 'amtAccepted': 52700000000}]"
RP 070822 1,2022-07-08,Reverse Repo,,2144921000000,"[{'counterpartyType': 'bank', 'amtAccepted': 0}, {'counterpartyType': 'gse', 'amtAccepted': 124450000000}, {'counterpartyType': 'mmf', 'amtAccepted': 1987721000000}, {'counterpartyType': 'pd', 'amtAccepted': 32750000000}]"
RP 070722 1,2022-07-07,Reverse Repo,,2172457000000,"[{'counterpartyType': 'bank', 'amtAccepted': 1000000}, {'counterpartyType': 'gse', 'amtAccepted': 138550000000}, {'counterpartyType': 'mmf', 'amtAccepted': 1999006000000}, {'counterpartyType': 'pd', 'amtAccepted': 34900000000}]"
RP 070622 1,2022-07-06,Reverse Repo,,2168026000000,"[{'counterpartyType': 'bank', 'amtAccepted': 0}, {'counterpartyType': 'gse', 'amtAccepted': 131200000000}, {'counterpartyType': 'mmf', 'amtAccepted': 2000076000000}, {'counterpartyType': 'pd', 'amtAccepted': 36750000000}]"
RP 070522 1,2022-07-05,Reverse Repo,,2138280000000,"[{'counterpartyType': 'bank', 'amtAccepted': 0}, {'counterpartyType': 'gse', 'amtAccepted': 133500000000}, {'counterpartyType': 'mmf', 'amtAccepted': 1975630000000}, {'counterpartyType': 'pd', 'amtAccepted': 29150000000}]"
RP 070122 1,2022-07-01,Reverse Repo,,2167085000000,"[{'counterpartyType': 'bank', 'amtAccepted': 0}, {'counterpartyType': 'gse', 'amtAccepted': 133500000000}, {'counterpartyType': 'mmf', 'amtAccepted': 1989535000000}, {'counterpartyType': 'pd', 'amtAccepted': 44050000000}]"
RP 063022 1,2022-06-30,Reverse Repo,,2329743000000,"[{'counterpartyType': 'bank', 'amtAccepted': 0}, {'counterpartyType': 'gse', 'amtAccepted': 179750000000}, {'counterpartyType': 'mmf', 'amtAccepted': 2062893000000}, {'counterpartyType': 'pd', 'amtAccepted': 87100000000}]"
RP 062922 1,2022-06-29,Reverse Repo,,2226976000000,"[{'counterpartyType': 'bank', 'amtAccepted': 1000000}, {'counterpartyType': 'gse', 'amtAccepted': 148525000000}, {'counterpartyType': 'mmf', 'amtAccepted': 1960950000000}, {'counterpartyType': 'pd', 'amtAccepted': 117500000000}]"
RP 062822 1,2022-06-28,Reverse Repo,,2213784000000,"[{'counterpartyType': 'bank', 'amtAccepted': 0}, {'counterpartyType': 'gse', 'amtAccepted': 138200000000}, {'counterpartyType': 'mmf', 'amtAccepted': 1941084000000}, {'counterpartyType': 'pd', 'amtAccepted': 134500000000}]"
RP 062722 1,2022-06-27,Reverse Repo,,2155942000000,"[{'counterpartyType': 'bank', 'amtAccepted': 1000000}, {'counterpartyType': 'gse', 'amtAccepted': 143300000000}, {'counterpartyType': 'mmf', 'amtAccepted': 1913041000000}, {'counterpartyType': 'pd', 'amtAccepted': 99600000000}]"
RP 062422 1,2022-06-24,Reverse Repo,,2180984000000,"[{'counterpartyType': 'bank', 'amtAccepted': 0}, {'counterpartyType': 'gse', 'amtAccepted': 146900000000}, {'counterpartyType': 'mmf', 'amtAccepted': 1916584000000}, {'counterpartyType': 'pd', 'amtAccepted': 117500000000}]"
RP 062322 1,2022-06-23,Reverse Repo,,2285442000000,"[{'counterpartyType': 'bank', 'amtAccepted': 1000000}, {'counterpartyType': 'gse', 'amtAccepted': 213300000000}, {'counterpartyType': 'mmf', 'amtAccepted': 1925261000000}, {'counterpartyType': 'pd', 'amtAccepted': 146880000000}]"
RP 062222 1,2022-06-22,Reverse Repo,,2259458000000,"[{'counterpartyType': 'bank', 'amtAccepted': 0}, {'counterpartyType': 'gse', 'amtAccepted': 218850000000}, {'counterpartyType': 'mmf', 'amtAccepted': 1894883000000}, {'counterpartyType': 'pd', 'amtAccepted': 145725000000}]"
RP 062122 1,2022-06-21,Reverse Repo,,2188627000000,"[{'counterpartyType': 'bank', 'amtAccepted': 0}, {'counterpartyType': 'gse', 'amtAccepted': 194000000000}, {'counterpartyType': 'mmf', 'amtAccepted': 1860177000000}, {'counterpartyType': 'pd', 'amtAccepted': 134450000000}]"
RP 061722 1,2022-06-17,Reverse Repo,,2229279000000,"[{'counterpartyType': 'bank', 'amtAccepted': 0}, {'counterpartyType': 'gse', 'amtAccepted': 204950000000}, {'counterpartyType': 'mmf', 'amtAccepted': 1879704000000}, {'counterpartyType': 'pd', 'amtAccepted': 144625000000}]"
RP 061622 1,2022-06-16,Reverse Repo,,2178382000000,"[{'counterpartyType': 'bank', 'amtAccepted': 0}, {'counterpartyType': 'gse', 'amtAccepted': 162040000000}, {'counterpartyType': 'mmf', 'amtAccepted': 1873567000000}, {'counterpartyType': 'pd', 'amtAccepted': 142775000000}]"
RP 061522 1,2022-06-15,Reverse Repo,,2162924000000,"[{'counterpartyType': 'bank', 'amtAccepted': 0}, {'counterpartyType': 'gse', 'amtAccepted': 153625000000}, {'counterpartyType': 'mmf', 'amtAccepted': 1876749000000}, {'counterpartyType': 'pd', 'amtAccepted': 132550000000}]"
RP 061422 1,2022-06-14,Reverse Repo,,2223857000000,"[{'counterpartyType': 'bank', 'amtAccepted': 10000000}, {'counterpartyType': 'gse', 'amtAccepted': 171350000000}, {'counterpartyType': 'mmf', 'amtAccepted': 1879747000000}, {'counterpartyType': 'pd', 'amtAccepted': 172750000000}]"
RP 061322 1,2022-06-13,Reverse Repo,,2212620000000,"[{'counterpartyType': 'bank', 'amtAccepted': 500000000}, {'counterpartyType': 'gse', 'amtAccepted': 186550000000}, {'counterpartyType': 'mmf', 'amtAccepted': 1855370000000}, {'counterpartyType': 'pd', 'amtAccepted': 170200000000}]"
RP 061022 1,2022-06-10,Reverse Repo,,2162885000000,"[{'counterpartyType': 'bank', 'amtAccepted': 0}, {'counterpartyType': 'gse', 'amtAccepted': 158370000000}, {'counterpartyType': 'mmf', 'amtAccepted': 1833265000000}, {'counterpartyType': 'pd', 'amtAccepted': 171250000000}]"
RP 060922 1,2022-06-09,Reverse Repo,,2142318000000,"[{'counterpartyType': 'bank', 'amtAccepted': 1000000}, {'counterpartyType': 'gse', 'amtAccepted': 159345000000}, {'counterpartyType': 'mmf', 'amtAccepted': 1825522000000}, {'counterpartyType': 'pd', 'amtAccepted': 157450000000}]"
RP 060822 1,2022-06-08,Reverse Repo,,2140277000000,"[{'counterpartyType': 'bank', 'amtAccepted': 250000000}, {'counterpartyType': 'gse', 'amtAccepted': 162250000000}, {'counterpartyType': 'mmf', 'amtAccepted': 1839977000000}, {'counterpartyType': 'pd', 'amtAccepted': 137800000000}]"
RP 060722 1,2022-06-07,Reverse Repo,,2091395000000,"[{'counterpartyType': 'bank', 'amtAccepted': 1000000}, {'counterpartyType': 'gse', 'amtAccepted': 163000000000}, {'counterpartyType': 'mmf', 'amtAccepted': 1802394000000}, {'counterpartyType': 'pd', 'amtAccepted': 126000000000}]"
RP 060622 1,2022-06-06,Reverse Repo,,2040093000000,"[{'counterpartyType': 'bank', 'amtAccepted': 1000000}, {'counterpartyType': 'gse', 'amtAccepted': 150500000000}, {'counterpartyType': 'mmf', 'amtAccepted': 1790442000000}, {'counterpartyType': 'pd', 'amtAccepted': 99150000000}]"
RP 060322 1,2022-06-03,Reverse Repo,,2031228000000,"[{'counterpartyType': 'bank', 'amtAccepted': 0}, {'counterpartyType': 'gse', 'amtAccepted': 151700000000}, {'counterpartyType': 'mmf', 'amtAccepted': 1790603000000}, {'counterpartyType': 'pd', 'amtAccepted': 88925000000}]"
RP 060222 1,2022-06-02,Reverse Repo,,1985239000000,"[{'counterpartyType': 'bank', 'amtAccepted': 1000000}, {'counterpartyType': 'gse', 'amtAccepted': 138712000000}, {'counterpartyType': 'mmf', 'amtAccepted': 1768825000000}, {'counterpartyType': 'pd', 'amtAccepted': 77701000000}]"
RP 060122 1,2022-06-01,Reverse Repo,,1965015000000,"[{'counterpartyType': 'bank', 'amtAccepted': 0}, {'counterpartyType': 'gse', 'amtAccepted': 150950000000}, {'counterpartyType': 'mmf', 'amtAccepted': 1750315000000}, {'counterpartyType': 'pd', 'amtAccepted': 63750000000}]"
RP 053122 1,2022-05-31,Reverse Repo,,1978538000000,"[{'counterpartyType': 'bank', 'amtAccepted': 0}, {'counterpartyType': 'gse', 'amtAccepted': 172200000000}, {'counterpartyType': 'mmf', 'amtAccepted': 1753187000000}, {'counterpartyType': 'pd', 'amtAccepted': 53151000000}]"
RP 052722 1,2022-05-27,Reverse Repo,,2006688000000,"[{'counterpartyType': 'bank', 'amtAccepted': 0}, {'counterpartyType': 'gse', 'amtAccepted': 142150000000}, {'counterpartyType': 'mmf', 'amtAccepted': 1746638000000}, {'counterpartyType': 'pd', 'amtAccepted': 117900000000}]"
RP 052622 1,2022-05-26,Reverse Repo,,2007702000000,"[{'counterpartyType': 'bank', 'amtAccepted': 0}, {'counterpartyType': 'gse', 'amtAccepted': 141950000000}, {'counterpartyType': 'mmf', 'amtAccepted': 1743802000000}, {'counterpartyType': 'pd', 'amtAccepted': 121950000000}]"
RP 052522 1,2022-05-25,Reverse Repo,,1995750000000,"[{'counterpartyType': 'bank', 'amtAccepted': 0}, {'counterpartyType': 'gse', 'amtAccepted': 143360000000}, {'counterpartyType': 'mmf', 'amtAccepted': 1724540000000}, {'counterpartyType': 'pd', 'amtAccepted': 127850000000}]"
RP 052422 1,2022-05-24,Reverse Repo,,1987865000000,"[{'counterpartyType': 'bank', 'amtAccepted': 0}, {'counterpartyType': 'gse', 'amtAccepted': 147650000000}, {'counterpartyType': 'mmf', 'amtAccepted': 1711715000000}, {'counterpartyType': 'pd', 'amtAccepted': 128500000000}]"
RP 052322 1,2022-05-23,Reverse Repo,,2044658000000,"[{'counterpartyType': 'bank', 'amtAccepted': 0}, {'counterpartyType': 'gse', 'amtAccepted': 224720000000}, {'counterpartyType': 'mmf', 'amtAccepted': 1700988000000}, {'counterpartyType': 'pd', 'amtAccepted': 118950000000}]"
RP 052022 1,2022-05-20,Reverse Repo,,1987987000000,"[{'counterpartyType': 'bank', 'amtAccepted': 0}, {'counterpartyType': 'gse', 'amtAccepted': 220375000000}, {'counterpartyType': 'mmf', 'amtAccepted': 1666412000000}, {'counterpartyType': 'pd', 'amtAccepted': 101200000000}]"
RP 051922 1,2022-05-19,Reverse Repo,,1981005000000,"[{'counterpartyType': 'bank', 'amtAccepted': 1000000}, {'counterpartyType': 'gse', 'amtAccepted': 222815000000}, {'counterpartyType': 'mmf', 'amtAccepted': 1662889000000}, {'counterpartyType': 'pd', 'amtAccepted': 95300000000}]"
RP 051822 1,2022-05-18,Reverse Repo,,1973373000000,"[{'counterpartyType': 'bank', 'amtAccepted': 1000000}, {'counterpartyType': 'gse', 'amtAccepted': 210530000000}, {'counterpartyType': 'mmf', 'amtAccepted': 1679142000000}, {'counterpartyType': 'pd', 'amtAccepted': 83700000000}]"
RP 051722 1,2022-05-17,Reverse Repo,,1877483000000,"[{'counterpartyType': 'bank', 'amtAccepted': 1000000}, {'counterpartyType': 'gse', 'amtAccepted': 165225000000}, {'counterpartyType': 'mmf', 'amtAccepted': 1665457000000}, {'counterpartyType': 'pd', 'amtAccepted': 46800000000}]"
RP 051622 1,2022-05-16,Reverse Repo,,1833152000000,"[{'counterpartyType': 'bank', 'amtAccepted': 1000000}, {'counterpartyType': 'gse', 'amtAccepted': 138425000000}, {'counterpartyType': 'mmf', 'amtAccepted': 1636026000000}, {'counterpartyType': 'pd', 'amtAccepted': 58700000000}]"
RP 051322 1,2022-05-13,Reverse Repo,,1865287000000,"[{'counterpartyType': 'bank', 'amtAccepted': 0}, {'counterpartyType': 'gse', 'amtAccepted': 146050000000}, {'counterpartyType': 'mmf', 'amtAccepted': 1668287000000}, {'counterpartyType': 'pd', 'amtAccepted': 50950000000}]"
RP 051222 1,2022-05-12,Reverse Repo,,1900069000000,"[{'counterpartyType': 'bank', 'amtAccepted': 0}, {'counterpartyType': 'gse', 'amtAccepted': 159470000000}, {'counterpartyType': 'mmf', 'amtAccepted': 1680299000000}, {'counterpartyType': 'pd', 'amtAccepted': 60300000000}]"
RP 051122 1,2022-05-11,Reverse Repo,,1876119000000,"[{'counterpartyType': 'bank', 'amtAccepted': 0}, {'counterpartyType': 'gse', 'amtAccepted': 128820000000}, {'counterpartyType': 'mmf', 'amtAccepted': 1667223000000}, {'counterpartyType': 'pd', 'amtAccepted': 80076000000}]"
RP 051022 1,2022-05-10,Reverse Repo,,1864225000000,"[{'counterpartyType': 'bank', 'amtAccepted': 0}, {'counterpartyType': 'gse', 'amtAccepted': 132020000000}, {'counterpartyType': 'mmf', 'amtAccepted': 1650755000000}, {'counterpartyType': 'pd', 'amtAccepted': 81450000000}]"
RP 050922 1,2022-05-09,Reverse Repo,,1858995000000,"[{'counterpartyType': 'bank', 'amtAccepted': 0}, {'counterpartyType': 'gse', 'amtAccepted': 121575000000}, {'counterpartyType': 'mmf', 'amtAccepted': 1645420000000}, {'counterpartyType': 'pd', 'amtAccepted': 92000000000}]"
RP 050622 1,2022-05-06,Reverse Repo,,1861866000000,"[{'counterpartyType': 'bank', 'amtAccepted': 0}, {'counterpartyType': 'gse', 'amtAccepted': 127800000000}, {'counterpartyType': 'mmf', 'amtAccepted': 1640016000000}, {'counterpartyType': 'pd', 'amtAccepted': 94050000000}]"
RP 050522 1,2022-05-05,Reverse Repo,,1844762000000,"[{'counterpartyType': 'bank', 'amtAccepted': 0}, {'counterpartyType': 'gse', 'amtAccepted': 111150000000}, {'counterpartyType': 'mmf', 'amtAccepted': 1657912000000}, {'counterpartyType': 'pd', 'amtAccepted': 75700000000}]"
RP 050422 1,2022-05-04,Reverse Repo,,1815656000000,"[{'counterpartyType': 'bank', 'amtAccepted': 50000000}, {'counterpartyType': 'gse', 'amtAccepted': 120200000000}, {'counterpartyType': 'mmf', 'amtAccepted': 1643196000000}, {'counterpartyType': 'pd', 'amtAccepted': 52210000000}]"
RP 050322 1,2022-05-03,Reverse Repo,,1796252000000,"[{'counterpartyType': 'bank', 'amtAccepted': 0}, {'counterpartyType': 'gse', 'amtAccepted': 115875000000}, {'counterpartyType': 'mmf', 'amtAccepted': 1635477000000}, {'counterpartyType': 'pd', 'amtAccepted': 44900000000}]"
RP 050222 1,2022-05-02,Reverse Repo,,1796302000000,"[{'counterpartyType': 'bank', 'amtAccepted': 0}, {'counterpartyType': 'gse', 'amtAccepted': 120750000000}, {'counterpartyType': 'mmf', 'amtAccepted': 1629552000000}, {'counterpartyType': 'pd', 'amtAccepted': 46000000000}]"
RP 042922 1,2022-04-29,Reverse Repo,,1906802000000,"[{'counterpartyType': 'bank', 'amtAccepted': 0}, {'counterpartyType': 'gse', 'amtAccepted': 139350000000}, {'counterpartyType': 'mmf', 'amtAccepted': 1670302000000}, {'counterpartyType': 'pd', 'amtAccepted': 97150000000}]"
RP 042822 1,2022-04-28,Reverse Repo,,1818416000000,"[{'counterpartyType': 'bank', 'amtAccepted': 1000000}, {'counterpartyType': 'gse', 'amtAccepted': 123025000000}, {'counterpartyType': 'mmf', 'amtAccepted': 1628589000000}, {'counterpartyType': 'pd', 'amtAccepted': 66801000000}]"
RP 042722 1,2022-04-27,Reverse Repo,,1803162000000,"[{'counterpartyType': 'bank', 'amtAccepted': 0}, {'counterpartyType': 'gse', 'amtAccepted': 115100000000}, {'counterpartyType': 'mmf', 'amtAccepted': 1618562000000}, {'counterpartyType': 'pd', 'amtAccepted': 69500000000}]"
RP 042622 1,2022-04-26,Reverse Repo,,1819343000000,"[{'counterpartyType': 'bank', 'amtAccepted': 0}, {'counterpartyType': 'gse', 'amtAccepted': 122100000000}, {'counterpartyType': 'mmf', 'amtAccepted': 1595718000000}, {'counterpartyType': 'pd', 'amtAccepted': 101525000000}]"
RP 042522 1,2022-04-25,Reverse Repo,,1783609000000,"[{'counterpartyType': 'bank', 'amtAccepted': 0}, {'counterpartyType': 'gse', 'amtAccepted': 126475000000}, {'counterpartyType': 'mmf', 'amtAccepted': 1562384000000}, {'counterpartyType': 'pd', 'amtAccepted': 94750000000}]"
RP 042222 1,2022-04-22,Reverse Repo,,1765031000000,"[{'counterpartyType': 'bank', 'amtAccepted': 0}, {'counterpartyType': 'gse', 'amtAccepted': 124750000000}, {'counterpartyType': 'mmf', 'amtAccepted': 1551281000000}, {'counterpartyType': 'pd', 'amtAccepted': 89000000000}]"
RP 042122 1,2022-04-21,Reverse Repo,,1854700000000,"[{'counterpartyType': 'bank', 'amtAccepted': 50000000}, {'counterpartyType': 'gse', 'amtAccepted': 216375000000}, {'counterpartyType': 'mmf', 'amtAccepted': 1566225000000}, {'counterpartyType': 'pd', 'amtAccepted': 72050000000}]"
RP 042022 1,2022-04-20,Reverse Repo,,1866560000000,"[{'counterpartyType': 'bank', 'amtAccepted': 10000000}, {'counterpartyType': 'gse', 'amtAccepted': 216935000000}, {'counterpartyType': 'mmf', 'amtAccepted': 1541455000000}, {'counterpartyType': 'pd', 'amtAccepted': 108160000000}]"
RP 041922 1,2022-04-19,Reverse Repo,,1817292000000,"[{'counterpartyType': 'bank', 'amtAccepted': 0}, {'counterpartyType': 'gse', 'amtAccepted': 206775000000}, {'counterpartyType': 'mmf', 'amtAccepted': 1536017000000}, {'counterpartyType': 'pd', 'amtAccepted': 74500000000}]"
RP 041822 1,2022-04-18,Reverse Repo,,1738379000000,"[{'counterpartyType': 'bank', 'amtAccepted': 0}, {'counterpartyType': 'gse', 'amtAccepted': 178650000000}, {'counterpartyType': 'mmf', 'amtAccepted': 1499929000000}, {'counterpartyType': 'pd', 'amtAccepted': 59800000000}]"
RP 041422 1,2022-04-14,Reverse Repo,,1706935000000,"[{'counterpartyType': 'bank', 'amtAccepted': 0}, {'counterpartyType': 'gse', 'amtAccepted': 138125000000}, {'counterpartyType': 'mmf', 'amtAccepted': 1508535000000}, {'counterpartyType': 'pd', 'amtAccepted': 60275000000}]"
RP 041322 1,2022-04-13,Reverse Repo,,1815555000000,"[{'counterpartyType': 'bank', 'amtAccepted': 1000000}, {'counterpartyType': 'gse', 'amtAccepted': 158600000000}, {'counterpartyType': 'mmf', 'amtAccepted': 1579375000000}, {'counterpartyType': 'pd', 'amtAccepted': 77579000000}]"
RP 041222 1,2022-04-12,Reverse Repo,,1710414000000,"[{'counterpartyType': 'bank', 'amtAccepted': 0}, {'counterpartyType': 'gse', 'amtAccepted': 39855000000}, {'counterpartyType': 'mmf', 'amtAccepted': 1598609000000}, {'counterpartyType': 'pd', 'amtAccepted': 71950000000}]"
RP 041122 2,2022-04-11,Reverse Repo,,1758958000000,"[{'counterpartyType': 'bank', 'amtAccepted': 2000000}, {'counterpartyType': 'gse', 'amtAccepted': 109650000000}, {'counterpartyType': 'mmf', 'amtAccepted': 1582906000000}, {'counterpartyType': 'pd', 'amtAccepted': 66400000000}]"
RP 040822 1,2022-04-08,Reverse Repo,,1750498000000,"[{'counterpartyType': 'bank', 'amtAccepted': 0}, {'counterpartyType': 'gse', 'amtAccepted': 109575000000}, {'counterpartyType': 'mmf', 'amtAccepted': 1583923000000}, {'counterpartyType': 'pd', 'amtAccepted': 57000000000}]"
RP 040722 1,2022-04-07,Reverse Repo,,1734424000000,"[{'counterpartyType': 'bank', 'amtAccepted': 1000000}, {'counterpartyType': 'gse', 'amtAccepted': 99550000000}, {'counterpartyType': 'mmf', 'amtAccepted': 1567298000000}, {'counterpartyType': 'pd', 'amtAccepted': 67575000000}]"
RP 040622 1,2022-04-06,Reverse Repo,,1731472000000,"[{'counterpartyType': 'bank', 'amtAccepted': 0}, {'counterpartyType': 'gse', 'amtAccepted': 97470000000}, {'counterpartyType': 'mmf', 'amtAccepted': 1565302000000}, {'counterpartyType': 'pd', 'amtAccepted': 68700000000}]"
RP 040522 1,2022-04-05,Reverse Repo,,1710834000000,"[{'counterpartyType': 'bank', 'amtAccepted': 0}, {'counterpartyType': 'gse', 'amtAccepted': 87950000000}, {'counterpartyType': 'mmf', 'amtAccepted': 1563684000000}, {'counterpartyType': 'pd', 'amtAccepted': 59200000000}]"
RP 040422 1,2022-04-04,Reverse Repo,,1692936000000,"[{'counterpartyType': 'bank', 'amtAccepted': 0}, {'counterpartyType': 'gse', 'amtAccepted': 83650000000}, {'counterpartyType': 'mmf', 'amtAccepted': 1553721000000}, {'counterpartyType': 'pd', 'amtAccepted': 55565000000}]"
RP 040122 1,2022-04-01,Reverse Repo,,1666063000000,"[{'counterpartyType': 'bank', 'amtAccepted': 0}, {'counterpartyType': 'gse', 'amtAccepted': 81400000000}, {'counterpartyType': 'mmf', 'amtAccepted': 1531063000000}, {'counterpartyType': 'pd', 'amtAccepted': 53600000000}]"
RP 033122 1,2022-03-31,Reverse Repo,,1871970000000,"[{'counterpartyType': 'bank', 'amtAccepted': 0}, {'counterpartyType': 'gse', 'amtAccepted': 134900000000}, {'counterpartyType': 'mmf', 'amtAccepted': 1658070000000}, {'counterpartyType': 'pd', 'amtAccepted': 79000000000}]"
RP 033022 1,2022-03-30,Reverse Repo,,1785939000000,"[{'counterpartyType': 'bank', 'amtAccepted': 50000000}, {'counterpartyType': 'gse', 'amtAccepted': 94850000000}, {'counterpartyType': 'mmf', 'amtAccepted': 1576389000000}, {'counterpartyType': 'pd', 'amtAccepted': 114650000000}]"
RP 032922 1,2022-03-29,Reverse Repo,,1718870000000,"[{'counterpartyType': 'bank', 'amtAccepted': 0}, {'counterpartyType': 'gse', 'amtAccepted': 90200000000}, {'counterpartyType': 'mmf', 'amtAccepted': 1537870000000}, {'counterpartyType': 'pd', 'amtAccepted': 90800000000}]"
RP 032822 1,2022-03-28,Reverse Repo,,1688632000000,"[{'counterpartyType': 'bank', 'amtAccepted': 1000000}, {'counterpartyType': 'gse', 'amtAccepted': 85150000000}, {'counterpartyType': 'mmf', 'amtAccepted': 1521331000000}, {'counterpartyType': 'pd', 'amtAccepted': 82150000000}]"
RP 032522 1,2022-03-25,Reverse Repo,,1676974000000,"[{'counterpartyType': 'bank', 'amtAccepted': 0}, {'counterpartyType': 'gse', 'amtAccepted': 83600000000}, {'counterpartyType': 'mmf', 'amtAccepted': 1520149000000}, {'counterpartyType': 'pd', 'amtAccepted': 73225000000}]"
RP 032422 2,2022-03-24,Reverse Repo,,1707655000000,"[{'counterpartyType': 'bank', 'amtAccepted': 0}, {'counterpartyType': 'gse', 'amtAccepted': 87827000000}, {'counterpartyType': 'mmf', 'amtAccepted': 1531218000000}, {'counterpartyType': 'pd', 'amtAccepted': 88610000000}]"
RP 032322 1,2022-03-23,Reverse Repo,,1803186000000,"[{'counterpartyType': 'bank', 'amtAccepted': 1000000}, {'counterpartyType': 'gse', 'amtAccepted': 177500000000}, {'counterpartyType': 'mmf', 'amtAccepted': 1504435000000}, {'counterpartyType': 'pd', 'amtAccepted': 121250000000}]"
RP 032222 1,2022-03-22,Reverse Repo,,1763183000000,"[{'counterpartyType': 'bank', 'amtAccepted': 0}, {'counterpartyType': 'gse', 'amtAccepted': 175070000000}, {'counterpartyType': 'mmf', 'amtAccepted': 1473788000000}, {'counterpartyType': 'pd', 'amtAccepted': 114325000000}]"
RP 032122 1,2022-03-21,Reverse Repo,,1728893000000,"[{'counterpartyType': 'bank', 'amtAccepted': 1000000}, {'counterpartyType': 'gse', 'amtAccepted': 172400000000}, {'counterpartyType': 'mmf', 'amtAccepted': 1444092000000}, {'counterpartyType': 'pd', 'amtAccepted': 112400000000}]"
RP 031822 1,2022-03-18,Reverse Repo,,1715148000000,"[{'counterpartyType': 'bank', 'amtAccepted': 0}, {'counterpartyType': 'gse', 'amtAccepted': 182525000000}, {'counterpartyType': 'mmf', 'amtAccepted': 1432098000000}, {'counterpartyType': 'pd', 'amtAccepted': 100525000000}]"
RP 031722 1,2022-03-17,Reverse Repo,,1659977000000,"[{'counterpartyType': 'bank', 'amtAccepted': 0}, {'counterpartyType': 'gse', 'amtAccepted': 148100000000}, {'counterpartyType': 'mmf', 'amtAccepted': 1413377000000}, {'counterpartyType': 'pd', 'amtAccepted': 98500000000}]"
RP 031622 1,2022-03-16,Reverse Repo,,1613637000000,"[{'counterpartyType': 'bank', 'amtAccepted': 0}, {'counterpartyType': 'gse', 'amtAccepted': 111300000000}, {'counterpartyType': 'mmf', 'amtAccepted': 1420837000000}, {'counterpartyType': 'pd', 'amtAccepted': 81500000000}]"
RP 031522 1,2022-03-15,Reverse Repo,,1583471000000,"[{'counterpartyType': 'bank', 'amtAccepted': 0}, {'counterpartyType': 'gse', 'amtAccepted': 112600000000}, {'counterpartyType': 'mmf', 'amtAccepted': 1400121000000}, {'counterpartyType': 'pd', 'amtAccepted': 70750000000}]"
RP 031422 1,2022-03-14,Reverse Repo,,1608021000000,"[{'counterpartyType': 'bank', 'amtAccepted': 0}, {'counterpartyType': 'gse', 'amtAccepted': 111550000000}, {'counterpartyType': 'mmf', 'amtAccepted': 1410421000000}, {'counterpartyType': 'pd', 'amtAccepted': 86050000000}]"
RP 031122 1,2022-03-11,Reverse Repo,,1557823000000,"[{'counterpartyType': 'bank', 'amtAccepted': 0}, {'counterpartyType': 'gse', 'amtAccepted': 80500000000}, {'counterpartyType': 'mmf', 'amtAccepted': 1412273000000}, {'counterpartyType': 'pd', 'amtAccepted': 65050000000}]"
RP 031022 1,2022-03-10,Reverse Repo,,1568735000000,"[{'counterpartyType': 'bank', 'amtAccepted': 0}, {'counterpartyType': 'gse', 'amtAccepted': 77550000000}, {'counterpartyType': 'mmf', 'amtAccepted': 1440635000000}, {'counterpartyType': 'pd', 'amtAccepted': 50550000000}]"
RP 030922 1,2022-03-09,Reverse Repo,,1542504000000,"[{'counterpartyType': 'bank', 'amtAccepted': 0}, {'counterpartyType': 'gse', 'amtAccepted': 74700000000}, {'counterpartyType': 'mmf', 'amtAccepted': 1419854000000}, {'counterpartyType': 'pd', 'amtAccepted': 47950000000}]"
RP 030822 1,2022-03-08,Reverse Repo,,1525099000000,"[{'counterpartyType': 'bank', 'amtAccepted': 0}, {'counterpartyType': 'gse', 'amtAccepted': 70250000000}, {'counterpartyType': 'mmf', 'amtAccepted': 1403199000000}, {'counterpartyType': 'pd', 'amtAccepted': 51650000000}]"
RP 030722 1,2022-03-07,Reverse Repo,,1461227000000,"[{'counterpartyType': 'bank', 'amtAccepted': 0}, {'counterpartyType': 'gse', 'amtAccepted': 76350000000}, {'counterpartyType': 'mmf', 'amtAccepted': 1365427000000}, {'counterpartyType': 'pd', 'amtAccepted': 19450000000}]"
RP 030422 1,2022-03-04,Reverse Repo,,1483061000000,"[{'counterpartyType': 'bank', 'amtAccepted': 0}, {'counterpartyType': 'gse', 'amtAccepted': 69700000000}, {'counterpartyType': 'mmf', 'amtAccepted': 1390111000000}, {'counterpartyType': 'pd', 'amtAccepted': 23250000000}]"
RP 030322 1,2022-03-03,Reverse Repo,,1533992000000,"[{'counterpartyType': 'bank', 'amtAccepted': 0}, {'counterpartyType': 'gse', 'amtAccepted': 78250000000}, {'counterpartyType': 'mmf', 'amtAccepted': 1428892000000}, {'counterpartyType': 'pd', 'amtAccepted': 26850000000}]"
RP 030222 1,2022-03-02,Reverse Repo,,1526211000000,"[{'counterpartyType': 'bank', 'amtAccepted': 0}, {'counterpartyType': 'gse', 'amtAccepted': 75650000000}, {'counterpartyType': 'mmf', 'amtAccepted': 1441111000000}, {'counterpartyType': 'pd', 'amtAccepted': 9450000000}]"
RP 030122 1,2022-03-01,Reverse Repo,,1552950000000,"[{'counterpartyType': 'bank', 'amtAccepted': 0}, {'counterpartyType': 'gse', 'amtAccepted': 97300000000}, {'counterpartyType': 'mmf', 'amtAccepted': 1414450000000}, {'counterpartyType': 'pd', 'amtAccepted': 41200000000}]"
RP 022822 1,2022-02-28,Reverse Repo,,1596052000000,"[{'counterpartyType': 'bank', 'amtAccepted': 0}, {'counterpartyType': 'gse', 'amtAccepted': 109150000000}, {'counterpartyType': 'mmf', 'amtAccepted': 1445702000000}, {'counterpartyType': 'pd', 'amtAccepted': 41200000000}]"
RP 022522 1,2022-02-25,Reverse Repo,,1603349000000,"[{'counterpartyType': 'bank', 'amtAccepted': 0}, {'counterpartyType': 'gse', 'amtAccepted': 114000000000}, {'counterpartyType': 'mmf', 'amtAccepted': 1461149000000}, {'counterpartyType': 'pd', 'amtAccepted': 28200000000}]"
RP 022422 1,2022-02-24,Reverse Repo,,1650399000000,"[{'counterpartyType': 'bank', 'amtAccepted': 0}, {'counterpartyType': 'gse', 'amtAccepted': 129500000000}, {'counterpartyType': 'mmf', 'amtAccepted': 1465449000000}, {'counterpartyType': 'pd', 'amtAccepted': 55450000000}]"
RP 022322 1,2022-02-23,Reverse Repo,,1738322000000,"[{'counterpartyType': 'bank', 'amtAccepted': 0}, {'counterpartyType': 'gse', 'amtAccepted': 209950000000}, {'counterpartyType': 'mmf', 'amtAccepted': 1456322000000}, {'counterpartyType': 'pd', 'amtAccepted': 72050000000}]"
RP 022222 1,2022-02-22,Reverse Repo,,1699432000000,"[{'counterpartyType': 'bank', 'amtAccepted': 0}, {'counterpartyType': 'gse', 'amtAccepted': 213250000000}, {'counterpartyType': 'mmf', 'amtAccepted': 1424582000000}, {'counterpartyType': 'pd', 'amtAccepted': 61600000000}]"
RP 021822 1,2022-02-18,Reverse Repo,,1674929000000,"[{'counterpartyType': 'bank', 'amtAccepted': 0}, {'counterpartyType': 'gse', 'amtAccepted': 210600000000}, {'counterpartyType': 'mmf', 'amtAccepted': 1402829000000}, {'counterpartyType': 'pd', 'amtAccepted': 61500000000}]"
RP 021722 1,2022-02-17,Reverse Repo,,1647202000000,"[{'counterpartyType': 'bank', 'amtAccepted': 1000000}, {'counterpartyType': 'gse', 'amtAccepted': 178300000000}, {'counterpartyType': 'mmf', 'amtAccepted': 1413801000000}, {'counterpartyType': 'pd', 'amtAccepted': 55100000000}]"
RP 021622 1,2022-02-16,Reverse Repo,,1644134000000,"[{'counterpartyType': 'bank', 'amtAccepted': 1000000}, {'counterpartyType': 'gse', 'amtAccepted': 150400000000}, {'counterpartyType': 'mmf', 'amtAccepted': 1433533000000}, {'counterpartyType': 'pd', 'amtAccepted': 60200000000}]"
RP 021522 1,2022-02-15,Reverse Repo,,1608494000000,"[{'counterpartyType': 'bank', 'amtAccepted': 1000000}, {'counterpartyType': 'gse', 'amtAccepted': 146000000000}, {'counterpartyType': 'mmf', 'amtAccepted': 1393443000000}, {'counterpartyType': 'pd', 'amtAccepted': 69050000000}]"
RP 021422 1,2022-02-14,Reverse Repo,,1666232000000,"[{'counterpartyType': 'bank', 'amtAccepted': 2000000}, {'counterpartyType': 'gse', 'amtAccepted': 147300000000}, {'counterpartyType': 'mmf', 'amtAccepted': 1419430000000}, {'counterpartyType': 'pd', 'amtAccepted': 99500000000}]"
RP 021122 1,2022-02-11,Reverse Repo,,1635826000000,"[{'counterpartyType': 'bank', 'amtAccepted': 0}, {'counterpartyType': 'gse', 'amtAccepted': 105625000000}, {'counterpartyType': 'mmf', 'amtAccepted': 1449001000000}, {'counterpartyType': 'pd', 'amtAccepted': 81200000000}]"
RP 021022 1,2022-02-10,Reverse Repo,,1634146000000,"[{'counterpartyType': 'bank', 'amtAccepted': 0}, {'counterpartyType': 'gse', 'amtAccepted': 116550000000}, {'counterpartyType': 'mmf', 'amtAccepted': 1457046000000}, {'counterpartyType': 'pd', 'amtAccepted': 60550000000}]"
RP 020922 1,2022-02-09,Reverse Repo,,1653153000000,"[{'counterpartyType': 'bank', 'amtAccepted': 0}, {'counterpartyType': 'gse', 'amtAccepted': 118400000000}, {'counterpartyType': 'mmf', 'amtAccepted': 1453203000000}, {'counterpartyType': 'pd', 'amtAccepted': 81550000000}]"
RP 020822 1,2022-02-08,Reverse Repo,,1674610000000,"[{'counterpartyType': 'bank', 'amtAccepted': 0}, {'counterpartyType': 'gse', 'amtAccepted': 118800000000}, {'counterpartyType': 'mmf', 'amtAccepted': 1456360000000}, {'counterpartyType': 'pd', 'amtAccepted': 99450000000}]"
RP 020722 1,2022-02-07,Reverse Repo,,1679932000000,"[{'counterpartyType': 'bank', 'amtAccepted': 0}, {'counterpartyType': 'gse', 'amtAccepted': 122800000000}, {'counterpartyType': 'mmf', 'amtAccepted': 1454232000000}, {'counterpartyType': 'pd', 'amtAccepted': 102900000000}]"
RP 020422 1,2022-02-04,Reverse Repo,,1642892000000,"[{'counterpartyType': 'bank', 'amtAccepted': 0}, {'counterpartyType': 'gse', 'amtAccepted': 111650000000}, {'counterpartyType': 'mmf', 'amtAccepted': 1464842000000}, {'counterpartyType': 'pd', 'amtAccepted': 66400000000}]"
RP 020322 1,2022-02-03,Reverse Repo,,1640397000000,"[{'counterpartyType': 'bank', 'amtAccepted': 0}, {'counterpartyType': 'gse', 'amtAccepted': 110550000000}, {'counterpartyType': 'mmf', 'amtAccepted': 1466247000000}, {'counterpartyType': 'pd', 'amtAccepted': 63600000000}]"
RP 020222 1,2022-02-02,Reverse Repo,,1626895000000,"[{'counterpartyType': 'bank', 'amtAccepted': 0}, {'counterpartyType': 'gse', 'amtAccepted': 108150000000}, {'counterpartyType': 'mmf', 'amtAccepted': 1458245000000}, {'counterpartyType': 'pd', 'amtAccepted': 60500000000}]"
RP 020122 1,2022-02-01,Reverse Repo,,1584109000000,"[{'counterpartyType': 'bank', 'amtAccepted': 1000000}, {'counterpartyType': 'gse', 'amtAccepted': 105800000000}, {'counterpartyType': 'mmf', 'amtAccepted': 1427208000000}, {'counterpartyType': 'pd', 'amtAccepted': 51100000000}]"
RP 013122 1,2022-01-31,Reverse Repo,,1654850000000,"[{'counterpartyType': 'bank', 'amtAccepted': 0}, {'counterpartyType': 'gse', 'amtAccepted': 117250000000}, {'counterpartyType': 'mmf', 'amtAccepted': 1474650000000}, {'counterpartyType': 'pd', 'amtAccepted': 62950000000}]"
RP 012822 1,2022-01-28,Reverse Repo,,1615021000000,"[{'counterpartyType': 'bank', 'amtAccepted': 0}, {'counterpartyType': 'gse', 'amtAccepted': 103250000000}, {'counterpartyType': 'mmf', 'amtAccepted': 1427471000000}, {'counterpartyType': 'pd', 'amtAccepted': 84300000000}]"
RP 012722 1,2022-01-27,Reverse Repo,,1583895000000,"[{'counterpartyType': 'bank', 'amtAccepted': 0}, {'counterpartyType': 'gse', 'amtAccepted': 110250000000}, {'counterpartyType': 'mmf', 'amtAccepted': 1404345000000}, {'counterpartyType': 'pd', 'amtAccepted': 69300000000}]"
RP 012622 1,2022-01-26,Reverse Repo,,1613046000000,"[{'counterpartyType': 'bank', 'amtAccepted': 0}, {'counterpartyType': 'gse', 'amtAccepted': 100750000000}, {'counterpartyType': 'mmf', 'amtAccepted': 1427046000000}, {'counterpartyType': 'pd', 'amtAccepted': 85250000000}]"
RP 012522 1,2022-01-25,Reverse Repo,,1599502000000,"[{'counterpartyType': 'bank', 'amtAccepted': 10000000}, {'counterpartyType': 'gse', 'amtAccepted': 95750000000}, {'counterpartyType': 'mmf', 'amtAccepted': 1418742000000}, {'counterpartyType': 'pd', 'amtAccepted': 85000000000}]"
RP 012422 1,2022-01-24,Reverse Repo,,1614002000000,"[{'counterpartyType': 'bank', 'amtAccepted': 500000000}, {'counterpartyType': 'gse', 'amtAccepted': 100950000000}, {'counterpartyType': 'mmf', 'amtAccepted': 1410052000000}, {'counterpartyType': 'pd', 'amtAccepted': 102500000000}]"
RP 012122 1,2022-01-21,Reverse Repo,,1706127000000,"[{'counterpartyType': 'bank', 'amtAccepted': 0}, {'counterpartyType': 'gse', 'amtAccepted': 213051000000}, {'counterpartyType': 'mmf', 'amtAccepted': 1403326000000}, {'counterpartyType': 'pd', 'amtAccepted': 89750000000}]"
RP 012022 1,2022-01-20,Reverse Repo,,1678931000000,"[{'counterpartyType': 'bank', 'amtAccepted': 1000000}, {'counterpartyType': 'gse', 'amtAccepted': 208401000000}, {'counterpartyType': 'mmf', 'amtAccepted': 1370529000000}, {'counterpartyType': 'pd', 'amtAccepted': 100000000000}]"
RP 011922 1,2022-01-19,Reverse Repo,,1656576000000,"[{'counterpartyType': 'bank', 'amtAccepted': 500000000}, {'counterpartyType': 'gse', 'amtAccepted': 187551000000}, {'counterpartyType': 'mmf', 'amtAccepted': 1374775000000}, {'counterpartyType': 'pd', 'amtAccepted': 93750000000}]"
RP 011822 1,2022-01-18,Reverse Repo,,1597137000000,"[{'counterpartyType': 'bank', 'amtAccepted': 0}, {'counterpartyType': 'gse', 'amtAccepted': 178676000000}, {'counterpartyType': 'mmf', 'amtAccepted': 1352461000000}, {'counterpartyType': 'pd', 'amtAccepted': 66000000000}]"
RP 011422 1,2022-01-14,Reverse Repo,,1598887000000,"[{'counterpartyType': 'bank', 'amtAccepted': 0}, {'counterpartyType': 'gse', 'amtAccepted': 127525000000}, {'counterpartyType': 'mmf', 'amtAccepted': 1384762000000}, {'counterpartyType': 'pd', 'amtAccepted': 86600000000}]"
RP 011322 1,2022-01-13,Reverse Repo,,1636742000000,"[{'counterpartyType': 'bank', 'amtAccepted': 1000000}, {'counterpartyType': 'gse', 'amtAccepted': 146100000000}, {'counterpartyType': 'mmf', 'amtAccepted': 1410491000000}, {'counterpartyType': 'pd', 'amtAccepted': 80150000000}]"
RP 011222 1,2022-01-12,Reverse Repo,,1536981000000,"[{'counterpartyType': 'bank', 'amtAccepted': 0}, {'counterpartyType': 'gse', 'amtAccepted': 84176000000}, {'counterpartyType': 'mmf', 'amtAccepted': 1397155000000}, {'counterpartyType': 'pd', 'amtAccepted': 55650000000}]"
RP 011122 1,2022-01-11,Reverse Repo,,1527020000000,"[{'counterpartyType': 'bank', 'amtAccepted': 1000000}, {'counterpartyType': 'gse', 'amtAccepted': 85326000000}, {'counterpartyType': 'mmf', 'amtAccepted': 1388543000000}, {'counterpartyType': 'pd', 'amtAccepted': 53150000000}]"
RP 011022 1,2022-01-10,Reverse Repo,,1560421000000,"[{'counterpartyType': 'bank', 'amtAccepted': 1000000}, {'counterpartyType': 'gse', 'amtAccepted': 91850000000}, {'counterpartyType': 'mmf', 'amtAccepted': 1413770000000}, {'counterpartyType': 'pd', 'amtAccepted': 54800000000}]"
RP 010722 1,2022-01-07,Reverse Repo,,1530096000000,"[{'counterpartyType': 'bank', 'amtAccepted': 0}, {'counterpartyType': 'gse', 'amtAccepted': 85900000000}, {'counterpartyType': 'mmf', 'amtAccepted': 1398921000000}, {'counterpartyType': 'pd', 'amtAccepted': 45275000000}]"
RP 010622 1,2022-01-06,Reverse Repo,,1510553000000,"[{'counterpartyType': 'bank', 'amtAccepted': 0}, {'counterpartyType': 'gse', 'amtAccepted': 66850000000}, {'counterpartyType': 'mmf', 'amtAccepted': 1406653000000}, {'counterpartyType': 'pd', 'amtAccepted': 37050000000}]"
RP 010522 1,2022-01-05,Reverse Repo,,1492787000000,"[{'counterpartyType': 'bank', 'amtAccepted': 0}, {'counterpartyType': 'gse', 'amtAccepted': 61100000000}, {'counterpartyType': 'mmf', 'amtAccepted': 1416687000000}, {'counterpartyType': 'pd', 'amtAccepted': 15000000000}]"
RP 010422 1,2022-01-04,Reverse Repo,,1495692000000,"[{'counterpartyType': 'bank', 'amtAccepted': 1000000}, {'counterpartyType': 'gse', 'amtAccepted': 68900000000}, {'counterpartyType': 'mmf', 'amtAccepted': 1421541000000}, {'counterpartyType': 'pd', 'amtAccepted': 5250000000}]"
RP 010322 1,2022-01-03,Reverse Repo,,1579526000000,"[{'counterpartyType': 'bank', 'amtAccepted': 0}, {'counterpartyType': 'gse', 'amtAccepted': 77000000000}, {'counterpartyType': 'mmf', 'amtAccepted': 1489626000000}, {'counterpartyType': 'pd', 'amtAccepted': 12900000000}]"
RP 123121 1,2021-12-31,Reverse Repo,,1904582000000,"[{'counterpartyType': 'bank', 'amtAccepted': 0}, {'counterpartyType': 'gse', 'amtAccepted': 135970000000}, {'counterpartyType': 'mmf', 'amtAccepted': 1739662000000}, {'counterpartyType': 'pd', 'amtAccepted': 28950000000}]"
RP 123021 1,2021-12-30,Reverse Repo,,1696476000000,"[{'counterpartyType': 'bank', 'amtAccepted': 0}, {'counterpartyType': 'gse', 'amtAccepted': 108450000000}, {'counterpartyType': 'mmf', 'amtAccepted': 1520326000000}, {'counterpartyType': 'pd', 'amtAccepted': 67700000000}]"
RP 122921 1,2021-12-29,Reverse Repo,,1642506000000,"[{'counterpartyType': 'bank', 'amtAccepted': 1000000}, {'counterpartyType': 'gse', 'amtAccepted': 111201000000}, {'counterpartyType': 'mmf', 'amtAccepted': 1480304000000}, {'counterpartyType': 'pd', 'amtAccepted': 51000000000}]"
RP 122821 1,2021-12-28,Reverse Repo,,1637064000000,"[{'counterpartyType': 'bank', 'amtAccepted': 0}, {'counterpartyType': 'gse', 'amtAccepted': 107500000000}, {'counterpartyType': 'mmf', 'amtAccepted': 1493014000000}, {'counterpartyType': 'pd', 'amtAccepted': 36550000000}]"
RP 122721 1,2021-12-27,Reverse Repo,,1580347000000,"[{'counterpartyType': 'bank', 'amtAccepted': 1000000}, {'counterpartyType': 'gse', 'amtAccepted': 104325000000}, {'counterpartyType': 'mmf', 'amtAccepted': 1438171000000}, {'counterpartyType': 'pd', 'amtAccepted': 37850000000}]"
RP 122321 1,2021-12-23,Reverse Repo,,1577780000000,"[{'counterpartyType': 'bank', 'amtAccepted': 0}, {'counterpartyType': 'gse', 'amtAccepted': 102201000000}, {'counterpartyType': 'mmf', 'amtAccepted': 1426579000000}, {'counterpartyType': 'pd', 'amtAccepted': 49000000000}]"
RP 122221 1,2021-12-22,Reverse Repo,,1699277000000,"[{'counterpartyType': 'bank', 'amtAccepted': 10000000}, {'counterpartyType': 'gse', 'amtAccepted': 213311000000}, {'counterpartyType': 'mmf', 'amtAccepted': 1441356000000}, {'counterpartyType': 'pd', 'amtAccepted': 44600000000}]"
RP 122121 1,2021-12-21,Reverse Repo,,1748285000000,"[{'counterpartyType': 'bank', 'amtAccepted': 10000000}, {'counterpartyType': 'gse', 'amtAccepted': 210850000000}, {'counterpartyType': 'mmf', 'amtAccepted': 1479625000000}, {'counterpartyType': 'pd', 'amtAccepted': 57800000000}]"
RP 122021 1,2021-12-20,Reverse Repo,,1758041000000,"[{'counterpartyType': 'bank', 'amtAccepted': 1000000}, {'counterpartyType': 'gse', 'amtAccepted': 215850000000}, {'counterpartyType': 'mmf', 'amtAccepted': 1479790000000}, {'counterpartyType': 'pd', 'amtAccepted': 62400000000}]"
RP 121721 1,2021-12-17,Reverse Repo,,1704586000000,"[{'counterpartyType': 'bank', 'amtAccepted': 0}, {'counterpartyType': 'gse', 'amtAccepted': 217400000000}, {'counterpartyType': 'mmf', 'amtAccepted': 1460186000000}, {'counterpartyType': 'pd', 'amtAccepted': 27000000000}]"
RP 121621 1,2021-12-16,Reverse Repo,,1657626000000,"[{'counterpartyType': 'bank', 'amtAccepted': 2000000}, {'counterpartyType': 'gse', 'amtAccepted': 154300000000}, {'counterpartyType': 'mmf', 'amtAccepted': 1460024000000}, {'counterpartyType': 'pd', 'amtAccepted': 43300000000}]"
RP 121521 1,2021-12-15,Reverse Repo,,1621097000000,"[{'counterpartyType': 'bank', 'amtAccepted': 1000000}, {'counterpartyType': 'gse', 'amtAccepted': 144775000000}, {'counterpartyType': 'mmf', 'amtAccepted': 1439721000000}, {'counterpartyType': 'pd', 'amtAccepted': 36600000000}]"
RP 121421 1,2021-12-14,Reverse Repo,,1584488000000,"[{'counterpartyType': 'bank', 'amtAccepted': 0}, {'counterpartyType': 'gse', 'amtAccepted': 145152000000}, {'counterpartyType': 'mmf', 'amtAccepted': 1393336000000}, {'counterpartyType': 'pd', 'amtAccepted': 46000000000}]"
RP 121321 1,2021-12-13,Reverse Repo,,1599768000000,"[{'counterpartyType': 'bank', 'amtAccepted': 0}, {'counterpartyType': 'gse', 'amtAccepted': 155350000000}, {'counterpartyType': 'mmf', 'amtAccepted': 1387018000000}, {'counterpartyType': 'pd', 'amtAccepted': 57400000000}]"
RP 121021 1,2021-12-10,Reverse Repo,,1507147000000,"[{'counterpartyType': 'bank', 'amtAccepted': 0}, {'counterpartyType': 'gse', 'amtAccepted': 108985000000}, {'counterpartyType': 'mmf', 'amtAccepted': 1372412000000}, {'counterpartyType': 'pd', 'amtAccepted': 25750000000}]"
RP 120921 1,2021-12-09,Reverse Repo,,1500027000000,"[{'counterpartyType': 'bank', 'amtAccepted': 0}, {'counterpartyType': 'gse', 'amtAccepted': 124476000000}, {'counterpartyType': 'mmf', 'amtAccepted': 1350251000000}, {'counterpartyType': 'pd', 'amtAccepted': 25300000000}]"
RP 120821 1,2021-12-08,Reverse Repo,,1484192000000,"[{'counterpartyType': 'bank', 'amtAccepted': 0}, {'counterpartyType': 'gse', 'amtAccepted': 112000000000}, {'counterpartyType': 'mmf', 'amtAccepted': 1366192000000}, {'counterpartyType': 'pd', 'amtAccepted': 6000000000}]"
RP 120721 1,2021-12-07,Reverse Repo,,1455038000000,"[{'counterpartyType': 'bank', 'amtAccepted': 2000000}, {'counterpartyType': 'gse', 'amtAccepted': 115325000000}, {'counterpartyType': 'mmf', 'amtAccepted': 1330961000000}, {'counterpartyType': 'pd', 'amtAccepted': 8750000000}]"
RP 120621 1,2021-12-06,Reverse Repo,,1487996000000,"[{'counterpartyType': 'bank', 'amtAccepted': 0}, {'counterpartyType': 'gse', 'amtAccepted': 99201000000}, {'counterpartyType': 'mmf', 'amtAccepted': 1373195000000}, {'counterpartyType': 'pd', 'amtAccepted': 15600000000}]"
RP 120321 1,2021-12-03,Reverse Repo,,1475464000000,"[{'counterpartyType': 'bank', 'amtAccepted': 0}, {'counterpartyType': 'gse', 'amtAccepted': 98325000000}, {'counterpartyType': 'mmf', 'amtAccepted': 1368489000000}, {'counterpartyType': 'pd', 'amtAccepted': 8650000000}]"
RP 120221 1,2021-12-02,Reverse Repo,,1448585000000,"[{'counterpartyType': 'bank', 'amtAccepted': 0}, {'counterpartyType': 'gse', 'amtAccepted': 91300000000}, {'counterpartyType': 'mmf', 'amtAccepted': 1344734000000}, {'counterpartyType': 'pd', 'amtAccepted': 12551000000}]"
RP 120121 1,2021-12-01,Reverse Repo,,1427347000000,"[{'counterpartyType': 'bank', 'amtAccepted': 0}, {'counterpartyType': 'gse', 'amtAccepted': 96015000000}, {'counterpartyType': 'mmf', 'amtAccepted': 1325282000000}, {'counterpartyType': 'pd', 'amtAccepted': 6050000000}]"
RP 113021 1,2021-11-30,Reverse Repo,,1517956000000,"[{'counterpartyType': 'bank', 'amtAccepted': 0}, {'counterpartyType': 'gse', 'amtAccepted': 120925000000}, {'counterpartyType': 'mmf', 'amtAccepted': 1397031000000}, {'counterpartyType': 'pd', 'amtAccepted': 0}]"
RP 112921 1,2021-11-29,Reverse Repo,,1459339000000,"[{'counterpartyType': 'bank', 'amtAccepted': 2000000}, {'counterpartyType': 'gse', 'amtAccepted': 115900000000}, {'counterpartyType': 'mmf', 'amtAccepted': 1339137000000}, {'counterpartyType': 'pd', 'amtAccepted': 4300000000}]"
RP 112621 1,2021-11-26,Reverse Repo,,1451108000000,"[{'counterpartyType': 'bank', 'amtAccepted': 0}, {'counterpartyType': 'gse', 'amtAccepted': 104350000000}, {'counterpartyType': 'mmf', 'amtAccepted': 1339058000000}, {'counterpartyType': 'pd', 'amtAccepted': 7700000000}]"
RP 112421 1,2021-11-24,Reverse Repo,,1452897000000,"[{'counterpartyType': 'bank', 'amtAccepted': 0}, {'counterpartyType': 'gse', 'amtAccepted': 112550000000}, {'counterpartyType': 'mmf', 'amtAccepted': 1329847000000}, {'counterpartyType': 'pd', 'amtAccepted': 10500000000}]"
RP 112321 1,2021-11-23,Reverse Repo,,1571980000000,"[{'counterpartyType': 'bank', 'amtAccepted': 51000000}, {'counterpartyType': 'gse', 'amtAccepted': 235150000000}, {'counterpartyType': 'mmf', 'amtAccepted': 1331779000000}, {'counterpartyType': 'pd', 'amtAccepted': 5000000000}]"
RP 112221 1,2021-11-22,Reverse Repo,,1573769000000,"[{'counterpartyType': 'bank', 'amtAccepted': 0}, {'counterpartyType': 'gse', 'amtAccepted': 240450000000}, {'counterpartyType': 'mmf', 'amtAccepted': 1329319000000}, {'counterpartyType': 'pd', 'amtAccepted': 4000000000}]"
RP 111921 1,2021-11-19,Reverse Repo,,1575384000000,"[{'counterpartyType': 'bank', 'amtAccepted': 0}, {'counterpartyType': 'gse', 'amtAccepted': 243650000000}, {'counterpartyType': 'mmf', 'amtAccepted': 1328734000000}, {'counterpartyType': 'pd', 'amtAccepted': 3000000000}]"
RP 111821 1,2021-11-18,Reverse Repo,,1584097000000,"[{'counterpartyType': 'bank', 'amtAccepted': 0}, {'counterpartyType': 'gse', 'amtAccepted': 237450000000}, {'counterpartyType': 'mmf', 'amtAccepted': 1337147000000}, {'counterpartyType': 'pd', 'amtAccepted': 9500000000}]"
RP 111721 1,2021-11-17,Reverse Repo,,1520000000000,"[{'counterpartyType': 'bank', 'amtAccepted': 1000000}, {'counterpartyType': 'gse', 'amtAccepted': 192775000000}, {'counterpartyType': 'mmf', 'amtAccepted': 1310224000000}, {'counterpartyType': 'pd', 'amtAccepted': 17000000000}]"
RP 111621 1,2021-11-16,Reverse Repo,,1466857000000,"[{'counterpartyType': 'bank', 'amtAccepted': 2000000}, {'counterpartyType': 'gse', 'amtAccepted': 169050000000}, {'counterpartyType': 'mmf', 'amtAccepted': 1285505000000}, {'counterpartyType': 'pd', 'amtAccepted': 12300000000}]"
RP 111521 1,2021-11-15,Reverse Repo,,1391657000000,"[{'counterpartyType': 'bank', 'amtAccepted': 1000000}, {'counterpartyType': 'gse', 'amtAccepted': 151700000000}, {'counterpartyType': 'mmf', 'amtAccepted': 1231456000000}, {'counterpartyType': 'pd', 'amtAccepted': 8500000000}]"
RP 111221 1,2021-11-12,Reverse Repo,,1417643000000,"[{'counterpartyType': 'bank', 'amtAccepted': 0}, {'counterpartyType': 'gse', 'amtAccepted': 147050000000}, {'counterpartyType': 'mmf', 'amtAccepted': 1255093000000}, {'counterpartyType': 'pd', 'amtAccepted': 15500000000}]"
RP 111021 1,2021-11-10,Reverse Repo,,1448623000000,"[{'counterpartyType': 'bank', 'amtAccepted': 0}, {'counterpartyType': 'gse', 'amtAccepted': 166550000000}, {'counterpartyType': 'mmf', 'amtAccepted': 1267773000000}, {'counterpartyType': 'pd', 'amtAccepted': 14300000000}]"
RP 110921 1,2021-11-09,Reverse Repo,,1377197000000,"[{'counterpartyType': 'bank', 'amtAccepted': 0}, {'counterpartyType': 'gse', 'amtAccepted': 107700000000}, {'counterpartyType': 'mmf', 'amtAccepted': 1256497000000}, {'counterpartyType': 'pd', 'amtAccepted': 13000000000}]"
RP 110821 1,2021-11-08,Reverse Repo,,1354382000000,"[{'counterpartyType': 'bank', 'amtAccepted': 0}, {'counterpartyType': 'gse', 'amtAccepted': 119350000000}, {'counterpartyType': 'mmf', 'amtAccepted': 1229632000000}, {'counterpartyType': 'pd', 'amtAccepted': 5400000000}]"
RP 110521 1,2021-11-05,Reverse Repo,,1354059000000,"[{'counterpartyType': 'bank', 'amtAccepted': 0}, {'counterpartyType': 'gse', 'amtAccepted': 109550000000}, {'counterpartyType': 'mmf', 'amtAccepted': 1239409000000}, {'counterpartyType': 'pd', 'amtAccepted': 5100000000}]"
RP 110421 1,2021-11-04,Reverse Repo,,1348539000000,"[{'counterpartyType': 'bank', 'amtAccepted': 0}, {'counterpartyType': 'gse', 'amtAccepted': 99250000000}, {'counterpartyType': 'mmf', 'amtAccepted': 1244389000000}, {'counterpartyType': 'pd', 'amtAccepted': 4900000000}]"
RP 110321 1,2021-11-03,Reverse Repo,,1343985000000,"[{'counterpartyType': 'bank', 'amtAccepted': 10000000}, {'counterpartyType': 'gse', 'amtAccepted': 90600000000}, {'counterpartyType': 'mmf', 'amtAccepted': 1246075000000}, {'counterpartyType': 'pd', 'amtAccepted': 7300000000}]"
RP 110221 1,2021-11-02,Reverse Repo,,1329913000000,"[{'counterpartyType': 'bank', 'amtAccepted': 1000000}, {'counterpartyType': 'gse', 'amtAccepted': 87150000000}, {'counterpartyType': 'mmf', 'amtAccepted': 1232812000000}, {'counterpartyType': 'pd', 'amtAccepted': 9950000000}]"
RP 110121 1,2021-11-01,Reverse Repo,,1358606000000,"[{'counterpartyType': 'bank', 'amtAccepted': 0}, {'counterpartyType': 'gse', 'amtAccepted': 85000000000}, {'counterpartyType': 'mmf', 'amtAccepted': 1264306000000}, {'counterpartyType': 'pd', 'amtAccepted': 9300000000}]"
RP 102921 1,2021-10-29,Reverse Repo,,1502296000000,"[{'counterpartyType': 'bank', 'amtAccepted': 0}, {'counterpartyType': 'gse', 'amtAccepted': 99600000000}, {'counterpartyType': 'mmf', 'amtAccepted': 1345696000000}, {'counterpartyType': 'pd', 'amtAccepted': 57000000000}]"
RP 102821 1,2021-10-28,Reverse Repo,,1384684000000,"[{'counterpartyType': 'bank', 'amtAccepted': 0}, {'counterpartyType': 'gse', 'amtAccepted': 93100000000}, {'counterpartyType': 'mmf', 'amtAccepted': 1274084000000}, {'counterpartyType': 'pd', 'amtAccepted': 17500000000}]"
RP 102721 1,2021-10-27,Reverse Repo,,1433370000000,"[{'counterpartyType': 'bank', 'amtAccepted': 0}, {'counterpartyType': 'gse', 'amtAccepted': 98400000000}, {'counterpartyType': 'mmf', 'amtAccepted': 1308270000000}, {'counterpartyType': 'pd', 'amtAccepted': 26700000000}]"
RP 102621 1,2021-10-26,Reverse Repo,,1423198000000,"[{'counterpartyType': 'bank', 'amtAccepted': 0}, {'counterpartyType': 'gse', 'amtAccepted': 91100000000}, {'counterpartyType': 'mmf', 'amtAccepted': 1305098000000}, {'counterpartyType': 'pd', 'amtAccepted': 27000000000}]"
RP 102521 1,2021-10-25,Reverse Repo,,1413188000000,"[{'counterpartyType': 'bank', 'amtAccepted': 0}, {'counterpartyType': 'gse', 'amtAccepted': 52300000000}, {'counterpartyType': 'mmf', 'amtAccepted': 1327888000000}, {'counterpartyType': 'pd', 'amtAccepted': 33000000000}]"
RP 102221 2,2021-10-22,Reverse Repo,,1403020000000,"[{'counterpartyType': 'bank', 'amtAccepted': 0}, {'counterpartyType': 'gse', 'amtAccepted': 54450000000}, {'counterpartyType': 'mmf', 'amtAccepted': 1325870000000}, {'counterpartyType': 'pd', 'amtAccepted': 22700000000}]"
RP 102121 1,2021-10-21,Reverse Repo,,1458605000000,"[{'counterpartyType': 'bank', 'amtAccepted': 750000000}, {'counterpartyType': 'gse', 'amtAccepted': 58100000000}, {'counterpartyType': 'mmf', 'amtAccepted': 1351255000000}, {'counterpartyType': 'pd', 'amtAccepted': 48500000000}]"
RP 102021 1,2021-10-20,Reverse Repo,,1493961000000,"[{'counterpartyType': 'bank', 'amtAccepted': 0}, {'counterpartyType': 'gse', 'amtAccepted': 58150000000}, {'counterpartyType': 'mmf', 'amtAccepted': 1382211000000}, {'counterpartyType': 'pd', 'amtAccepted': 53600000000}]"
RP 101921 1,2021-10-19,Reverse Repo,,1470739000000,"[{'counterpartyType': 'bank', 'amtAccepted': 0}, {'counterpartyType': 'gse', 'amtAccepted': 61450000000}, {'counterpartyType': 'mmf', 'amtAccepted': 1364989000000}, {'counterpartyType': 'pd', 'amtAccepted': 44300000000}]"
RP 101821 1,2021-10-18,Reverse Repo,,1477114000000,"[{'counterpartyType': 'bank', 'amtAccepted': 0}, {'counterpartyType': 'gse', 'amtAccepted': 52900000000}, {'counterpartyType': 'mmf', 'amtAccepted': 1358364000000}, {'counterpartyType': 'pd', 'amtAccepted': 65850000000}]"
RP 101521 1,2021-10-15,Reverse Repo,,1462297000000,"[{'counterpartyType': 'bank', 'amtAccepted': 0}, {'counterpartyType': 'gse', 'amtAccepted': 55350000000}, {'counterpartyType': 'mmf', 'amtAccepted': 1356697000000}, {'counterpartyType': 'pd', 'amtAccepted': 50250000000}]"
RP 101421 1,2021-10-14,Reverse Repo,,1445660000000,"[{'counterpartyType': 'bank', 'amtAccepted': 1000000}, {'counterpartyType': 'gse', 'amtAccepted': 68850000000}, {'counterpartyType': 'mmf', 'amtAccepted': 1313209000000}, {'counterpartyType': 'pd', 'amtAccepted': 63600000000}]"
RP 101321 1,2021-10-13,Reverse Repo,,1364701000000,"[{'counterpartyType': 'bank', 'amtAccepted': 0}, {'counterpartyType': 'gse', 'amtAccepted': 32800000000}, {'counterpartyType': 'mmf', 'amtAccepted': 1303201000000}, {'counterpartyType': 'pd', 'amtAccepted': 28700000000}]"
RP 101221 1,2021-10-12,Reverse Repo,,1367051000000,"[{'counterpartyType': 'bank', 'amtAccepted': 1000000}, {'counterpartyType': 'gse', 'amtAccepted': 38400000000}, {'counterpartyType': 'mmf', 'amtAccepted': 1297500000000}, {'counterpartyType': 'pd', 'amtAccepted': 31150000000}]"
RP 100821 1,2021-10-08,Reverse Repo,,1371958000000,"[{'counterpartyType': 'bank', 'amtAccepted': 0}, {'counterpartyType': 'gse', 'amtAccepted': 42400000000}, {'counterpartyType': 'mmf', 'amtAccepted': 1293607000000}, {'counterpartyType': 'pd', 'amtAccepted': 35951000000}]"
RP 100721 1,2021-10-07,Reverse Repo,,1375863000000,"[{'counterpartyType': 'bank', 'amtAccepted': 0}, {'counterpartyType': 'gse', 'amtAccepted': 43900000000}, {'counterpartyType': 'mmf', 'amtAccepted': 1302763000000}, {'counterpartyType': 'pd', 'amtAccepted': 29200000000}]"
RP 100621 1,2021-10-06,Reverse Repo,,1451175000000,"[{'counterpartyType': 'bank', 'amtAccepted': 1000000}, {'counterpartyType': 'gse', 'amtAccepted': 116250000000}, {'counterpartyType': 'mmf', 'amtAccepted': 1315722000000}, {'counterpartyType': 'pd', 'amtAccepted': 19202000000}]"
RP 100521 1,2021-10-05,Reverse Repo,,1431180000000,"[{'counterpartyType': 'bank', 'amtAccepted': 2000000}, {'counterpartyType': 'gse', 'amtAccepted': 113550000000}, {'counterpartyType': 'mmf', 'amtAccepted': 1292128000000}, {'counterpartyType': 'pd', 'amtAccepted': 25500000000}]"
RP 100421 1,2021-10-04,Reverse Repo,,1399173000000,"[{'counterpartyType': 'bank', 'amtAccepted': 0}, {'counterpartyType': 'gse', 'amtAccepted': 108950000000}, {'counterpartyType': 'mmf', 'amtAccepted': 1279023000000}, {'counterpartyType': 'pd', 'amtAccepted': 11200000000}]"
RP 100121 1,2021-10-01,Reverse Repo,,1385991000000,"[{'counterpartyType': 'bank', 'amtAccepted': 1000000}, {'counterpartyType': 'gse', 'amtAccepted': 104700000000}, {'counterpartyType': 'mmf', 'amtAccepted': 1275890000000}, {'counterpartyType': 'pd', 'amtAccepted': 5400000000}]"
RP 093021 1,2021-09-30,Reverse Repo,,1604881000000,"[{'counterpartyType': 'bank', 'amtAccepted': 1000000000}, {'counterpartyType': 'gse', 'amtAccepted': 127445000000}, {'counterpartyType': 'mmf', 'amtAccepted': 1438936000000}, {'counterpartyType': 'pd', 'amtAccepted': 37500000000}]"
RP 092921 1,2021-09-29,Reverse Repo,,1415840000000,"[{'counterpartyType': 'bank', 'amtAccepted': 0}, {'counterpartyType': 'gse', 'amtAccepted': 102750000000}, {'counterpartyType': 'mmf', 'amtAccepted': 1271890000000}, {'counterpartyType': 'pd', 'amtAccepted': 41200000000}]"
RP 092821 1,2021-09-28,Reverse Repo,,1365185000000,"[{'counterpartyType': 'bank', 'amtAccepted': 0}, {'counterpartyType': 'gse', 'amtAccepted': 106350000000}, {'counterpartyType': 'mmf', 'amtAccepted': 1235685000000}, {'counterpartyType': 'pd', 'amtAccepted': 23150000000}]"
RP 092721 1,2021-09-27,Reverse Repo,,1297050000000,"[{'counterpartyType': 'bank', 'amtAccepted': 0}, {'counterpartyType': 'gse', 'amtAccepted': 92100000000}, {'counterpartyType': 'mmf', 'amtAccepted': 1184850000000}, {'counterpartyType': 'pd', 'amtAccepted': 20100000000}]"
RP 092421 1,2021-09-24,Reverse Repo,,1313657000000,"[{'counterpartyType': 'bank', 'amtAccepted': 0}, {'counterpartyType': 'gse', 'amtAccepted': 109150000000}, {'counterpartyType': 'mmf', 'amtAccepted': 1176407000000}, {'counterpartyType': 'pd', 'amtAccepted': 28100000000}]"
RP 092321 1,2021-09-23,Reverse Repo,,1352483000000,"[{'counterpartyType': 'bank', 'amtAccepted': 250000000}, {'counterpartyType': 'gse', 'amtAccepted': 169300000000}, {'counterpartyType': 'mmf', 'amtAccepted': 1143333000000}, {'counterpartyType': 'pd', 'amtAccepted': 39600000000}]"
RP 092221 1,2021-09-22,Reverse Repo,,1283281000000,"[{'counterpartyType': 'bank', 'amtAccepted': 0}, {'counterpartyType': 'gse', 'amtAccepted': 138050000000}, {'counterpartyType': 'mmf', 'amtAccepted': 1105830000000}, {'counterpartyType': 'pd', 'amtAccepted': 39401000000}]"
RP 092121 1,2021-09-21,Reverse Repo,,1240494000000,"[{'counterpartyType': 'bank', 'amtAccepted': 1000000}, {'counterpartyType': 'gse', 'amtAccepted': 141350000000}, {'counterpartyType': 'mmf', 'amtAccepted': 1067343000000}, {'counterpartyType': 'pd', 'amtAccepted': 31800000000}]"
RP 092021 1,2021-09-20,Reverse Repo,,1224289000000,"[{'counterpartyType': 'bank', 'amtAccepted': 0}, {'counterpartyType': 'gse', 'amtAccepted': 141650000000}, {'counterpartyType': 'mmf', 'amtAccepted': 1054939000000}, {'counterpartyType': 'pd', 'amtAccepted': 27700000000}]"
RP 091721 1,2021-09-17,Reverse Repo,,1218303000000,"[{'counterpartyType': 'bank', 'amtAccepted': 0}, {'counterpartyType': 'gse', 'amtAccepted': 143800000000}, {'counterpartyType': 'mmf', 'amtAccepted': 1042103000000}, {'counterpartyType': 'pd', 'amtAccepted': 32400000000}]"
RP 091621 1,2021-09-16,Reverse Repo,,1147494000000,"[{'counterpartyType': 'bank', 'amtAccepted': 1000000}, {'counterpartyType': 'gse', 'amtAccepted': 126500000000}, {'counterpartyType': 'mmf', 'amtAccepted': 1011993000000}, {'counterpartyType': 'pd', 'amtAccepted': 9000000000}]"
RP 091521 1,2021-09-15,Reverse Repo,,1081342000000,"[{'counterpartyType': 'bank', 'amtAccepted': 0}, {'counterpartyType': 'gse', 'amtAccepted': 101150000000}, {'counterpartyType': 'mmf', 'amtAccepted': 980192000000}, {'counterpartyType': 'pd', 'amtAccepted': 0}]"
RP 091421 1,2021-09-14,Reverse Repo,,1169280000000,"[{'counterpartyType': 'bank', 'amtAccepted': 0}, {'counterpartyType': 'gse', 'amtAccepted': 140650000000}, {'counterpartyType': 'mmf', 'amtAccepted': 1012780000000}, {'counterpartyType': 'pd', 'amtAccepted': 15850000000}]"
RP 091321 1,2021-09-13,Reverse Repo,,1087108000000,"[{'counterpartyType': 'bank', 'amtAccepted': 0}, {'counterpartyType': 'gse', 'amtAccepted': 87600000000}, {'counterpartyType': 'mmf', 'amtAccepted': 983108000000}, {'counterpartyType': 'pd', 'amtAccepted': 16400000000}]"
RP 091021 1,2021-09-10,Reverse Repo,,1099323000000,"[{'counterpartyType': 'bank', 'amtAccepted': 0}, {'counterpartyType': 'gse', 'amtAccepted': 98050000000}, {'counterpartyType': 'mmf', 'amtAccepted': 999123000000}, {'counterpartyType': 'pd', 'amtAccepted': 2150000000}]"
RP 090921 1,2021-09-09,Reverse Repo,,1107659000000,"[{'counterpartyType': 'bank', 'amtAccepted': 1000000}, {'counterpartyType': 'gse', 'amtAccepted': 101000000000}, {'counterpartyType': 'mmf', 'amtAccepted': 1001258000000}, {'counterpartyType': 'pd', 'amtAccepted': 5400000000}]"
RP 090821 1,2021-09-08,Reverse Repo,,1115229000000,"[{'counterpartyType': 'bank', 'amtAccepted': 0}, {'counterpartyType': 'gse', 'amtAccepted': 108450000000}, {'counterpartyType': 'mmf', 'amtAccepted': 1002229000000}, {'counterpartyType': 'pd', 'amtAccepted': 4550000000}]"
RP 090721 1,2021-09-07,Reverse Repo,,1079945000000,"[{'counterpartyType': 'bank', 'amtAccepted': 17000000}, {'counterpartyType': 'gse', 'amtAccepted': 99650000000}, {'counterpartyType': 'mmf', 'amtAccepted': 975828000000}, {'counterpartyType': 'pd', 'amtAccepted': 4450000000}]"
RP 090321 1,2021-09-03,Reverse Repo,,1074707000000,"[{'counterpartyType': 'bank', 'amtAccepted': 0}, {'counterpartyType': 'gse', 'amtAccepted': 93700000000}, {'counterpartyType': 'mmf', 'amtAccepted': 966107000000}, {'counterpartyType': 'pd', 'amtAccepted': 14900000000}]"
RP 090221 1,2021-09-02,Reverse Repo,,1066987000000,"[{'counterpartyType': 'bank', 'amtAccepted': 0}, {'counterpartyType': 'gse', 'amtAccepted': 105900000000}, {'counterpartyType': 'mmf', 'amtAccepted': 957287000000}, {'counterpartyType': 'pd', 'amtAccepted': 3800000000}]"
RP 090121 1,2021-09-01,Reverse Repo,,1084115000000,"[{'counterpartyType': 'bank', 'amtAccepted': 0}, {'counterpartyType': 'gse', 'amtAccepted': 109850000000}, {'counterpartyType': 'mmf', 'amtAccepted': 969915000000}, {'counterpartyType': 'pd', 'amtAccepted': 4350000000}]"
RP 083121 1,2021-08-31,Reverse Repo,,1189616000000,"[{'counterpartyType': 'bank', 'amtAccepted': 0}, {'counterpartyType': 'gse', 'amtAccepted': 135700000000}, {'counterpartyType': 'mmf', 'amtAccepted': 1049616000000}, {'counterpartyType': 'pd', 'amtAccepted': 4300000000}]"
RP 083021 1,2021-08-30,Reverse Repo,,1140711000000,"[{'counterpartyType': 'bank', 'amtAccepted': 0}, {'counterpartyType': 'gse', 'amtAccepted': 123800000000}, {'counterpartyType': 'mmf', 'amtAccepted': 997211000000}, {'counterpartyType': 'pd', 'amtAccepted': 19700000000}]"
RP 082721 1,2021-08-27,Reverse Repo,,1120015000000,"[{'counterpartyType': 'bank', 'amtAccepted': 1000000}, {'counterpartyType': 'gse', 'amtAccepted': 112600000000}, {'counterpartyType': 'mmf', 'amtAccepted': 991664000000}, {'counterpartyType': 'pd', 'amtAccepted': 15750000000}]"
RP 082621 1,2021-08-26,Reverse Repo,,1091792000000,"[{'counterpartyType': 'bank', 'amtAccepted': 1000000}, {'counterpartyType': 'gse', 'amtAccepted': 61500000000}, {'counterpartyType': 'mmf', 'amtAccepted': 1024191000000}, {'counterpartyType': 'pd', 'amtAccepted': 6100000000}]"
RP 082521 1,2021-08-25,Reverse Repo,,1147089000000,"[{'counterpartyType': 'bank', 'amtAccepted': 2000000}, {'counterpartyType': 'gse', 'amtAccepted': 126325000000}, {'counterpartyType': 'mmf', 'amtAccepted': 1015261000000}, {'counterpartyType': 'pd', 'amtAccepted': 5501000000}]"
RP 082421 1,2021-08-24,Reverse Repo,,1129737000000,"[{'counterpartyType': 'bank', 'amtAccepted': 0}, {'counterpartyType': 'gse', 'amtAccepted': 126850000000}, {'counterpartyType': 'mmf', 'amtAccepted': 991387000000}, {'counterpartyType': 'pd', 'amtAccepted': 11500000000}]"
RP 082321 1,2021-08-23,Reverse Repo,,1135697000000,"[{'counterpartyType': 'bank', 'amtAccepted': 0}, {'counterpartyType': 'gse', 'amtAccepted': 133050000000}, {'counterpartyType': 'mmf', 'amtAccepted': 980047000000}, {'counterpartyType': 'pd', 'amtAccepted': 22600000000}]"
RP 082021 1,2021-08-20,Reverse Repo,,1111905000000,"[{'counterpartyType': 'bank', 'amtAccepted': 0}, {'counterpartyType': 'gse', 'amtAccepted': 137350000000}, {'counterpartyType': 'mmf', 'amtAccepted': 952780000000}, {'counterpartyType': 'pd', 'amtAccepted': 21775000000}]"
RP 081921 1,2021-08-19,Reverse Repo,,1109938000000,"[{'counterpartyType': 'bank', 'amtAccepted': 0}, {'counterpartyType': 'gse', 'amtAccepted': 140300000000}, {'counterpartyType': 'mmf', 'amtAccepted': 950288000000}, {'counterpartyType': 'pd', 'amtAccepted': 19350000000}]"
RP 081821 1,2021-08-18,Reverse Repo,,1115656000000,"[{'counterpartyType': 'bank', 'amtAccepted': 150000000}, {'counterpartyType': 'gse', 'amtAccepted': 141750000000}, {'counterpartyType': 'mmf', 'amtAccepted': 953456000000}, {'counterpartyType': 'pd', 'amtAccepted': 20300000000}]"
RP 081721 1,2021-08-17,Reverse Repo,,1053454000000,"[{'counterpartyType': 'bank', 'amtAccepted': 0}, {'counterpartyType': 'gse', 'amtAccepted': 134800000000}, {'counterpartyType': 'mmf', 'amtAccepted': 918654000000}, {'counterpartyType': 'pd', 'amtAccepted': 0}]"
RP 081621 1,2021-08-16,Reverse Repo,,1036418000000,"[{'counterpartyType': 'bank', 'amtAccepted': 0}, {'counterpartyType': 'gse', 'amtAccepted': 127100000000}, {'counterpartyType': 'mmf', 'amtAccepted': 909318000000}, {'counterpartyType': 'pd', 'amtAccepted': 0}]"
RP 081321 1,2021-08-13,Reverse Repo,,1050941000000,"[{'counterpartyType': 'bank', 'amtAccepted': 0}, {'counterpartyType': 'gse', 'amtAccepted': 134800000000}, {'counterpartyType': 'mmf', 'amtAccepted': 916141000000}, {'counterpartyType': 'pd', 'amtAccepted': 0}]"
RP 081221 1,2021-08-12,Reverse Repo,,1087342000000,"[{'counterpartyType': 'bank', 'amtAccepted': 0}, {'counterpartyType': 'gse', 'amtAccepted': 150400000000}, {'counterpartyType': 'mmf', 'amtAccepted': 929042000000}, {'counterpartyType': 'pd', 'amtAccepted': 7900000000}]"
RP 081121 1,2021-08-11,Reverse Repo,,1000460000000,"[{'counterpartyType': 'bank', 'amtAccepted': 0}, {'counterpartyType': 'gse', 'amtAccepted': 89950000000}, {'counterpartyType': 'mmf', 'amtAccepted': 904760000000}, {'counterpartyType': 'pd', 'amtAccepted': 5750000000}]"
RP 081021 1,2021-08-10,Reverse Repo,,998654000000,"[{'counterpartyType': 'bank', 'amtAccepted': 0}, {'counterpartyType': 'gse', 'amtAccepted': 95150000000}, {'counterpartyType': 'mmf', 'amtAccepted': 895804000000}, {'counterpartyType': 'pd', 'amtAccepted': 7700000000}]"
RP 080921 1,2021-08-09,Reverse Repo,,981765000000,"[{'counterpartyType': 'bank', 'amtAccepted': 0}, {'counterpartyType': 'gse', 'amtAccepted': 96500000000}, {'counterpartyType': 'mmf', 'amtAccepted': 881565000000}, {'counterpartyType': 'pd', 'amtAccepted': 3700000000}]"
RP 080621 1,2021-08-06,Reverse Repo,,952134000000,"[{'counterpartyType': 'bank', 'amtAccepted': 0}, {'counterpartyType': 'gse', 'amtAccepted': 97300000000}, {'counterpartyType': 'mmf', 'amtAccepted': 854834000000}, {'counterpartyType': 'pd', 'amtAccepted': 0}]"
RP 080521 1,2021-08-05,Reverse Repo,,944335000000,"[{'counterpartyType': 'bank', 'amtAccepted': 0}, {'counterpartyType': 'gse', 'amtAccepted': 92650000000}, {'counterpartyType': 'mmf', 'amtAccepted': 851675000000}, {'counterpartyType': 'pd', 'amtAccepted': 10000000}]"
RP 080421 1,2021-08-04,Reverse Repo,,931755000000,"[{'counterpartyType': 'bank', 'amtAccepted': 0}, {'counterpartyType': 'gse', 'amtAccepted': 98150000000}, {'counterpartyType': 'mmf', 'amtAccepted': 833605000000}, {'counterpartyType': 'pd', 'amtAccepted': 0}]"
RP 080321 1,2021-08-03,Reverse Repo,,909442000000,"[{'counterpartyType': 'bank', 'amtAccepted': 3000000}, {'counterpartyType': 'gse', 'amtAccepted': 93400000000}, {'counterpartyType': 'mmf', 'amtAccepted': 816039000000}, {'counterpartyType': 'pd', 'amtAccepted': 0}]"
RP 080221 1,2021-08-02,Reverse Repo,,921317000000,"[{'counterpartyType': 'bank', 'amtAccepted': 1000000}, {'counterpartyType': 'gse', 'amtAccepted': 100150000000}, {'counterpartyType': 'mmf', 'amtAccepted': 821166000000}, {'counterpartyType': 'pd', 'amtAccepted': 0}]"
RP 073021 1,2021-07-30,Reverse Repo,,1039394000000,"[{'counterpartyType': 'bank', 'amtAccepted': 0}, {'counterpartyType': 'gse', 'amtAccepted': 137850000000}, {'counterpartyType': 'mmf', 'amtAccepted': 885644000000}, {'counterpartyType': 'pd', 'amtAccepted': 15900000000}]"
RP 072921 1,2021-07-29,Reverse Repo,,987283000000,"[{'counterpartyType': 'bank', 'amtAccepted': 0}, {'counterpartyType': 'gse', 'amtAccepted': 131550000000}, {'counterpartyType': 'mmf', 'amtAccepted': 840733000000}, {'counterpartyType': 'pd', 'amtAccepted': 15000000000}]"
RP 072821 1,2021-07-28,Reverse Repo,,965189000000,"[{'counterpartyType': 'bank', 'amtAccepted': 0}, {'counterpartyType': 'gse', 'amtAccepted': 125500000000}, {'counterpartyType': 'mmf', 'amtAccepted': 825689000000}, {'counterpartyType': 'pd', 'amtAccepted': 14000000000}]"
RP 072721 1,2021-07-27,Reverse Repo,,927419000000,"[{'counterpartyType': 'bank', 'amtAccepted': 0}, {'counterpartyType': 'gse', 'amtAccepted': 123700000000}, {'counterpartyType': 'mmf', 'amtAccepted': 800119000000}, {'counterpartyType': 'pd', 'amtAccepted': 3600000000}]"
RP 072621 1,2021-07-26,Reverse Repo,,891203000000,"[{'counterpartyType': 'bank', 'amtAccepted': 1000000}, {'counterpartyType': 'gse', 'amtAccepted': 123550000000}, {'counterpartyType': 'mmf', 'amtAccepted': 767652000000}, {'counterpartyType': 'pd', 'amtAccepted': 0}]"
RP 072321 1,2021-07-23,Reverse Repo,,877251000000,"[{'counterpartyType': 'bank', 'amtAccepted': 0}, {'counterpartyType': 'gse', 'amtAccepted': 116000000000}, {'counterpartyType': 'mmf', 'amtAccepted': 750251000000}, {'counterpartyType': 'pd', 'amtAccepted': 11000000000}]"
RP 072221 1,2021-07-22,Reverse Repo,,898197000000,"[{'counterpartyType': 'bank', 'amtAccepted': 0}, {'counterpartyType': 'gse', 'amtAccepted': 132550000000}, {'counterpartyType': 'mmf', 'amtAccepted': 753647000000}, {'counterpartyType': 'pd', 'amtAccepted': 12000000000}]"
RP 072121 1,2021-07-21,Reverse Repo,,886206000000,"[{'counterpartyType': 'bank', 'amtAccepted': 0}, {'counterpartyType': 'gse', 'amtAccepted': 138000000000}, {'counterpartyType': 'mmf', 'amtAccepted': 739206000000}, {'counterpartyType': 'pd', 'amtAccepted': 9000000000}]"
RP 072021 1,2021-07-20,Reverse Repo,,848102000000,"[{'counterpartyType': 'bank', 'amtAccepted': 0}, {'counterpartyType': 'gse', 'amtAccepted': 137300000000}, {'counterpartyType': 'mmf', 'amtAccepted': 697902000000}, {'counterpartyType': 'pd', 'amtAccepted': 12900000000}]"
RP 071921 1,2021-07-19,Reverse Repo,,860468000000,"[{'counterpartyType': 'bank', 'amtAccepted': 0}, {'counterpartyType': 'gse', 'amtAccepted': 140900000000}, {'counterpartyType': 'mmf', 'amtAccepted': 706068000000}, {'counterpartyType': 'pd', 'amtAccepted': 13500000000}]"
RP 071621 1,2021-07-16,Reverse Repo,,817566000000,"[{'counterpartyType': 'bank', 'amtAccepted': 0}, {'counterpartyType': 'gse', 'amtAccepted': 127650000000}, {'counterpartyType': 'mmf', 'amtAccepted': 683416000000}, {'counterpartyType': 'pd', 'amtAccepted': 6500000000}]"
RP 071521 1,2021-07-15,Reverse Repo,,776261000000,"[{'counterpartyType': 'bank', 'amtAccepted': 0}, {'counterpartyType': 'gse', 'amtAccepted': 126350000000}, {'counterpartyType': 'mmf', 'amtAccepted': 649911000000}, {'counterpartyType': 'pd', 'amtAccepted': 0}]"
RP 071421 1,2021-07-14,Reverse Repo,,859975000000,"[{'counterpartyType': 'bank', 'amtAccepted': 0}, {'counterpartyType': 'gse', 'amtAccepted': 137051000000}, {'counterpartyType': 'mmf', 'amtAccepted': 709574000000}, {'counterpartyType': 'pd', 'amtAccepted': 13350000000}]"
RP 071321 1,2021-07-13,Reverse Repo,,798267000000,"[{'counterpartyType': 'bank', 'amtAccepted': 1000000}, {'counterpartyType': 'gse', 'amtAccepted': 74551000000}, {'counterpartyType': 'mmf', 'amtAccepted': 713715000000}, {'counterpartyType': 'pd', 'amtAccepted': 10000000000}]"
RP 071221 1,2021-07-12,Reverse Repo,,776472000000,"[{'counterpartyType': 'bank', 'amtAccepted': 0}, {'counterpartyType': 'gse', 'amtAccepted': 83300000000}, {'counterpartyType': 'mmf', 'amtAccepted': 679172000000}, {'counterpartyType': 'pd', 'amtAccepted': 14000000000}]"
RP 070921 1,2021-07-09,Reverse Repo,,780596000000,"[{'counterpartyType': 'bank', 'amtAccepted': 0}, {'counterpartyType': 'gse', 'amtAccepted': 83400000000}, {'counterpartyType': 'mmf', 'amtAccepted': 681696000000}, {'counterpartyType': 'pd', 'amtAccepted': 15500000000}]"
RP 070821 1,2021-07-08,Reverse Repo,,793399000000,"[{'counterpartyType': 'bank', 'amtAccepted': 1000000}, {'counterpartyType': 'gse', 'amtAccepted': 91450000000}, {'counterpartyType': 'mmf', 'amtAccepted': 693348000000}, {'counterpartyType': 'pd', 'amtAccepted': 8600000000}]"
RP 070721 1,2021-07-07,Reverse Repo,,785720000000,"[{'counterpartyType': 'bank', 'amtAccepted': 0}, {'counterpartyType': 'gse', 'amtAccepted': 85050000000}, {'counterpartyType': 'mmf', 'amtAccepted': 692670000000}, {'counterpartyType': 'pd', 'amtAccepted': 8000000000}]"
RP 070621 1,2021-07-06,Reverse Repo,,772581000000,"[{'counterpartyType': 'bank', 'amtAccepted': 0}, {'counterpartyType': 'gse', 'amtAccepted': 85500000000}, {'counterpartyType': 'mmf', 'amtAccepted': 678081000000}, {'counterpartyType': 'pd', 'amtAccepted': 9000000000}]"
RP 070221 1,2021-07-02,Reverse Repo,,731504000000,"[{'counterpartyType': 'bank', 'amtAccepted': 0}, {'counterpartyType': 'gse', 'amtAccepted': 83650000000}, {'counterpartyType': 'mmf', 'amtAccepted': 634354000000}, {'counterpartyType': 'pd', 'amtAccepted': 13500000000}]"
RP 070121 1,2021-07-01,Reverse Repo,,742647000000,"[{'counterpartyType': 'bank', 'amtAccepted': 0}, {'counterpartyType': 'gse', 'amtAccepted': 84800000000}, {'counterpartyType': 'mmf', 'amtAccepted': 646847000000}, {'counterpartyType': 'pd', 'amtAccepted': 11000000000}]"
RP 063021 1,2021-06-30,Reverse Repo,,991939000000,"[{'counterpartyType': 'bank', 'amtAccepted': 0}, {'counterpartyType': 'gse', 'amtAccepted': 122850000000}, {'counterpartyType': 'mmf', 'amtAccepted': 855089000000}, {'counterpartyType': 'pd', 'amtAccepted': 14000000000}]"
RP 062921 1,2021-06-29,Reverse Repo,,841246000000,"[{'counterpartyType': 'bank', 'amtAccepted': 0}, {'counterpartyType': 'gse', 'amtAccepted': 98350000000}, {'counterpartyType': 'mmf', 'amtAccepted': 713396000000}, {'counterpartyType': 'pd', 'amtAccepted': 29500000000}]"
RP 062821 1,2021-06-28,Reverse Repo,,803019000000,"[{'counterpartyType': 'bank', 'amtAccepted': 1000000}, {'counterpartyType': 'gse', 'amtAccepted': 100651000000}, {'counterpartyType': 'mmf', 'amtAccepted': 676167000000}, {'counterpartyType': 'pd', 'amtAccepted': 26200000000}]"
RP 062521 1,2021-06-25,Reverse Repo,,770830000000,"[{'counterpartyType': 'bank', 'amtAccepted': 2000000}, {'counterpartyType': 'gse', 'amtAccepted': 100000000000}, {'counterpartyType': 'mmf', 'amtAccepted': 655528000000}, {'counterpartyType': 'pd', 'amtAccepted': 15300000000}]"
RP 062421 1,2021-06-24,Reverse Repo,,813048000000,"[{'counterpartyType': 'bank', 'amtAccepted': 0}, {'counterpartyType': 'gse', 'amtAccepted': 108551000000}, {'counterpartyType': 'mmf', 'amtAccepted': 688897000000}, {'counterpartyType': 'pd', 'amtAccepted': 15600000000}]"
RP 062321 99,2021-06-23,Reverse Repo,This is a small value exercise for operational readiness testing.,77000000,"[{'counterpartyType': 'bank', 'amtAccepted': 6000000}, {'counterpartyType': 'gse', 'amtAccepted': 10000000}, {'counterpartyType': 'mmf', 'amtAccepted': 39000000}, {'counterpartyType': 'pd', 'amtAccepted': 22000000}]"
RP 062321 1,2021-06-23,Reverse Repo,,813573000000,"[{'counterpartyType': 'bank', 'amtAccepted': 1000000000}, {'counterpartyType': 'gse', 'amtAccepted': 110898000000}, {'counterpartyType': 'mmf', 'amtAccepted': 664875000000}, {'counterpartyType': 'pd', 'amtAccepted': 36800000000}]"
RP 062221 1,2021-06-22,Reverse Repo,,791605000000,"[{'counterpartyType': 'bank', 'amtAccepted': 0}, {'counterpartyType': 'gse', 'amtAccepted': 112055000000}, {'counterpartyType': 'mmf', 'amtAccepted': 640800000000}, {'counterpartyType': 'pd', 'amtAccepted': 38750000000}]"
RP 062121 1,2021-06-21,Reverse Repo,,765141000000,"[{'counterpartyType': 'bank', 'amtAccepted': 0}, {'counterpartyType': 'gse', 'amtAccepted': 115501000000}, {'counterpartyType': 'mmf', 'amtAccepted': 610140000000}, {'counterpartyType': 'pd', 'amtAccepted': 39500000000}]"
RP 061821 1,2021-06-18,Reverse Repo,,747121000000,"[{'counterpartyType': 'bank', 'amtAccepted': 1000000}, {'counterpartyType': 'gse', 'amtAccepted': 111800000000}, {'counterpartyType': 'mmf', 'amtAccepted': 612120000000}, {'counterpartyType': 'pd', 'amtAccepted': 23200000000}]"
RP 061721 1,2021-06-17,Reverse Repo,,755800000000,"[{'counterpartyType': 'bank', 'amtAccepted': 0}, {'counterpartyType': 'gse', 'amtAccepted': 105801000000}, {'counterpartyType': 'mmf', 'amtAccepted': 627874000000}, {'counterpartyType': 'pd', 'amtAccepted': 22125000000}]"
RP 061621 1,2021-06-16,Reverse Repo,,520942000000,"[{'counterpartyType': 'bank', 'amtAccepted': 0}, {'counterpartyType': 'gse', 'amtAccepted': 0}, {'counterpartyType': 'mmf', 'amtAccepted': 507437000000}, {'counterpartyType': 'pd', 'amtAccepted': 13505000000}]"
RP 061521 1,2021-06-15,Reverse Repo,,509559000000,"[{'counterpartyType': 'bank', 'amtAccepted': 0}, {'counterpartyType': 'gse', 'amtAccepted': 51000000}, {'counterpartyType': 'mmf', 'amtAccepted': 498008000000}, {'counterpartyType': 'pd', 'amtAccepted': 11500000000}]"
RP 061421 1,2021-06-14,Reverse Repo,,583892000000,"[{'counterpartyType': 'bank', 'amtAccepted': 0}, {'counterpartyType': 'gse', 'amtAccepted': 1000000}, {'counterpartyType': 'mmf', 'amtAccepted': 538141000000}, {'counterpartyType': 'pd', 'amtAccepted': 45750000000}]"
RP 061121 1,2021-06-11,Reverse Repo,,547808000000,"[{'counterpartyType': 'bank', 'amtAccepted': 0}, {'counterpartyType': 'gse', 'amtAccepted': 0}, {'counterpartyType': 'mmf', 'amtAccepted': 525807000000}, {'counterpartyType': 'pd', 'amtAccepted': 22001000000}]"
RP 061021 1,2021-06-10,Reverse Repo,,534943000000,"[{'counterpartyType': 'bank', 'amtAccepted': 2000000}, {'counterpartyType': 'gse', 'amtAccepted': 0}, {'counterpartyType': 'mmf', 'amtAccepted': 523941000000}, {'counterpartyType': 'pd', 'amtAccepted': 11000000000}]"
RP 060921 1,2021-06-09,Reverse Repo,,502904000000,"[{'counterpartyType': 'bank', 'amtAccepted': 1000000}, {'counterpartyType': 'gse', 'amtAccepted': 150000000}, {'counterpartyType': 'mmf', 'amtAccepted': 493753000000}, {'counterpartyType': 'pd', 'amtAccepted': 9000000000}]"
RP 060821 1,2021-06-08,Reverse Repo,,497428000000,"[{'counterpartyType': 'bank', 'amtAccepted': 12000000}, {'counterpartyType': 'gse', 'amtAccepted': 0}, {'counterpartyType': 'mmf', 'amtAccepted': 489365000000}, {'counterpartyType': 'pd', 'amtAccepted': 8051000000}]"
RP 060721 1,2021-06-07,Reverse Repo,,486097000000,"[{'counterpartyType': 'bank', 'amtAccepted': 10000000}, {'counterpartyType': 'gse', 'amtAccepted': 11000000}, {'counterpartyType': 'mmf', 'amtAccepted': 478076000000}, {'counterpartyType': 'pd', 'amtAccepted': 8000000000}]"
RP 060421 1,2021-06-04,Reverse Repo,,483349000000,"[{'counterpartyType': 'bank', 'amtAccepted': 0}, {'counterpartyType': 'gse', 'amtAccepted': 10000000}, {'counterpartyType': 'mmf', 'amtAccepted': 472839000000}, {'counterpartyType': 'pd', 'amtAccepted': 10500000000}]"
RP 060321 1,2021-06-03,Reverse Repo,,479102000000,"[{'counterpartyType': 'bank', 'amtAccepted': 0}, {'counterpartyType': 'gse', 'amtAccepted': 0}, {'counterpartyType': 'mmf', 'amtAccepted': 471102000000}, {'counterpartyType': 'pd', 'amtAccepted': 8000000000}]"
RP 060221 1,2021-06-02,Reverse Repo,,438778000000,"[{'counterpartyType': 'bank', 'amtAccepted': 1000000}, {'counterpartyType': 'gse', 'amtAccepted': 1000000000}, {'counterpartyType': 'mmf', 'amtAccepted': 429527000000}, {'counterpartyType': 'pd', 'amtAccepted': 8250000000}]"
RP 060121 1,2021-06-01,Reverse Repo,,447985000000,"[{'counterpartyType': 'bank', 'amtAccepted': 1000000}, {'counterpartyType': 'gse', 'amtAccepted': 0}, {'counterpartyType': 'mmf', 'amtAccepted': 439484000000}, {'counterpartyType': 'pd', 'amtAccepted': 8500000000}]"
RP 052821 1,2021-05-28,Reverse Repo,,479498000000,"[{'counterpartyType': 'bank', 'amtAccepted': 0}, {'counterpartyType': 'gse', 'amtAccepted': 0}, {'counterpartyType': 'mmf', 'amtAccepted': 458648000000}, {'counterpartyType': 'pd', 'amtAccepted': 20850000000}]"
RP 052721 1,2021-05-27,Reverse Repo,,485329000000,"[{'counterpartyType': 'bank', 'amtAccepted': 0}, {'counterpartyType': 'gse', 'amtAccepted': 0}, {'counterpartyType': 'mmf', 'amtAccepted': 472079000000}, {'counterpartyType': 'pd', 'amtAccepted': 13250000000}]"
RP 052621 1,2021-05-26,Reverse Repo,,450283000000,"[{'counterpartyType': 'bank', 'amtAccepted': 0}, {'counterpartyType': 'gse', 'amtAccepted': 0}, {'counterpartyType': 'mmf', 'amtAccepted': 440933000000}, {'counterpartyType': 'pd', 'amtAccepted': 9350000000}]"
RP 052521 1,2021-05-25,Reverse Repo,,432955000000,"[{'counterpartyType': 'bank', 'amtAccepted': 0}, {'counterpartyType': 'gse', 'amtAccepted': 1000000}, {'counterpartyType': 'mmf', 'amtAccepted': 424104000000}, {'counterpartyType': 'pd', 'amtAccepted': 8850000000}]"
RP 052421 1,2021-05-24,Reverse Repo,,394941000000,"[{'counterpartyType': 'bank', 'amtAccepted': 0}, {'counterpartyType': 'gse', 'amtAccepted': 0}, {'counterpartyType': 'mmf', 'amtAccepted': 373091000000}, {'counterpartyType': 'pd', 'amtAccepted': 21850000000}]"
RP 052121 1,2021-05-21,Reverse Repo,,369046000000,"[{'counterpartyType': 'bank', 'amtAccepted': 2000000}, {'counterpartyType': 'gse', 'amtAccepted': 0}, {'counterpartyType': 'mmf', 'amtAccepted': 347944000000}, {'counterpartyType': 'pd', 'amtAccepted': 21100000000}]"
RP 052021 1,2021-05-20,Reverse Repo,,351121000000,"[{'counterpartyType': 'bank', 'amtAccepted': 0}, {'counterpartyType': 'gse', 'amtAccepted': 0}, {'counterpartyType': 'mmf', 'amtAccepted': 325621000000}, {'counterpartyType': 'pd', 'amtAccepted': 25500000000}]"
RP 051921 1,2021-05-19,Reverse Repo,,293998000000,"[{'counterpartyType': 'bank', 'amtAccepted': 1000000}, {'counterpartyType': 'gse', 'amtAccepted': 0}, {'counterpartyType': 'mmf', 'amtAccepted': 277997000000}, {'counterpartyType': 'pd', 'amtAccepted': 16000000000}]"
RP 051821 1,2021-05-18,Reverse Repo,,243470000000,"[{'counterpartyType': 'bank', 'amtAccepted': 1000000}, {'counterpartyType': 'gse', 'amtAccepted': 0}, {'counterpartyType': 'mmf', 'amtAccepted': 234569000000}, {'counterpartyType': 'pd', 'amtAccepted': 8900000000}]"
RP 051721 1,2021-05-17,Reverse Repo,,208960000000,"[{'counterpartyType': 'bank', 'amtAccepted': 1000000}, {'counterpartyType': 'gse', 'amtAccepted': 0}, {'counterpartyType': 'mmf', 'amtAccepted': 199059000000}, {'counterpartyType': 'pd', 'amtAccepted': 9900000000}]"
RP 051421 1,2021-05-14,Reverse Repo,,241185000000,"[{'counterpartyType': 'bank', 'amtAccepted': 0}, {'counterpartyType': 'gse', 'amtAccepted': 0}, {'counterpartyType': 'mmf', 'amtAccepted': 227285000000}, {'counterpartyType': 'pd', 'amtAccepted': 13900000000}]"
RP 051321 1,2021-05-13,Reverse Repo,,235217000000,"[{'counterpartyType': 'bank', 'amtAccepted': 0}, {'counterpartyType': 'gse', 'amtAccepted': 0}, {'counterpartyType': 'mmf', 'amtAccepted': 219817000000}, {'counterpartyType': 'pd', 'amtAccepted': 15400000000}]"
RP 051221 1,2021-05-12,Reverse Repo,,209257000000,"[{'counterpartyType': 'bank', 'amtAccepted': 500000000}, {'counterpartyType': 'gse', 'amtAccepted': 0}, {'counterpartyType': 'mmf', 'amtAccepted': 198757000000}, {'counterpartyType': 'pd', 'amtAccepted': 10000000000}]"
RP 051121 1,2021-05-11,Reverse Repo,,181753000000,"[{'counterpartyType': 'bank', 'amtAccepted': 0}, {'counterpartyType': 'gse', 'amtAccepted': 0}, {'counterpartyType': 'mmf', 'amtAccepted': 176753000000}, {'counterpartyType': 'pd', 'amtAccepted': 5000000000}]"
RP 051021 1,2021-05-10,Reverse Repo,,175548000000,"[{'counterpartyType': 'bank', 'amtAccepted': 0}, {'counterpartyType': 'gse', 'amtAccepted': 0}, {'counterpartyType': 'mmf', 'amtAccepted': 170548000000}, {'counterpartyType': 'pd', 'amtAccepted': 5000000000}]"
RP 050721 1,2021-05-07,Reverse Repo,,161856000000,"[{'counterpartyType': 'bank', 'amtAccepted': 0}, {'counterpartyType': 'gse', 'amtAccepted': 0}, {'counterpartyType': 'mmf', 'amtAccepted': 154856000000}, {'counterpartyType': 'pd', 'amtAccepted': 7000000000}]"
RP 050621 1,2021-05-06,Reverse Repo,,154921000000,"[{'counterpartyType': 'bank', 'amtAccepted': 0}, {'counterpartyType': 'gse', 'amtAccepted': 0}, {'counterpartyType': 'mmf', 'amtAccepted': 150921000000}, {'counterpartyType': 'pd', 'amtAccepted': 4000000000}]"
RP 050521 1,2021-05-05,Reverse Repo,,162800000000,"[{'counterpartyType': 'bank', 'amtAccepted': 0}, {'counterpartyType': 'gse', 'amtAccepted': 1000000000}, {'counterpartyType': 'mmf', 'amtAccepted': 157800000000}, {'counterpartyType': 'pd', 'amtAccepted': 4000000000}]"
RP 050421 1,2021-05-04,Reverse Repo,,147806000000,"[{'counterpartyType': 'bank', 'amtAccepted': 1000000}, {'counterpartyType': 'gse', 'amtAccepted': 1000000}, {'counterpartyType': 'mmf', 'amtAccepted': 141804000000}, {'counterpartyType': 'pd', 'amtAccepted': 6000000000}]"
RP 050321 1,2021-05-03,Reverse Repo,,129724000000,"[{'counterpartyType': 'bank', 'amtAccepted': 0}, {'counterpartyType': 'gse', 'amtAccepted': 0}, {'counterpartyType': 'mmf', 'amtAccepted': 128724000000}, {'counterpartyType': 'pd', 'amtAccepted': 1000000000}]"
RP 043021 1,2021-04-30,Reverse Repo,,183234000000,"[{'counterpartyType': 'bank', 'amtAccepted': 0}, {'counterpartyType': 'gse', 'amtAccepted': 0}, {'counterpartyType': 'mmf', 'amtAccepted': 179734000000}, {'counterpartyType': 'pd', 'amtAccepted': 3500000000}]"
RP 042921 1,2021-04-29,Reverse Repo,,173469000000,"[{'counterpartyType': 'bank', 'amtAccepted': 0}, {'counterpartyType': 'gse', 'amtAccepted': 0}, {'counterpartyType': 'mmf', 'amtAccepted': 166969000000}, {'counterpartyType': 'pd', 'amtAccepted': 6500000000}]"
RP 042821 1,2021-04-28,Reverse Repo,,166732000000,"[{'counterpartyType': 'bank', 'amtAccepted': 0}, {'counterpartyType': 'gse', 'amtAccepted': 0}, {'counterpartyType': 'mmf', 'amtAccepted': 148232000000}, {'counterpartyType': 'pd', 'amtAccepted': 18500000000}]"
RP 042721 1,2021-04-27,Reverse Repo,,142172000000,"[{'counterpartyType': 'bank', 'amtAccepted': 0}, {'counterpartyType': 'gse', 'amtAccepted': 1000000}, {'counterpartyType': 'mmf', 'amtAccepted': 130671000000}, {'counterpartyType': 'pd', 'amtAccepted': 11500000000}]"
RP 042621 1,2021-04-26,Reverse Repo,,100916000000,"[{'counterpartyType': 'bank', 'amtAccepted': 0}, {'counterpartyType': 'gse', 'amtAccepted': 0}, {'counterpartyType': 'mmf', 'amtAccepted': 83216000000}, {'counterpartyType': 'pd', 'amtAccepted': 17700000000}]"
RP 042321 1,2021-04-23,Reverse Repo,,73794000000,"[{'counterpartyType': 'bank', 'amtAccepted': 0}, {'counterpartyType': 'gse', 'amtAccepted': 0}, {'counterpartyType': 'mmf', 'amtAccepted': 65544000000}, {'counterpartyType': 'pd', 'amtAccepted': 8250000000}]"
RP 042221 1,2021-04-22,Reverse Repo,,102644000000,"[{'counterpartyType': 'bank', 'amtAccepted': 0}, {'counterpartyType': 'gse', 'amtAccepted': 0}, {'counterpartyType': 'mmf', 'amtAccepted': 95144000000}, {'counterpartyType': 'pd', 'amtAccepted': 7500000000}]"
RP 042121 1,2021-04-21,Reverse Repo,,81329000000,"[{'counterpartyType': 'bank', 'amtAccepted': 1000000}, {'counterpartyType': 'gse', 'amtAccepted': 0}, {'counterpartyType': 'mmf', 'amtAccepted': 78328000000}, {'counterpartyType': 'pd', 'amtAccepted': 3000000000}]"
RP 042021 1,2021-04-20,Reverse Repo,,67747000000,"[{'counterpartyType': 'bank', 'amtAccepted': 1000000}, {'counterpartyType': 'gse', 'amtAccepted': 1000000}, {'counterpartyType': 'mmf', 'amtAccepted': 57295000000}, {'counterpartyType': 'pd', 'amtAccepted': 10450000000}]"
RP 041921 1,2021-04-19,Reverse Repo,,53798000000,"[{'counterpartyType': 'bank', 'amtAccepted': 0}, {'counterpartyType': 'gse', 'amtAccepted': 0}, {'counterpartyType': 'mmf', 'amtAccepted': 44448000000}, {'counterpartyType': 'pd', 'amtAccepted': 9350000000}]"
RP 041621 1,2021-04-16,Reverse Repo,,39940000000,"[{'counterpartyType': 'bank', 'amtAccepted': 0}, {'counterpartyType': 'gse', 'amtAccepted': 0}, {'counterpartyType': 'mmf', 'amtAccepted': 33440000000}, {'counterpartyType': 'pd', 'amtAccepted': 6500000000}]"
RP 041521 1,2021-04-15,Reverse Repo,,28626000000,"[{'counterpartyType': 'bank', 'amtAccepted': 1000000}, {'counterpartyType': 'gse', 'amtAccepted': 0}, {'counterpartyType': 'mmf', 'amtAccepted': 26125000000}, {'counterpartyType': 'pd', 'amtAccepted': 2500000000}]"
RP 041421 1,2021-04-14,Reverse Repo,,50856000000,"[{'counterpartyType': 'bank', 'amtAccepted': 1000000}, {'counterpartyType': 'gse', 'amtAccepted': 0}, {'counterpartyType': 'mmf', 'amtAccepted': 36180000000}, {'counterpartyType': 'pd', 'amtAccepted': 14675000000}]"
RP 041321 1,2021-04-13,Reverse Repo,,37543000000,"[{'counterpartyType': 'bank', 'amtAccepted': 11000000}, {'counterpartyType': 'gse', 'amtAccepted': 0}, {'counterpartyType': 'mmf', 'amtAccepted': 33882000000}, {'counterpartyType': 'pd', 'amtAccepted': 3650000000}]"
RP 041221 1,2021-04-12,Reverse Repo,,30221000000,"[{'counterpartyType': 'bank', 'amtAccepted': 0}, {'counterpartyType': 'gse', 'amtAccepted': 0}, {'counterpartyType': 'mmf', 'amtAccepted': 27721000000}, {'counterpartyType': 'pd', 'amtAccepted': 2500000000}]"
RP 040921 1,2021-04-09,Reverse Repo,,31265000000,"[{'counterpartyType': 'bank', 'amtAccepted': 0}, {'counterpartyType': 'gse', 'amtAccepted': 0}, {'counterpartyType': 'mmf', 'amtAccepted': 26665000000}, {'counterpartyType': 'pd', 'amtAccepted': 4600000000}]"
RP 040821 1,2021-04-08,Reverse Repo,,27640000000,"[{'counterpartyType': 'bank', 'amtAccepted': 0}, {'counterpartyType': 'gse', 'amtAccepted': 0}, {'counterpartyType': 'mmf', 'amtAccepted': 24640000000}, {'counterpartyType': 'pd', 'amtAccepted': 3000000000}]"
RP 040721 1,2021-04-07,Reverse Repo,,35035000000,"[{'counterpartyType': 'bank', 'amtAccepted': 0}, {'counterpartyType': 'gse', 'amtAccepted': 0}, {'counterpartyType': 'mmf', 'amtAccepted': 29035000000}, {'counterpartyType': 'pd', 'amtAccepted': 6000000000}]"
RP 040621 1,2021-04-06,Reverse Repo,,18951000000,"[{'counterpartyType': 'bank', 'amtAccepted': 1000000}, {'counterpartyType': 'gse', 'amtAccepted': 0}, {'counterpartyType': 'mmf', 'amtAccepted': 16950000000}, {'counterpartyType': 'pd', 'amtAccepted': 2000000000}]"
RP 040521 1,2021-04-05,Reverse Repo,,3450000000,"[{'counterpartyType': 'bank', 'amtAccepted': 0}, {'counterpartyType': 'gse', 'amtAccepted': 100000000}, {'counterpartyType': 'mmf', 'amtAccepted': 1350000000}, {'counterpartyType': 'pd', 'amtAccepted': 2000000000}]"
RP 040121 1,2021-04-01,Reverse Repo,,9575000000,
RP 033121 1,2021-03-31,Reverse Repo,,134307000000,"[{'counterpartyType': 'bank', 'amtAccepted': 0}, {'counterpartyType': 'gse', 'amtAccepted': 0}, {'counterpartyType': 'mmf', 'amtAccepted': 125307000000}, {'counterpartyType': 'pd', 'amtAccepted': 9000000000}]"
RP 033021 1,2021-03-30,Reverse Repo,,104725000000,"[{'counterpartyType': 'bank', 'amtAccepted': 0}, {'counterpartyType': 'gse', 'amtAccepted': 0}, {'counterpartyType': 'mmf', 'amtAccepted': 70724000000}, {'counterpartyType': 'pd', 'amtAccepted': 34001000000}]"
RP 032921 1,2021-03-29,Reverse Repo,,40354000000,"[{'counterpartyType': 'bank', 'amtAccepted': 0}, {'counterpartyType': 'gse', 'amtAccepted': 0}, {'counterpartyType': 'mmf', 'amtAccepted': 34500000000}, {'counterpartyType': 'pd', 'amtAccepted': 5854000000}]"
RP 032621 1,2021-03-26,Reverse Repo,,11450000000,"[{'counterpartyType': 'bank', 'amtAccepted': 0}, {'counterpartyType': 'gse', 'amtAccepted': 0}, {'counterpartyType': 'mmf', 'amtAccepted': 11450000000}, {'counterpartyType': 'pd', 'amtAccepted': 0}]"
RP 032521 1,2021-03-25,Reverse Repo,,10100000000,"[{'counterpartyType': 'bank', 'amtAccepted': 0}, {'counterpartyType': 'gse', 'amtAccepted': 0}, {'counterpartyType': 'mmf', 'amtAccepted': 10100000000}, {'counterpartyType': 'pd', 'amtAccepted': 0}]"
RP 032421 1,2021-03-24,Reverse Repo,,21902000000,"[{'counterpartyType': 'bank', 'amtAccepted': 0}, {'counterpartyType': 'gse', 'amtAccepted': 0}, {'counterpartyType': 'mmf', 'amtAccepted': 21902000000}, {'counterpartyType': 'pd', 'amtAccepted': 0}]"
RP 032321 1,2021-03-23,Reverse Repo,,19526000000,"[{'counterpartyType': 'bank', 'amtAccepted': 0}, {'counterpartyType': 'gse', 'amtAccepted': 0}, {'counterpartyType': 'mmf', 'amtAccepted': 19525000000}, {'counterpartyType': 'pd', 'amtAccepted': 1000000}]"
RP 032221 1,2021-03-22,Reverse Repo,,22242000000,"[{'counterpartyType': 'bank', 'amtAccepted': 0}, {'counterpartyType': 'gse', 'amtAccepted': 0}, {'counterpartyType': 'mmf', 'amtAccepted': 22242000000}, {'counterpartyType': 'pd', 'amtAccepted': 0}]"
RP 031921 1,2021-03-19,Reverse Repo,,18908000000,"[{'counterpartyType': 'bank', 'amtAccepted': 0}, {'counterpartyType': 'gse', 'amtAccepted': 0}, {'counterpartyType': 'mmf', 'amtAccepted': 18706000000}, {'counterpartyType': 'pd', 'amtAccepted': 202000000}]"
RP 031821 1,2021-03-18,Reverse Repo,,26570000000,"[{'counterpartyType': 'bank', 'amtAccepted': 751000000}, {'counterpartyType': 'gse', 'amtAccepted': 2000000}, {'counterpartyType': 'mmf', 'amtAccepted': 16367000000}, {'counterpartyType': 'pd', 'amtAccepted': 9450000000}]"
RP 031721 1,2021-03-17,Reverse Repo,,0,"[{'counterpartyType': 'bank', 'amtAccepted': 0}, {'counterpartyType': 'gse', 'amtAccepted': 0}, {'counterpartyType': 'mmf', 'amtAccepted': 0}, {'counterpartyType': 'pd', 'amtAccepted': 0}]"
RP 031621 1,2021-03-16,Reverse Repo,,702000000,"[{'counterpartyType': 'bank', 'amtAccepted': 1000000}, {'counterpartyType': 'gse', 'amtAccepted': 1000000}, {'counterpartyType': 'mmf', 'amtAccepted': 700000000}, {'counterpartyType': 'pd', 'amtAccepted': 0}]"
RP 031521 1,2021-03-15,Reverse Repo,,3000000,"[{'counterpartyType': 'bank', 'amtAccepted': 0}, {'counterpartyType': 'gse', 'amtAccepted': 0}, {'counterpartyType': 'mmf', 'amtAccepted': 3000000}, {'counterpartyType': 'pd', 'amtAccepted': 0}]"
RP 031221 1,2021-03-12,Reverse Repo,,6800000000,"[{'counterpartyType': 'bank', 'amtAccepted': 0}, {'counterpartyType': 'gse', 'amtAccepted': 0}, {'counterpartyType': 'mmf', 'amtAccepted': 4600000000}, {'counterpartyType': 'pd', 'amtAccepted': 2200000000}]"
RP 031121 1,2021-03-11,Reverse Repo,,11051000000,"[{'counterpartyType': 'bank', 'amtAccepted': 1000000}, {'counterpartyType': 'gse', 'amtAccepted': 0}, {'counterpartyType': 'mmf', 'amtAccepted': 3300000000}, {'counterpartyType': 'pd', 'amtAccepted': 7750000000}]"
RP 031021 1,2021-03-10,Reverse Repo,,100000000,"[{'counterpartyType': 'bank', 'amtAccepted': 0}, {'counterpartyType': 'gse', 'amtAccepted': 100000000}, {'counterpartyType': 'mmf', 'amtAccepted': 0}, {'counterpartyType': 'pd', 'amtAccepted': 0}]"
RP 030921 1,2021-03-09,Reverse Repo,,0,"[{'counterpartyType': 'bank', 'amtAccepted': 0}, {'counterpartyType': 'gse', 'amtAccepted': 0}, {'counterpartyType': 'mmf', 'amtAccepted': 0}, {'counterpartyType': 'pd', 'amtAccepted': 0}]"
RP 030821 1,2021-03-08,Reverse Repo,,25000000,"[{'counterpartyType': 'bank', 'amtAccepted': 0}, {'counterpartyType': 'gse', 'amtAccepted': 0}, {'counterpartyType': 'mmf', 'amtAccepted': 25000000}, {'counterpartyType': 'pd', 'amtAccepted': 0}]"
RP 030521 1,2021-03-05,Reverse Repo,,1000000000,"[{'counterpartyType': 'bank', 'amtAccepted': 0}, {'counterpartyType': 'gse', 'amtAccepted': 1000000000}, {'counterpartyType': 'mmf', 'amtAccepted': 0}, {'counterpartyType': 'pd', 'amtAccepted': 0}]"
RP 030421 1,2021-03-04,Reverse Repo,,2100000000,"[{'counterpartyType': 'bank', 'amtAccepted': 0}, {'counterpartyType': 'gse', 'amtAccepted': 100000000}, {'counterpartyType': 'mmf', 'amtAccepted': 0}, {'counterpartyType': 'pd', 'amtAccepted': 2000000000}]"
RP 030321 1,2021-03-03,Reverse Repo,,507000000,"[{'counterpartyType': 'bank', 'amtAccepted': 0}, {'counterpartyType': 'gse', 'amtAccepted': 2000000}, {'counterpartyType': 'mmf', 'amtAccepted': 505000000}, {'counterpartyType': 'pd', 'amtAccepted': 0}]"
RP 030221 1,2021-03-02,Reverse Repo,,5000000,"[{'counterpartyType': 'bank', 'amtAccepted': 1000000}, {'counterpartyType': 'gse', 'amtAccepted': 0}, {'counterpartyType': 'mmf', 'amtAccepted': 4000000}, {'counterpartyType': 'pd', 'amtAccepted': 0}]"
RP 030121 1,2021-03-01,Reverse Repo,,0,"[{'counterpartyType': 'bank', 'amtAccepted': 0}, {'counterpartyType': 'gse', 'amtAccepted': 0}, {'counterpartyType': 'mmf', 'amtAccepted': 0}, {'counterpartyType': 'pd', 'amtAccepted': 0}]"
RP 022621 1,2021-02-26,Reverse Repo,,11200000000,"[{'counterpartyType': 'bank', 'amtAccepted': 0}, {'counterpartyType': 'gse', 'amtAccepted': 0}, {'counterpartyType': 'mmf', 'amtAccepted': 2700000000}, {'counterpartyType': 'pd', 'amtAccepted': 8500000000}]"
RP 022521 1,2021-02-25,Reverse Repo,,9976000000,"[{'counterpartyType': 'bank', 'amtAccepted': 1000000}, {'counterpartyType': 'gse', 'amtAccepted': 0}, {'counterpartyType': 'mmf', 'amtAccepted': 6675000000}, {'counterpartyType': 'pd', 'amtAccepted': 3300000000}]"
RP 022421 1,2021-02-24,Reverse Repo,,1000000,"[{'counterpartyType': 'bank', 'amtAccepted': 1000000}, {'counterpartyType': 'gse', 'amtAccepted': 0}, {'counterpartyType': 'mmf', 'amtAccepted': 0}, {'counterpartyType': 'pd', 'amtAccepted': 0}]"
RP 022321 1,2021-02-23,Reverse Repo,,435000000,"[{'counterpartyType': 'bank', 'amtAccepted': 0}, {'counterpartyType': 'gse', 'amtAccepted': 0}, {'counterpartyType': 'mmf', 'amtAccepted': 435000000}, {'counterpartyType': 'pd', 'amtAccepted': 0}]"
RP 022221 1,2021-02-22,Reverse Repo,,1100000000,"[{'counterpartyType': 'bank', 'amtAccepted': 0}, {'counterpartyType': 'gse', 'amtAccepted': 0}, {'counterpartyType': 'mmf', 'amtAccepted': 1100000000}, {'counterpartyType': 'pd', 'amtAccepted': 0}]"
RP 021921 1,2021-02-19,Reverse Repo,,2000000,"[{'counterpartyType': 'bank', 'amtAccepted': 1000000}, {'counterpartyType': 'gse', 'amtAccepted': 0}, {'counterpartyType': 'mmf', 'amtAccepted': 1000000}, {'counterpartyType': 'pd', 'amtAccepted': 0}]"
RP 021821 1,2021-02-18,Reverse Repo,,0,"[{'counterpartyType': 'bank', 'amtAccepted': 0}, {'counterpartyType': 'gse', 'amtAccepted': 0}, {'counterpartyType': 'mmf', 'amtAccepted': 0}, {'counterpartyType': 'pd', 'amtAccepted': 0}]"
RP 021721 1,2021-02-17,Reverse Repo,,50000000,"[{'counterpartyType': 'bank', 'amtAccepted': 50000000}, {'counterpartyType': 'gse', 'amtAccepted': 0}, {'counterpartyType': 'mmf', 'amtAccepted': 0}, {'counterpartyType': 'pd', 'amtAccepted': 0}]"
RP 021621 1,2021-02-16,Reverse Repo,,4000000,"[{'counterpartyType': 'bank', 'amtAccepted': 0}, {'counterpartyType': 'gse', 'amtAccepted': 1000000}, {'counterpartyType': 'mmf', 'amtAccepted': 3000000}, {'counterpartyType': 'pd', 'amtAccepted': 0}]"
RP 021221 1,2021-02-12,Reverse Repo,,1000000,"[{'counterpartyType': 'bank', 'amtAccepted': 1000000}, {'counterpartyType': 'gse', 'amtAccepted': 0}, {'counterpartyType': 'mmf', 'amtAccepted': 0}, {'counterpartyType': 'pd', 'amtAccepted': 0}]"
RP 021121 1,2021-02-11,Reverse Repo,,108000000,"[{'counterpartyType': 'bank', 'amtAccepted': 0}, {'counterpartyType': 'gse', 'amtAccepted': 0}, {'counterpartyType': 'mmf', 'amtAccepted': 108000000}, {'counterpartyType': 'pd', 'amtAccepted': 0}]"
RP 021021 1,2021-02-10,Reverse Repo,,0,"[{'counterpartyType': 'bank', 'amtAccepted': 0}, {'counterpartyType': 'gse', 'amtAccepted': 0}, {'counterpartyType': 'mmf', 'amtAccepted': 0}, {'counterpartyType': 'pd', 'amtAccepted': 0}]"
RP 020921 2,2021-02-09,Reverse Repo,,1000000,"[{'counterpartyType': 'bank', 'amtAccepted': 1000000}, {'counterpartyType': 'gse', 'amtAccepted': 0}, {'counterpartyType': 'mmf', 'amtAccepted': 0}, {'counterpartyType': 'pd', 'amtAccepted': 0}]"
RP 020821 1,2021-02-08,Reverse Repo,,2000000,"[{'counterpartyType': 'bank', 'amtAccepted': 1000000}, {'counterpartyType': 'gse', 'amtAccepted': 1000000}, {'counterpartyType': 'mmf', 'amtAccepted': 0}, {'counterpartyType': 'pd', 'amtAccepted': 0}]"
RP 020521 1,2021-02-05,Reverse Repo,,10000000,"[{'counterpartyType': 'bank', 'amtAccepted': 10000000}, {'counterpartyType': 'gse', 'amtAccepted': 0}, {'counterpartyType': 'mmf', 'amtAccepted': 0}, {'counterpartyType': 'pd', 'amtAccepted': 0}]"
RP 020421 1,2021-02-04,Reverse Repo,,500000000,"[{'counterpartyType': 'bank', 'amtAccepted': 0}, {'counterpartyType': 'gse', 'amtAccepted': 0}, {'counterpartyType': 'mmf', 'amtAccepted': 500000000}, {'counterpartyType': 'pd', 'amtAccepted': 0}]"
RP 020321 1,2021-02-03,Reverse Repo,,178000000,"[{'counterpartyType': 'bank', 'amtAccepted': 0}, {'counterpartyType': 'gse', 'amtAccepted': 1000000}, {'counterpartyType': 'mmf', 'amtAccepted': 177000000}, {'counterpartyType': 'pd', 'amtAccepted': 0}]"
RP 020221 2,2021-02-02,Reverse Repo,,11000000,"[{'counterpartyType': 'bank', 'amtAccepted': 0}, {'counterpartyType': 'gse', 'amtAccepted': 0}, {'counterpartyType': 'mmf', 'amtAccepted': 11000000}, {'counterpartyType': 'pd', 'amtAccepted': 0}]"
RP 020121 1,2021-02-01,Reverse Repo,,12000000,"[{'counterpartyType': 'bank', 'amtAccepted': 0}, {'counterpartyType': 'gse', 'amtAccepted': 1000000}, {'counterpartyType': 'mmf', 'amtAccepted': 11000000}, {'counterpartyType': 'pd', 'amtAccepted': 0}]"
RP 012921 1,2021-01-29,Reverse Repo,,7100000000,"[{'counterpartyType': 'bank', 'amtAccepted': 0}, {'counterpartyType': 'gse', 'amtAccepted': 0}, {'counterpartyType': 'mmf', 'amtAccepted': 5350000000}, {'counterpartyType': 'pd', 'amtAccepted': 1750000000}]"
RP 012821 1,2021-01-28,Reverse Repo,,2655000000,"[{'counterpartyType': 'bank', 'amtAccepted': 0}, {'counterpartyType': 'gse', 'amtAccepted': 0}, {'counterpartyType': 'mmf', 'amtAccepted': 2655000000}, {'counterpartyType': 'pd', 'amtAccepted': 0}]"
RP 012721 1,2021-01-27,Reverse Repo,,1152000000,"[{'counterpartyType': 'bank', 'amtAccepted': 0}, {'counterpartyType': 'gse', 'amtAccepted': 0}, {'counterpartyType': 'mmf', 'amtAccepted': 1152000000}, {'counterpartyType': 'pd', 'amtAccepted': 0}]"
RP 012621 2,2021-01-26,Reverse Repo,,1631000000,"[{'counterpartyType': 'bank', 'amtAccepted': 50000000}, {'counterpartyType': 'gse', 'amtAccepted': 5000000}, {'counterpartyType': 'mmf', 'amtAccepted': 1576000000}, {'counterpartyType': 'pd', 'amtAccepted': 0}]"
RP 012521 1,2021-01-25,Reverse Repo,,2200000000,"[{'counterpartyType': 'bank', 'amtAccepted': 0}, {'counterpartyType': 'gse', 'amtAccepted': 0}, {'counterpartyType': 'mmf', 'amtAccepted': 1750000000}, {'counterpartyType': 'pd', 'amtAccepted': 450000000}]"
RP 012221 1,2021-01-22,Reverse Repo,,0,"[{'counterpartyType': 'bank', 'amtAccepted': 0}, {'counterpartyType': 'gse', 'amtAccepted': 0}, {'counterpartyType': 'mmf', 'amtAccepted': 0}, {'counterpartyType': 'pd', 'amtAccepted': 0}]"
RP 012121 1,2021-01-21,Reverse Repo,,1201000000,"[{'counterpartyType': 'bank', 'amtAccepted': 1000000}, {'counterpartyType': 'gse', 'amtAccepted': 0}, {'counterpartyType': 'mmf', 'amtAccepted': 1200000000}, {'counterpartyType': 'pd', 'amtAccepted': 0}]"
RP 012021 1,2021-01-20,Reverse Repo,,1806000000,"[{'counterpartyType': 'bank', 'amtAccepted': 2000000}, {'counterpartyType': 'gse', 'amtAccepted': 1000000}, {'counterpartyType': 'mmf', 'amtAccepted': 903000000}, {'counterpartyType': 'pd', 'amtAccepted': 900000000}]"
RP 011921 2,2021-01-19,Reverse Repo,,4000000,"[{'counterpartyType': 'bank', 'amtAccepted': 2000000}, {'counterpartyType': 'gse', 'amtAccepted': 0}, {'counterpartyType': 'mmf', 'amtAccepted': 2000000}, {'counterpartyType': 'pd', 'amtAccepted': 0}]"
RP 011521 1,2021-01-15,Reverse Repo,,0,"[{'counterpartyType': 'bank', 'amtAccepted': 0}, {'counterpartyType': 'gse', 'amtAccepted': 0}, {'counterpartyType': 'mmf', 'amtAccepted': 0}, {'counterpartyType': 'pd', 'amtAccepted': 0}]"
RP 011421 1,2021-01-14,Reverse Repo,,600000000,"[{'counterpartyType': 'bank', 'amtAccepted': 0}, {'counterpartyType': 'gse', 'amtAccepted': 0}, {'counterpartyType': 'mmf', 'amtAccepted': 600000000}, {'counterpartyType': 'pd', 'amtAccepted': 0}]"
RP 011321 1,2021-01-13,Reverse Repo,,0,"[{'counterpartyType': 'bank', 'amtAccepted': 0}, {'counterpartyType': 'gse', 'amtAccepted': 0}, {'counterpartyType': 'mmf', 'amtAccepted': 0}, {'counterpartyType': 'pd', 'amtAccepted': 0}]"
RP 011221 2,2021-01-12,Reverse Repo,,0,"[{'counterpartyType': 'bank', 'amtAccepted': 0}, {'counterpartyType': 'gse', 'amtAccepted': 0}, {'counterpartyType': 'mmf', 'amtAccepted': 0}, {'counterpartyType': 'pd', 'amtAccepted': 0}]"
RP 011121 1,2021-01-11,Reverse Repo,,0,"[{'counterpartyType': 'bank', 'amtAccepted': 0}, {'counterpartyType': 'gse', 'amtAccepted': 0}, {'counterpartyType': 'mmf', 'amtAccepted': 0}, {'counterpartyType': 'pd', 'amtAccepted': 0}]"
RP 010821 1,2021-01-08,Reverse Repo,,0,"[{'counterpartyType': 'bank', 'amtAccepted': 0}, {'counterpartyType': 'gse', 'amtAccepted': 0}, {'counterpartyType': 'mmf', 'amtAccepted': 0}, {'counterpartyType': 'pd', 'amtAccepted': 0}]"
RP 010721 1,2021-01-07,Reverse Repo,,1000000,"[{'counterpartyType': 'bank', 'amtAccepted': 0}, {'counterpartyType': 'gse', 'amtAccepted': 1000000}, {'counterpartyType': 'mmf', 'amtAccepted': 0}, {'counterpartyType': 'pd', 'amtAccepted': 0}]"
RP 010621 1,2021-01-06,Reverse Repo,,4000000,"[{'counterpartyType': 'bank', 'amtAccepted': 0}, {'counterpartyType': 'gse', 'amtAccepted': 1000000}, {'counterpartyType': 'mmf', 'amtAccepted': 3000000}, {'counterpartyType': 'pd', 'amtAccepted': 0}]"
RP 010521 2,2021-01-05,Reverse Repo,,5000000,"[{'counterpartyType': 'bank', 'amtAccepted': 1000000}, {'counterpartyType': 'gse', 'amtAccepted': 0}, {'counterpartyType': 'mmf', 'amtAccepted': 4000000}, {'counterpartyType': 'pd', 'amtAccepted': 0}]"
RP 010421 1,2021-01-04,Reverse Repo,,1000000,"[{'counterpartyType': 'bank', 'amtAccepted': 0}, {'counterpartyType': 'gse', 'amtAccepted': 0}, {'counterpartyType': 'mmf', 'amtAccepted': 1000000}, {'counterpartyType': 'pd', 'amtAccepted': 0}]"
RP 123120 1,2020-12-31,Reverse Repo,,9651000000,"[{'counterpartyType': 'bank', 'amtAccepted': 0}, {'counterpartyType': 'gse', 'amtAccepted': 0}, {'counterpartyType': 'mmf', 'amtAccepted': 9651000000}, {'counterpartyType': 'pd', 'amtAccepted': 0}]"
RP 123020 1,2020-12-30,Reverse Repo,,652000000,"[{'counterpartyType': 'bank', 'amtAccepted': 0}, {'counterpartyType': 'gse', 'amtAccepted': 0}, {'counterpartyType': 'mmf', 'amtAccepted': 652000000}, {'counterpartyType': 'pd', 'amtAccepted': 0}]"
RP 122920 2,2020-12-29,Reverse Repo,,257000000,"[{'counterpartyType': 'bank', 'amtAccepted': 1000000}, {'counterpartyType': 'gse', 'amtAccepted': 1000000}, {'counterpartyType': 'mmf', 'amtAccepted': 255000000}, {'counterpartyType': 'pd', 'amtAccepted': 0}]"
RP 122820 1,2020-12-28,Reverse Repo,,901000000,"[{'counterpartyType': 'bank', 'amtAccepted': 1000000}, {'counterpartyType': 'gse', 'amtAccepted': 0}, {'counterpartyType': 'mmf', 'amtAccepted': 900000000}, {'counterpartyType': 'pd', 'amtAccepted': 0}]"
RP 122420 1,2020-12-24,Reverse Repo,,10000000,"[{'counterpartyType': 'bank', 'amtAccepted': 0}, {'counterpartyType': 'gse', 'amtAccepted': 0}, {'counterpartyType': 'mmf', 'amtAccepted': 10000000}, {'counterpartyType': 'pd', 'amtAccepted': 0}]"
RP 122320 1,2020-12-23,Reverse Repo,,857000000,"[{'counterpartyType': 'bank', 'amtAccepted': 1000000}, {'counterpartyType': 'gse', 'amtAccepted': 1000000}, {'counterpartyType': 'mmf', 'amtAccepted': 855000000}, {'counterpartyType': 'pd', 'amtAccepted': 0}]"
RP 122220 2,2020-12-22,Reverse Repo,,406000000,"[{'counterpartyType': 'bank', 'amtAccepted': 1000000}, {'counterpartyType': 'gse', 'amtAccepted': 0}, {'counterpartyType': 'mmf', 'amtAccepted': 405000000}, {'counterpartyType': 'pd', 'amtAccepted': 0}]"
RP 122120 1,2020-12-21,Reverse Repo,,435000000,"[{'counterpartyType': 'bank', 'amtAccepted': 0}, {'counterpartyType': 'gse', 'amtAccepted': 25000000}, {'counterpartyType': 'mmf', 'amtAccepted': 410000000}, {'counterpartyType': 'pd', 'amtAccepted': 0}]"
RP 121820 1,2020-12-18,Reverse Repo,,32000000,"[{'counterpartyType': 'bank', 'amtAccepted': 1000000}, {'counterpartyType': 'gse', 'amtAccepted': 25000000}, {'counterpartyType': 'mmf', 'amtAccepted': 6000000}, {'counterpartyType': 'pd', 'amtAccepted': 0}]"
RP 121720 1,2020-12-17,Reverse Repo,,14000000,"[{'counterpartyType': 'bank', 'amtAccepted': 2000000}, {'counterpartyType': 'gse', 'amtAccepted': 1000000}, {'counterpartyType': 'mmf', 'amtAccepted': 11000000}, {'counterpartyType': 'pd', 'amtAccepted': 0}]"
RP 121620 1,2020-12-16,Reverse Repo,,26000000,"[{'counterpartyType': 'bank', 'amtAccepted': 11000000}, {'counterpartyType': 'gse', 'amtAccepted': 1000000}, {'counterpartyType': 'mmf', 'amtAccepted': 14000000}, {'counterpartyType': 'pd', 'amtAccepted': 0}]"
RP 121520 2,2020-12-15,Reverse Repo,,1000000,"[{'counterpartyType': 'bank', 'amtAccepted': 0}, {'counterpartyType': 'gse', 'amtAccepted': 0}, {'counterpartyType': 'mmf', 'amtAccepted': 1000000}, {'counterpartyType': 'pd', 'amtAccepted': 0}]"
RP 121420 1,2020-12-14,Reverse Repo,,100000000,"[{'counterpartyType': 'bank', 'amtAccepted': 0}, {'counterpartyType': 'gse', 'amtAccepted': 100000000}, {'counterpartyType': 'mmf', 'amtAccepted': 0}, {'counterpartyType': 'pd', 'amtAccepted': 0}]"
RP 121120 1,2020-12-11,Reverse Repo,,0,"[{'counterpartyType': 'bank', 'amtAccepted': 0}, {'counterpartyType': 'gse', 'amtAccepted': 0}, {'counterpartyType': 'mmf', 'amtAccepted': 0}, {'counterpartyType': 'pd', 'amtAccepted': 0}]"
RP 121020 1,2020-12-10,Reverse Repo,,1000000,"[{'counterpartyType': 'bank', 'amtAccepted': 0}, {'counterpartyType': 'gse', 'amtAccepted': 1000000}, {'counterpartyType': 'mmf', 'amtAccepted': 0}, {'counterpartyType': 'pd', 'amtAccepted': 0}]"
RP 120920 1,2020-12-09,Reverse Repo,,3000000,"[{'counterpartyType': 'bank', 'amtAccepted': 1000000}, {'counterpartyType': 'gse', 'amtAccepted': 0}, {'counterpartyType': 'mmf', 'amtAccepted': 2000000}, {'counterpartyType': 'pd', 'amtAccepted': 0}]"
RP 120820 2,2020-12-08,Reverse Repo,,1000000,"[{'counterpartyType': 'bank', 'amtAccepted': 1000000}, {'counterpartyType': 'gse', 'amtAccepted': 0}, {'counterpartyType': 'mmf', 'amtAccepted': 0}, {'counterpartyType': 'pd', 'amtAccepted': 0}]"
RP 120720 1,2020-12-07,Reverse Repo,,1000000,"[{'counterpartyType': 'bank', 'amtAccepted': 0}, {'counterpartyType': 'gse', 'amtAccepted': 0}, {'counterpartyType': 'mmf', 'amtAccepted': 1000000}, {'counterpartyType': 'pd', 'amtAccepted': 0}]"
RP 120420 1,2020-12-04,Reverse Repo,,0,"[{'counterpartyType': 'bank', 'amtAccepted': 0}, {'counterpartyType': 'gse', 'amtAccepted': 0}, {'counterpartyType': 'mmf', 'amtAccepted': 0}, {'counterpartyType': 'pd', 'amtAccepted': 0}]"
RP 120320 1,2020-12-03,Reverse Repo,,0,"[{'counterpartyType': 'bank', 'amtAccepted': 0}, {'counterpartyType': 'gse', 'amtAccepted': 0}, {'counterpartyType': 'mmf', 'amtAccepted': 0}, {'counterpartyType': 'pd', 'amtAccepted': 0}]"
RP 120220 1,2020-12-02,Reverse Repo,,1000000,"[{'counterpartyType': 'bank', 'amtAccepted': 0}, {'counterpartyType': 'gse', 'amtAccepted': 1000000}, {'counterpartyType': 'mmf', 'amtAccepted': 0}, {'counterpartyType': 'pd', 'amtAccepted': 0}]"
RP 120120 2,2020-12-01,Reverse Repo,,2000000,"[{'counterpartyType': 'bank', 'amtAccepted': 1000000}, {'counterpartyType': 'gse', 'amtAccepted': 0}, {'counterpartyType': 'mmf', 'amtAccepted': 1000000}, {'counterpartyType': 'pd', 'amtAccepted': 0}]"
RP 113020 1,2020-11-30,Reverse Repo,,6000000,"[{'counterpartyType': 'bank', 'amtAccepted': 0}, {'counterpartyType': 'gse', 'amtAccepted': 0}, {'counterpartyType': 'mmf', 'amtAccepted': 6000000}, {'counterpartyType': 'pd', 'amtAccepted': 0}]"
RP 112720 1,2020-11-27,Reverse Repo,,0,"[{'counterpartyType': 'bank', 'amtAccepted': 0}, {'counterpartyType': 'gse', 'amtAccepted': 0}, {'counterpartyType': 'mmf', 'amtAccepted': 0}, {'counterpartyType': 'pd', 'amtAccepted': 0}]"
RP 112520 1,2020-11-25,Reverse Repo,,0,"[{'counterpartyType': 'bank', 'amtAccepted': 0}, {'counterpartyType': 'gse', 'amtAccepted': 0}, {'counterpartyType': 'mmf', 'amtAccepted': 0}, {'counterpartyType': 'pd', 'amtAccepted': 0}]"
RP 112420 2,2020-11-24,Reverse Repo,,1000000,"[{'counterpartyType': 'bank', 'amtAccepted': 1000000}, {'counterpartyType': 'gse', 'amtAccepted': 0}, {'counterpartyType': 'mmf', 'amtAccepted': 0}, {'counterpartyType': 'pd', 'amtAccepted': 0}]"
RP 112320 1,2020-11-23,Reverse Repo,,485000000,"[{'counterpartyType': 'bank', 'amtAccepted': 0}, {'counterpartyType': 'gse', 'amtAccepted': 0}, {'counterpartyType': 'mmf', 'amtAccepted': 485000000}, {'counterpartyType': 'pd', 'amtAccepted': 0}]"
RP 112020 1,2020-11-20,Reverse Repo,,0,"[{'counterpartyType': 'bank', 'amtAccepted': 0}, {'counterpartyType': 'gse', 'amtAccepted': 0}, {'counterpartyType': 'mmf', 'amtAccepted': 0}, {'counterpartyType': 'pd', 'amtAccepted': 0}]"
RP 111920 1,2020-11-19,Reverse Repo,,2000000000,"[{'counterpartyType': 'bank', 'amtAccepted': 0}, {'counterpartyType': 'gse', 'amtAccepted': 0}, {'counterpartyType': 'mmf', 'amtAccepted': 2000000000}, {'counterpartyType': 'pd', 'amtAccepted': 0}]"
RP 111820 1,2020-11-18,Reverse Repo,,0,"[{'counterpartyType': 'bank', 'amtAccepted': 0}, {'counterpartyType': 'gse', 'amtAccepted': 0}, {'counterpartyType': 'mmf', 'amtAccepted': 0}, {'counterpartyType': 'pd', 'amtAccepted': 0}]"
RP 111820 99,2020-11-18,Reverse Repo,,103000000,"[{'counterpartyType': 'bank', 'amtAccepted': 6000000}, {'counterpartyType': 'gse', 'amtAccepted': 10000000}, {'counterpartyType': 'mmf', 'amtAccepted': 63000000}, {'counterpartyType': 'pd', 'amtAccepted': 24000000}]"
RP 111720 2,2020-11-17,Reverse Repo,,0,"[{'counterpartyType': 'bank', 'amtAccepted': 0}, {'counterpartyType': 'gse', 'amtAccepted': 0}, {'counterpartyType': 'mmf', 'amtAccepted': 0}, {'counterpartyType': 'pd', 'amtAccepted': 0}]"
RP 111620 1,2020-11-16,Reverse Repo,,13000000,"[{'counterpartyType': 'bank', 'amtAccepted': 10000000}, {'counterpartyType': 'gse', 'amtAccepted': 0}, {'counterpartyType': 'mmf', 'amtAccepted': 3000000}, {'counterpartyType': 'pd', 'amtAccepted': 0}]"
RP 111320 1,2020-11-13,Reverse Repo,,3000000,"[{'counterpartyType': 'bank', 'amtAccepted': 0}, {'counterpartyType': 'gse', 'amtAccepted': 0}, {'counterpartyType': 'mmf', 'amtAccepted': 3000000}, {'counterpartyType': 'pd', 'amtAccepted': 0}]"
RP 111220 1,2020-11-12,Reverse Repo,,0,"[{'counterpartyType': 'bank', 'amtAccepted': 0}, {'counterpartyType': 'gse', 'amtAccepted': 0}, {'counterpartyType': 'mmf', 'amtAccepted': 0}, {'counterpartyType': 'pd', 'amtAccepted': 0}]"
RP 111020 2,2020-11-10,Reverse Repo,,0,"[{'counterpartyType': 'bank', 'amtAccepted': 0}, {'counterpartyType': 'gse', 'amtAccepted': 0}, {'counterpartyType': 'mmf', 'amtAccepted': 0}, {'counterpartyType': 'pd', 'amtAccepted': 0}]"
RP 110920 1,2020-11-09,Reverse Repo,,0,"[{'counterpartyType': 'bank', 'amtAccepted': 0}, {'counterpartyType': 'gse', 'amtAccepted': 0}, {'counterpartyType': 'mmf', 'amtAccepted': 0}, {'counterpartyType': 'pd', 'amtAccepted': 0}]"
RP 110620 1,2020-11-06,Reverse Repo,,0,"[{'counterpartyType': 'bank', 'amtAccepted': 0}, {'counterpartyType': 'gse', 'amtAccepted': 0}, {'counterpartyType': 'mmf', 'amtAccepted': 0}, {'counterpartyType': 'pd', 'amtAccepted': 0}]"
RP 110520 1,2020-11-05,Reverse Repo,,0,"[{'counterpartyType': 'bank', 'amtAccepted': 0}, {'counterpartyType': 'gse', 'amtAccepted': 0}, {'counterpartyType': 'mmf', 'amtAccepted': 0}, {'counterpartyType': 'pd', 'amtAccepted': 0}]"
RP 110420 1,2020-11-04,Reverse Repo,,0,"[{'counterpartyType': 'bank', 'amtAccepted': 0}, {'counterpartyType': 'gse', 'amtAccepted': 0}, {'counterpartyType': 'mmf', 'amtAccepted': 0}, {'counterpartyType': 'pd', 'amtAccepted': 0}]"
RP 110320 2,2020-11-03,Reverse Repo,,0,"[{'counterpartyType': 'bank', 'amtAccepted': 0}, {'counterpartyType': 'gse', 'amtAccepted': 0}, {'counterpartyType': 'mmf', 'amtAccepted': 0}, {'counterpartyType': 'pd', 'amtAccepted': 0}]"
RP 110220 1,2020-11-02,Reverse Repo,,0,"[{'counterpartyType': 'bank', 'amtAccepted': 0}, {'counterpartyType': 'gse', 'amtAccepted': 0}, {'counterpartyType': 'mmf', 'amtAccepted': 0}, {'counterpartyType': 'pd', 'amtAccepted': 0}]"
RP 103020 1,2020-10-30,Reverse Repo,,1000000,"[{'counterpartyType': 'bank', 'amtAccepted': 0}, {'counterpartyType': 'gse', 'amtAccepted': 0}, {'counterpartyType': 'mmf', 'amtAccepted': 1000000}, {'counterpartyType': 'pd', 'amtAccepted': 0}]"
RP 102920 1,2020-10-29,Reverse Repo,,14000000,"[{'counterpartyType': 'bank', 'amtAccepted': 2000000}, {'counterpartyType': 'gse', 'amtAccepted': 0}, {'counterpartyType': 'mmf', 'amtAccepted': 12000000}, {'counterpartyType': 'pd', 'amtAccepted': 0}]"
RP 102820 1,2020-10-28,Reverse Repo,,5000000,"[{'counterpartyType': 'bank', 'amtAccepted': 1000000}, {'counterpartyType': 'gse', 'amtAccepted': 0}, {'counterpartyType': 'mmf', 'amtAccepted': 4000000}, {'counterpartyType': 'pd', 'amtAccepted': 0}]"
RP 102720 2,2020-10-27,Reverse Repo,,0,"[{'counterpartyType': 'bank', 'amtAccepted': 0}, {'counterpartyType': 'gse', 'amtAccepted': 0}, {'counterpartyType': 'mmf', 'amtAccepted': 0}, {'counterpartyType': 'pd', 'amtAccepted': 0}]"
RP 102620 1,2020-10-26,Reverse Repo,,1000000,"[{'counterpartyType': 'bank', 'amtAccepted': 0}, {'counterpartyType': 'gse', 'amtAccepted': 1000000}, {'counterpartyType': 'mmf', 'amtAccepted': 0}, {'counterpartyType': 'pd', 'amtAccepted': 0}]"
RP 102320 1,2020-10-23,Reverse Repo,,0,"[{'counterpartyType': 'bank', 'amtAccepted': 0}, {'counterpartyType': 'gse', 'amtAccepted': 0}, {'counterpartyType': 'mmf', 'amtAccepted': 0}, {'counterpartyType': 'pd', 'amtAccepted': 0}]"
RP 102220 1,2020-10-22,Reverse Repo,,1000000,"[{'counterpartyType': 'bank', 'amtAccepted': 0}, {'counterpartyType': 'gse', 'amtAccepted': 1000000}, {'counterpartyType': 'mmf', 'amtAccepted': 0}, {'counterpartyType': 'pd', 'amtAccepted': 0}]"
RP 102120 1,2020-10-21,Reverse Repo,,0,"[{'counterpartyType': 'bank', 'amtAccepted': 0}, {'counterpartyType': 'gse', 'amtAccepted': 0}, {'counterpartyType': 'mmf', 'amtAccepted': 0}, {'counterpartyType': 'pd', 'amtAccepted': 0}]"
RP 102020 2,2020-10-20,Reverse Repo,,7000000,"[{'counterpartyType': 'bank', 'amtAccepted': 0}, {'counterpartyType': 'gse', 'amtAccepted': 5000000}, {'counterpartyType': 'mmf', 'amtAccepted': 2000000}, {'counterpartyType': 'pd', 'amtAccepted': 0}]"
RP 101920 1,2020-10-19,Reverse Repo,,4000000,"[{'counterpartyType': 'bank', 'amtAccepted': 1000000}, {'counterpartyType': 'gse', 'amtAccepted': 0}, {'counterpartyType': 'mmf', 'amtAccepted': 3000000}, {'counterpartyType': 'pd', 'amtAccepted': 0}]"
RP 101620 1,2020-10-16,Reverse Repo,,2000000,"[{'counterpartyType': 'bank', 'amtAccepted': 1000000}, {'counterpartyType': 'gse', 'amtAccepted': 0}, {'counterpartyType': 'mmf', 'amtAccepted': 1000000}, {'counterpartyType': 'pd', 'amtAccepted': 0}]"
RP 101520 1,2020-10-15,Reverse Repo,,1000000,"[{'counterpartyType': 'bank', 'amtAccepted': 1000000}, {'counterpartyType': 'gse', 'amtAccepted': 0}, {'counterpartyType': 'mmf', 'amtAccepted': 0}, {'counterpartyType': 'pd', 'amtAccepted': 0}]"
RP 101420 1,2020-10-14,Reverse Repo,,0,"[{'counterpartyType': 'bank', 'amtAccepted': 0}, {'counterpartyType': 'gse', 'amtAccepted': 0}, {'counterpartyType': 'mmf', 'amtAccepted': 0}, {'counterpartyType': 'pd', 'amtAccepted': 0}]"
RP 101320 2,2020-10-13,Reverse Repo,,0,"[{'counterpartyType': 'bank', 'amtAccepted': 0}, {'counterpartyType': 'gse', 'amtAccepted': 0}, {'counterpartyType': 'mmf', 'amtAccepted': 0}, {'counterpartyType': 'pd', 'amtAccepted': 0}]"
RP 100920 1,2020-10-09,Reverse Repo,,0,"[{'counterpartyType': 'bank', 'amtAccepted': 0}, {'counterpartyType': 'gse', 'amtAccepted': 0}, {'counterpartyType': 'mmf', 'amtAccepted': 0}, {'counterpartyType': 'pd', 'amtAccepted': 0}]"
RP 100820 1,2020-10-08,Reverse Repo,,212000000,"[{'counterpartyType': 'bank', 'amtAccepted': 1000000}, {'counterpartyType': 'gse', 'amtAccepted': 0}, {'counterpartyType': 'mmf', 'amtAccepted': 211000000}, {'counterpartyType': 'pd', 'amtAccepted': 0}]"
RP 100720 1,2020-10-07,Reverse Repo,,11000000,"[{'counterpartyType': 'bank', 'amtAccepted': 0}, {'counterpartyType': 'gse', 'amtAccepted': 0}, {'counterpartyType': 'mmf', 'amtAccepted': 11000000}, {'counterpartyType': 'pd', 'amtAccepted': 0}]"
RP 100620 2,2020-10-06,Reverse Repo,,0,"[{'counterpartyType': 'bank', 'amtAccepted': 0}, {'counterpartyType': 'gse', 'amtAccepted': 0}, {'counterpartyType': 'mmf', 'amtAccepted': 0}, {'counterpartyType': 'pd', 'amtAccepted': 0}]"
RP 100520 1,2020-10-05,Reverse Repo,,0,"[{'counterpartyType': 'bank', 'amtAccepted': 0}, {'counterpartyType': 'gse', 'amtAccepted': 0}, {'counterpartyType': 'mmf', 'amtAccepted': 0}, {'counterpartyType': 'pd', 'amtAccepted': 0}]"
RP 100220 1,2020-10-02,Reverse Repo,,0,"[{'counterpartyType': 'bank', 'amtAccepted': 0}, {'counterpartyType': 'gse', 'amtAccepted': 0}, {'counterpartyType': 'mmf', 'amtAccepted': 0}, {'counterpartyType': 'pd', 'amtAccepted': 0}]"
RP 100120 1,2020-10-01,Reverse Repo,,1000000,"[{'counterpartyType': 'bank', 'amtAccepted': 1000000}, {'counterpartyType': 'gse', 'amtAccepted': 0}, {'counterpartyType': 'mmf', 'amtAccepted': 0}, {'counterpartyType': 'pd', 'amtAccepted': 0}]"
RP 093020 1,2020-09-30,Reverse Repo,,850000000,"[{'counterpartyType': 'bank', 'amtAccepted': 0}, {'counterpartyType': 'gse', 'amtAccepted': 0}, {'counterpartyType': 'mmf', 'amtAccepted': 850000000}, {'counterpartyType': 'pd', 'amtAccepted': 0}]"
RP 092920 2,2020-09-29,Reverse Repo,,1301000000,"[{'counterpartyType': 'bank', 'amtAccepted': 0}, {'counterpartyType': 'gse', 'amtAccepted': 1000000}, {'counterpartyType': 'mmf', 'amtAccepted': 1300000000}, {'counterpartyType': 'pd', 'amtAccepted': 0}]"
RP 092820 1,2020-09-28,Reverse Repo,,0,"[{'counterpartyType': 'bank', 'amtAccepted': 0}, {'counterpartyType': 'gse', 'amtAccepted': 0}, {'counterpartyType': 'mmf', 'amtAccepted': 0}, {'counterpartyType': 'pd', 'amtAccepted': 0}]"
RP 092520 1,2020-09-25,Reverse Repo,,0,"[{'counterpartyType': 'bank', 'amtAccepted': 0}, {'counterpartyType': 'gse', 'amtAccepted': 0}, {'counterpartyType': 'mmf', 'amtAccepted': 0}, {'counterpartyType': 'pd', 'amtAccepted': 0}]"
RP 092420 1,2020-09-24,Reverse Repo,,4000000,"[{'counterpartyType': 'bank', 'amtAccepted': 0}, {'counterpartyType': 'gse', 'amtAccepted': 0}, {'counterpartyType': 'mmf', 'amtAccepted': 4000000}, {'counterpartyType': 'pd', 'amtAccepted': 0}]"
RP 092320 1,2020-09-23,Reverse Repo,,1000000,"[{'counterpartyType': 'bank', 'amtAccepted': 1000000}, {'counterpartyType': 'gse', 'amtAccepted': 0}, {'counterpartyType': 'mmf', 'amtAccepted': 0}, {'counterpartyType': 'pd', 'amtAccepted': 0}]"
RP 092220 2,2020-09-22,Reverse Repo,,0,"[{'counterpartyType': 'bank', 'amtAccepted': 0}, {'counterpartyType': 'gse', 'amtAccepted': 0}, {'counterpartyType': 'mmf', 'amtAccepted': 0}, {'counterpartyType': 'pd', 'amtAccepted': 0}]"
RP 092120 1,2020-09-21,Reverse Repo,,54000000,"[{'counterpartyType': 'bank', 'amtAccepted': 1000000}, {'counterpartyType': 'gse', 'amtAccepted': 50000000}, {'counterpartyType': 'mmf', 'amtAccepted': 3000000}, {'counterpartyType': 'pd', 'amtAccepted': 0}]"
RP 091820 1,2020-09-18,Reverse Repo,,0,"[{'counterpartyType': 'bank', 'amtAccepted': 0}, {'counterpartyType': 'gse', 'amtAccepted': 0}, {'counterpartyType': 'mmf', 'amtAccepted': 0}, {'counterpartyType': 'pd', 'amtAccepted': 0}]"
RP 091720 1,2020-09-17,Reverse Repo,,1000000,"[{'counterpartyType': 'bank', 'amtAccepted': 1000000}, {'counterpartyType': 'gse', 'amtAccepted': 0}, {'counterpartyType': 'mmf', 'amtAccepted': 0}, {'counterpartyType': 'pd', 'amtAccepted': 0}]"
RP 091620 1,2020-09-16,Reverse Repo,,55000000,"[{'counterpartyType': 'bank', 'amtAccepted': 50000000}, {'counterpartyType': 'gse', 'amtAccepted': 0}, {'counterpartyType': 'mmf', 'amtAccepted': 5000000}, {'counterpartyType': 'pd', 'amtAccepted': 0}]"
RP 091520 2,2020-09-15,Reverse Repo,,2000000,"[{'counterpartyType': 'bank', 'amtAccepted': 0}, {'counterpartyType': 'gse', 'amtAccepted': 1000000}, {'counterpartyType': 'mmf', 'amtAccepted': 1000000}, {'counterpartyType': 'pd', 'amtAccepted': 0}]"
RP 091420 1,2020-09-14,Reverse Repo,,1000000,"[{'counterpartyType': 'bank', 'amtAccepted': 1000000}, {'counterpartyType': 'gse', 'amtAccepted': 0}, {'counterpartyType': 'mmf', 'amtAccepted': 0}, {'counterpartyType': 'pd', 'amtAccepted': 0}]"
RP 091120 1,2020-09-11,Reverse Repo,,0,"[{'counterpartyType': 'bank', 'amtAccepted': 0}, {'counterpartyType': 'gse', 'amtAccepted': 0}, {'counterpartyType': 'mmf', 'amtAccepted': 0}, {'counterpartyType': 'pd', 'amtAccepted': 0}]"
RP 091020 1,2020-09-10,Reverse Repo,,10000000,"[{'counterpartyType': 'bank', 'amtAccepted': 0}, {'counterpartyType': 'gse', 'amtAccepted': 10000000}, {'counterpartyType': 'mmf', 'amtAccepted': 0}, {'counterpartyType': 'pd', 'amtAccepted': 0}]"
RP 090920 1,2020-09-09,Reverse Repo,,1000000,"[{'counterpartyType': 'bank', 'amtAccepted': 0}, {'counterpartyType': 'gse', 'amtAccepted': 1000000}, {'counterpartyType': 'mmf', 'amtAccepted': 0}, {'counterpartyType': 'pd', 'amtAccepted': 0}]"
RP 090820 2,2020-09-08,Reverse Repo,,0,"[{'counterpartyType': 'bank', 'amtAccepted': 0}, {'counterpartyType': 'gse', 'amtAccepted': 0}, {'counterpartyType': 'mmf', 'amtAccepted': 0}, {'counterpartyType': 'pd', 'amtAccepted': 0}]"
RP 090420 2,2020-09-04,Reverse Repo,,0,"[{'counterpartyType': 'bank', 'amtAccepted': 0}, {'counterpartyType': 'gse', 'amtAccepted': 0}, {'counterpartyType': 'mmf', 'amtAccepted': 0}, {'counterpartyType': 'pd', 'amtAccepted': 0}]"
RP 090320 1,2020-09-03,Reverse Repo,,0,"[{'counterpartyType': 'bank', 'amtAccepted': 0}, {'counterpartyType': 'gse', 'amtAccepted': 0}, {'counterpartyType': 'mmf', 'amtAccepted': 0}, {'counterpartyType': 'pd', 'amtAccepted': 0}]"
RP 090220 1,2020-09-02,Reverse Repo,,14000000,"[{'counterpartyType': 'bank', 'amtAccepted': 0}, {'counterpartyType': 'gse', 'amtAccepted': 10000000}, {'counterpartyType': 'mmf', 'amtAccepted': 4000000}, {'counterpartyType': 'pd', 'amtAccepted': 0}]"
RP 090120 2,2020-09-01,Reverse Repo,,8000000,"[{'counterpartyType': 'bank', 'amtAccepted': 2000000}, {'counterpartyType': 'gse', 'amtAccepted': 0}, {'counterpartyType': 'mmf', 'amtAccepted': 6000000}, {'counterpartyType': 'pd', 'amtAccepted': 0}]"
RP 083120 1,2020-08-31,Reverse Repo,,11000000,"[{'counterpartyType': 'bank', 'amtAccepted': 0}, {'counterpartyType': 'gse', 'amtAccepted': 10000000}, {'counterpartyType': 'mmf', 'amtAccepted': 1000000}, {'counterpartyType': 'pd', 'amtAccepted': 0}]"
RP 082820 1,2020-08-28,Reverse Repo,,0,"[{'counterpartyType': 'bank', 'amtAccepted': 0}, {'counterpartyType': 'gse', 'amtAccepted': 0}, {'counterpartyType': 'mmf', 'amtAccepted': 0}, {'counterpartyType': 'pd', 'amtAccepted': 0}]"
RP 082720 1,2020-08-27,Reverse Repo,,2000000,"[{'counterpartyType': 'bank', 'amtAccepted': 1000000}, {'counterpartyType': 'gse', 'amtAccepted': 1000000}, {'counterpartyType': 'mmf', 'amtAccepted': 0}, {'counterpartyType': 'pd', 'amtAccepted': 0}]"
RP 082620 1,2020-08-26,Reverse Repo,,9000000,"[{'counterpartyType': 'bank', 'amtAccepted': 1000000}, {'counterpartyType': 'gse', 'amtAccepted': 0}, {'counterpartyType': 'mmf', 'amtAccepted': 8000000}, {'counterpartyType': 'pd', 'amtAccepted': 0}]"
RP 082520 2,2020-08-25,Reverse Repo,,12000000,"[{'counterpartyType': 'bank', 'amtAccepted': 2000000}, {'counterpartyType': 'gse', 'amtAccepted': 10000000}, {'counterpartyType': 'mmf', 'amtAccepted': 0}, {'counterpartyType': 'pd', 'amtAccepted': 0}]"
RP 082420 1,2020-08-24,Reverse Repo,,0,"[{'counterpartyType': 'bank', 'amtAccepted': 0}, {'counterpartyType': 'gse', 'amtAccepted': 0}, {'counterpartyType': 'mmf', 'amtAccepted': 0}, {'counterpartyType': 'pd', 'amtAccepted': 0}]"
RP 082120 1,2020-08-21,Reverse Repo,,0,"[{'counterpartyType': 'bank', 'amtAccepted': 0}, {'counterpartyType': 'gse', 'amtAccepted': 0}, {'counterpartyType': 'mmf', 'amtAccepted': 0}, {'counterpartyType': 'pd', 'amtAccepted': 0}]"
RP 082020 1,2020-08-20,Reverse Repo,,150000000,"[{'counterpartyType': 'bank', 'amtAccepted': 0}, {'counterpartyType': 'gse', 'amtAccepted': 0}, {'counterpartyType': 'mmf', 'amtAccepted': 150000000}, {'counterpartyType': 'pd', 'amtAccepted': 0}]"
RP 081920 1,2020-08-19,Reverse Repo,,112000000,"[{'counterpartyType': 'bank', 'amtAccepted': 0}, {'counterpartyType': 'gse', 'amtAccepted': 0}, {'counterpartyType': 'mmf', 'amtAccepted': 112000000}, {'counterpartyType': 'pd', 'amtAccepted': 0}]"
RP 081820 2,2020-08-18,Reverse Repo,,2000000,"[{'counterpartyType': 'bank', 'amtAccepted': 0}, {'counterpartyType': 'gse', 'amtAccepted': 1000000}, {'counterpartyType': 'mmf', 'amtAccepted': 1000000}, {'counterpartyType': 'pd', 'amtAccepted': 0}]"
RP 081720 1,2020-08-17,Reverse Repo,,54000000,"[{'counterpartyType': 'bank', 'amtAccepted': 51000000}, {'counterpartyType': 'gse', 'amtAccepted': 0}, {'counterpartyType': 'mmf', 'amtAccepted': 3000000}, {'counterpartyType': 'pd', 'amtAccepted': 0}]"
RP 081420 1,2020-08-14,Reverse Repo,,1000000,"[{'counterpartyType': 'bank', 'amtAccepted': 0}, {'counterpartyType': 'gse', 'amtAccepted': 1000000}, {'counterpartyType': 'mmf', 'amtAccepted': 0}, {'counterpartyType': 'pd', 'amtAccepted': 0}]"
RP 081320 1,2020-08-13,Reverse Repo,,126000000,"[{'counterpartyType': 'bank', 'amtAccepted': 5000000}, {'counterpartyType': 'gse', 'amtAccepted': 100000000}, {'counterpartyType': 'mmf', 'amtAccepted': 21000000}, {'counterpartyType': 'pd', 'amtAccepted': 0}]"
RP 081220 1,2020-08-12,Reverse Repo,,103000000,"[{'counterpartyType': 'bank', 'amtAccepted': 0}, {'counterpartyType': 'gse', 'amtAccepted': 100000000}, {'counterpartyType': 'mmf', 'amtAccepted': 3000000}, {'counterpartyType': 'pd', 'amtAccepted': 0}]"
RP 081120 2,2020-08-11,Reverse Repo,,0,"[{'counterpartyType': 'bank', 'amtAccepted': 0}, {'counterpartyType': 'gse', 'amtAccepted': 0}, {'counterpartyType': 'mmf', 'amtAccepted': 0}, {'counterpartyType': 'pd', 'amtAccepted': 0}]"
RP 081020 1,2020-08-10,Reverse Repo,,8000000,"[{'counterpartyType': 'bank', 'amtAccepted': 0}, {'counterpartyType': 'gse', 'amtAccepted': 0}, {'counterpartyType': 'mmf', 'amtAccepted': 8000000}, {'counterpartyType': 'pd', 'amtAccepted': 0}]"
RP 080720 1,2020-08-07,Reverse Repo,,0,"[{'counterpartyType': 'bank', 'amtAccepted': 0}, {'counterpartyType': 'gse', 'amtAccepted': 0}, {'counterpartyType': 'mmf', 'amtAccepted': 0}, {'counterpartyType': 'pd', 'amtAccepted': 0}]"
RP 080620 1,2020-08-06,Reverse Repo,,0,"[{'counterpartyType': 'bank', 'amtAccepted': 0}, {'counterpartyType': 'gse', 'amtAccepted': 0}, {'counterpartyType': 'mmf', 'amtAccepted': 0}, {'counterpartyType': 'pd', 'amtAccepted': 0}]"
RP 080520 1,2020-08-05,Reverse Repo,,0,"[{'counterpartyType': 'bank', 'amtAccepted': 0}, {'counterpartyType': 'gse', 'amtAccepted': 0}, {'counterpartyType': 'mmf', 'amtAccepted': 0}, {'counterpartyType': 'pd', 'amtAccepted': 0}]"
RP 080420 2,2020-08-04,Reverse Repo,,5000000,"[{'counterpartyType': 'bank', 'amtAccepted': 0}, {'counterpartyType': 'gse', 'amtAccepted': 5000000}, {'counterpartyType': 'mmf', 'amtAccepted': 0}, {'counterpartyType': 'pd', 'amtAccepted': 0}]"
RP 080320 1,2020-08-03,Reverse Repo,,0,"[{'counterpartyType': 'bank', 'amtAccepted': 0}, {'counterpartyType': 'gse', 'amtAccepted': 0}, {'counterpartyType': 'mmf', 'amtAccepted': 0}, {'counterpartyType': 'pd', 'amtAccepted': 0}]"
RP 073120 1,2020-07-31,Reverse Repo,,150000000,"[{'counterpartyType': 'bank', 'amtAccepted': 0}, {'counterpartyType': 'gse', 'amtAccepted': 0}, {'counterpartyType': 'mmf', 'amtAccepted': 150000000}, {'counterpartyType': 'pd', 'amtAccepted': 0}]"
RP 073020 1,2020-07-30,Reverse Repo,,307000000,"[{'counterpartyType': 'bank', 'amtAccepted': 1000000}, {'counterpartyType': 'gse', 'amtAccepted': 0}, {'counterpartyType': 'mmf', 'amtAccepted': 306000000}, {'counterpartyType': 'pd', 'amtAccepted': 0}]"
RP 072920 1,2020-07-29,Reverse Repo,,1000000,"[{'counterpartyType': 'bank', 'amtAccepted': 0}, {'counterpartyType': 'gse', 'amtAccepted': 0}, {'counterpartyType': 'mmf', 'amtAccepted': 1000000}, {'counterpartyType': 'pd', 'amtAccepted': 0}]"
RP 072820 2,2020-07-28,Reverse Repo,,0,"[{'counterpartyType': 'bank', 'amtAccepted': 0}, {'counterpartyType': 'gse', 'amtAccepted': 0}, {'counterpartyType': 'mmf', 'amtAccepted': 0}, {'counterpartyType': 'pd', 'amtAccepted': 0}]"
RP 072720 1,2020-07-27,Reverse Repo,,0,"[{'counterpartyType': 'bank', 'amtAccepted': 0}, {'counterpartyType': 'gse', 'amtAccepted': 0}, {'counterpartyType': 'mmf', 'amtAccepted': 0}, {'counterpartyType': 'pd', 'amtAccepted': 0}]"
RP 072420 1,2020-07-24,Reverse Repo,,0,"[{'counterpartyType': 'bank', 'amtAccepted': 0}, {'counterpartyType': 'gse', 'amtAccepted': 0}, {'counterpartyType': 'mmf', 'amtAccepted': 0}, {'counterpartyType': 'pd', 'amtAccepted': 0}]"
RP 072320 1,2020-07-23,Reverse Repo,,0,"[{'counterpartyType': 'bank', 'amtAccepted': 0}, {'counterpartyType': 'gse', 'amtAccepted': 0}, {'counterpartyType': 'mmf', 'amtAccepted': 0}, {'counterpartyType': 'pd', 'amtAccepted': 0}]"
RP 072220 1,2020-07-22,Reverse Repo,,0,"[{'counterpartyType': 'bank', 'amtAccepted': 0}, {'counterpartyType': 'gse', 'amtAccepted': 0}, {'counterpartyType': 'mmf', 'amtAccepted': 0}, {'counterpartyType': 'pd', 'amtAccepted': 0}]"
RP 072120 2,2020-07-21,Reverse Repo,,0,"[{'counterpartyType': 'bank', 'amtAccepted': 0}, {'counterpartyType': 'gse', 'amtAccepted': 0}, {'counterpartyType': 'mmf', 'amtAccepted': 0}, {'counterpartyType': 'pd', 'amtAccepted': 0}]"
RP 072020 1,2020-07-20,Reverse Repo,,3000000,"[{'counterpartyType': 'bank', 'amtAccepted': 0}, {'counterpartyType': 'gse', 'amtAccepted': 0}, {'counterpartyType': 'mmf', 'amtAccepted': 3000000}, {'counterpartyType': 'pd', 'amtAccepted': 0}]"
RP 071720 1,2020-07-17,Reverse Repo,,0,"[{'counterpartyType': 'bank', 'amtAccepted': 0}, {'counterpartyType': 'gse', 'amtAccepted': 0}, {'counterpartyType': 'mmf', 'amtAccepted': 0}, {'counterpartyType': 'pd', 'amtAccepted': 0}]"
RP 071620 1,2020-07-16,Reverse Repo,,1000000,"[{'counterpartyType': 'bank', 'amtAccepted': 0}, {'counterpartyType': 'gse', 'amtAccepted': 1000000}, {'counterpartyType': 'mmf', 'amtAccepted': 0}, {'counterpartyType': 'pd', 'amtAccepted': 0}]"
RP 071520 1,2020-07-15,Reverse Repo,,1000000,"[{'counterpartyType': 'bank', 'amtAccepted': 1000000}, {'counterpartyType': 'gse', 'amtAccepted': 0}, {'counterpartyType': 'mmf', 'amtAccepted': 0}, {'counterpartyType': 'pd', 'amtAccepted': 0}]"
RP 071420 2,2020-07-14,Reverse Repo,,1000000,"[{'counterpartyType': 'bank', 'amtAccepted': 1000000}, {'counterpartyType': 'gse', 'amtAccepted': 0}, {'counterpartyType': 'mmf', 'amtAccepted': 0}, {'counterpartyType': 'pd', 'amtAccepted': 0}]"
RP 071320 1,2020-07-13,Reverse Repo,,1000000,"[{'counterpartyType': 'bank', 'amtAccepted': 0}, {'counterpartyType': 'gse', 'amtAccepted': 0}, {'counterpartyType': 'mmf', 'amtAccepted': 1000000}, {'counterpartyType': 'pd', 'amtAccepted': 0}]"
RP 071020 1,2020-07-10,Reverse Repo,,0,"[{'counterpartyType': 'bank', 'amtAccepted': 0}, {'counterpartyType': 'gse', 'amtAccepted': 0}, {'counterpartyType': 'mmf', 'amtAccepted': 0}, {'counterpartyType': 'pd', 'amtAccepted': 0}]"
RP 070920 1,2020-07-09,Reverse Repo,,0,"[{'counterpartyType': 'bank', 'amtAccepted': 0}, {'counterpartyType': 'gse', 'amtAccepted': 0}, {'counterpartyType': 'mmf', 'amtAccepted': 0}, {'counterpartyType': 'pd', 'amtAccepted': 0}]"
RP 070820 1,2020-07-08,Reverse Repo,,1000000,"[{'counterpartyType': 'bank', 'amtAccepted': 0}, {'counterpartyType': 'gse', 'amtAccepted': 0}, {'counterpartyType': 'mmf', 'amtAccepted': 1000000}, {'counterpartyType': 'pd', 'amtAccepted': 0}]"
RP 070720 2,2020-07-07,Reverse Repo,,3000000,"[{'counterpartyType': 'bank', 'amtAccepted': 0}, {'counterpartyType': 'gse', 'amtAccepted': 0}, {'counterpartyType': 'mmf', 'amtAccepted': 3000000}, {'counterpartyType': 'pd', 'amtAccepted': 0}]"
RP 070620 1,2020-07-06,Reverse Repo,,0,"[{'counterpartyType': 'bank', 'amtAccepted': 0}, {'counterpartyType': 'gse', 'amtAccepted': 0}, {'counterpartyType': 'mmf', 'amtAccepted': 0}, {'counterpartyType': 'pd', 'amtAccepted': 0}]"
RP 070220 1,2020-07-02,Reverse Repo,,0,
RP 070120 1,2020-07-01,Reverse Repo,,2000000,"[{'counterpartyType': 'bank', 'amtAccepted': 0}, {'counterpartyType': 'gse', 'amtAccepted': 0}, {'counterpartyType': 'mmf', 'amtAccepted': 2000000}, {'counterpartyType': 'pd', 'amtAccepted': 0}]"
RP 063020 2,2020-06-30,Reverse Repo,,950000000,"[{'counterpartyType': 'bank', 'amtAccepted': 0}, {'counterpartyType': 'gse', 'amtAccepted': 0}, {'counterpartyType': 'mmf', 'amtAccepted': 950000000}, {'counterpartyType': 'pd', 'amtAccepted': 0}]"
RP 062920 1,2020-06-29,Reverse Repo,,250000000,"[{'counterpartyType': 'bank', 'amtAccepted': 0}, {'counterpartyType': 'gse', 'amtAccepted': 0}, {'counterpartyType': 'mmf', 'amtAccepted': 250000000}, {'counterpartyType': 'pd', 'amtAccepted': 0}]"
RP 062620 1,2020-06-26,Reverse Repo,,200000000,"[{'counterpartyType': 'bank', 'amtAccepted': 0}, {'counterpartyType': 'gse', 'amtAccepted': 0}, {'counterpartyType': 'mmf', 'amtAccepted': 200000000}, {'counterpartyType': 'pd', 'amtAccepted': 0}]"
RP 062520 1,2020-06-25,Reverse Repo,,1000000,"[{'counterpartyType': 'bank', 'amtAccepted': 1000000}, {'counterpartyType': 'gse', 'amtAccepted': 0}, {'counterpartyType': 'mmf', 'amtAccepted': 0}, {'counterpartyType': 'pd', 'amtAccepted': 0}]"
RP 062420 1,2020-06-24,Reverse Repo,,1000000,"[{'counterpartyType': 'bank', 'amtAccepted': 0}, {'counterpartyType': 'gse', 'amtAccepted': 0}, {'counterpartyType': 'mmf', 'amtAccepted': 1000000}, {'counterpartyType': 'pd', 'amtAccepted': 0}]"
RP 062320 2,2020-06-23,Reverse Repo,,11000000,"[{'counterpartyType': 'bank', 'amtAccepted': 1000000}, {'counterpartyType': 'gse', 'amtAccepted': 10000000}, {'counterpartyType': 'mmf', 'amtAccepted': 0}, {'counterpartyType': 'pd', 'amtAccepted': 0}]"
RP 062220 1,2020-06-22,Reverse Repo,,10000000,"[{'counterpartyType': 'bank', 'amtAccepted': 10000000}, {'counterpartyType': 'gse', 'amtAccepted': 0}, {'counterpartyType': 'mmf', 'amtAccepted': 0}, {'counterpartyType': 'pd', 'amtAccepted': 0}]"
RP 061920 2,2020-06-19,Reverse Repo,,1000000,"[{'counterpartyType': 'bank', 'amtAccepted': 1000000}, {'counterpartyType': 'gse', 'amtAccepted': 0}, {'counterpartyType': 'mmf', 'amtAccepted': 0}, {'counterpartyType': 'pd', 'amtAccepted': 0}]"
RP 061820 2,2020-06-18,Reverse Repo,,1000000,"[{'counterpartyType': 'bank', 'amtAccepted': 0}, {'counterpartyType': 'gse', 'amtAccepted': 1000000}, {'counterpartyType': 'mmf', 'amtAccepted': 0}, {'counterpartyType': 'pd', 'amtAccepted': 0}]"
RP 061720 2,2020-06-17,Reverse Repo,,1000000,"[{'counterpartyType': 'bank', 'amtAccepted': 0}, {'counterpartyType': 'gse', 'amtAccepted': 1000000}, {'counterpartyType': 'mmf', 'amtAccepted': 0}, {'counterpartyType': 'pd', 'amtAccepted': 0}]"
RP 061620 3,2020-06-16,Reverse Repo,,4000000000,"[{'counterpartyType': 'bank', 'amtAccepted': 0}, {'counterpartyType': 'gse', 'amtAccepted': 0}, {'counterpartyType': 'mmf', 'amtAccepted': 0}, {'counterpartyType': 'pd', 'amtAccepted': 4000000000}]"
RP 061520 2,2020-06-15,Reverse Repo,,3000000,"[{'counterpartyType': 'bank', 'amtAccepted': 0}, {'counterpartyType': 'gse', 'amtAccepted': 0}, {'counterpartyType': 'mmf', 'amtAccepted': 3000000}, {'counterpartyType': 'pd', 'amtAccepted': 0}]"
RP 061220 2,2020-06-12,Reverse Repo,,0,"[{'counterpartyType': 'bank', 'amtAccepted': 0}, {'counterpartyType': 'gse', 'amtAccepted': 0}, {'counterpartyType': 'mmf', 'amtAccepted': 0}, {'counterpartyType': 'pd', 'amtAccepted': 0}]"
RP 061120 2,2020-06-11,Reverse Repo,,375000000,"[{'counterpartyType': 'bank', 'amtAccepted': 0}, {'counterpartyType': 'gse', 'amtAccepted': 0}, {'counterpartyType': 'mmf', 'amtAccepted': 375000000}, {'counterpartyType': 'pd', 'amtAccepted': 0}]"
RP 061020 2,2020-06-10,Reverse Repo,,12000000,"[{'counterpartyType': 'bank', 'amtAccepted': 0}, {'counterpartyType': 'gse', 'amtAccepted': 0}, {'counterpartyType': 'mmf', 'amtAccepted': 12000000}, {'counterpartyType': 'pd', 'amtAccepted': 0}]"
RP 060920 2,2020-06-09,Reverse Repo,,1252000000,"[{'counterpartyType': 'bank', 'amtAccepted': 0}, {'counterpartyType': 'gse', 'amtAccepted': 0}, {'counterpartyType': 'mmf', 'amtAccepted': 2000000}, {'counterpartyType': 'pd', 'amtAccepted': 1250000000}]"
RP 060820 3,2020-06-08,Reverse Repo,,0,"[{'counterpartyType': 'bank', 'amtAccepted': 0}, {'counterpartyType': 'gse', 'amtAccepted': 0}, {'counterpartyType': 'mmf', 'amtAccepted': 0}, {'counterpartyType': 'pd', 'amtAccepted': 0}]"
RP 060520 2,2020-06-05,Reverse Repo,,0,"[{'counterpartyType': 'bank', 'amtAccepted': 0}, {'counterpartyType': 'gse', 'amtAccepted': 0}, {'counterpartyType': 'mmf', 'amtAccepted': 0}, {'counterpartyType': 'pd', 'amtAccepted': 0}]"
RP 060420 2,2020-06-04,Reverse Repo,,0,"[{'counterpartyType': 'bank', 'amtAccepted': 0}, {'counterpartyType': 'gse', 'amtAccepted': 0}, {'counterpartyType': 'mmf', 'amtAccepted': 0}, {'counterpartyType': 'pd', 'amtAccepted': 0}]"
RP 060320 2,2020-06-03,Reverse Repo,,13000000,"[{'counterpartyType': 'bank', 'amtAccepted': 0}, {'counterpartyType': 'gse', 'amtAccepted': 0}, {'counterpartyType': 'mmf', 'amtAccepted': 13000000}, {'counterpartyType': 'pd', 'amtAccepted': 0}]"
RP 060220 2,2020-06-02,Reverse Repo,,2013000000,"[{'counterpartyType': 'bank', 'amtAccepted': 0}, {'counterpartyType': 'gse', 'amtAccepted': 0}, {'counterpartyType': 'mmf', 'amtAccepted': 13000000}, {'counterpartyType': 'pd', 'amtAccepted': 2000000000}]"
RP 060120 3,2020-06-01,Reverse Repo,,0,"[{'counterpartyType': 'bank', 'amtAccepted': 0}, {'counterpartyType': 'gse', 'amtAccepted': 0}, {'counterpartyType': 'mmf', 'amtAccepted': 0}, {'counterpartyType': 'pd', 'amtAccepted': 0}]"
RP 052920 2,2020-05-29,Reverse Repo,,1325000000,"[{'counterpartyType': 'bank', 'amtAccepted': 0}, {'counterpartyType': 'gse', 'amtAccepted': 0}, {'counterpartyType': 'mmf', 'amtAccepted': 1325000000}, {'counterpartyType': 'pd', 'amtAccepted': 0}]"
RP 052820 2,2020-05-28,Reverse Repo,,0,"[{'counterpartyType': 'bank', 'amtAccepted': 0}, {'counterpartyType': 'gse', 'amtAccepted': 0}, {'counterpartyType': 'mmf', 'amtAccepted': 0}, {'counterpartyType': 'pd', 'amtAccepted': 0}]"
RP 052720 2,2020-05-27,Reverse Repo,,4326000000,"[{'counterpartyType': 'bank', 'amtAccepted': 1000000}, {'counterpartyType': 'gse', 'amtAccepted': 0}, {'counterpartyType': 'mmf', 'amtAccepted': 325000000}, {'counterpartyType': 'pd', 'amtAccepted': 4000000000}]"
RP 052620 3,2020-05-26,Reverse Repo,,1000000,"[{'counterpartyType': 'bank', 'amtAccepted': 1000000}, {'counterpartyType': 'gse', 'amtAccepted': 0}, {'counterpartyType': 'mmf', 'amtAccepted': 0}, {'counterpartyType': 'pd', 'amtAccepted': 0}]"
RP 052220 2,2020-05-22,Reverse Repo,,1000000,"[{'counterpartyType': 'bank', 'amtAccepted': 1000000}, {'counterpartyType': 'gse', 'amtAccepted': 0}, {'counterpartyType': 'mmf', 'amtAccepted': 0}, {'counterpartyType': 'pd', 'amtAccepted': 0}]"
RP 052120 2,2020-05-21,Reverse Repo,,3000000,"[{'counterpartyType': 'bank', 'amtAccepted': 0}, {'counterpartyType': 'gse', 'amtAccepted': 0}, {'counterpartyType': 'mmf', 'amtAccepted': 3000000}, {'counterpartyType': 'pd', 'amtAccepted': 0}]"
RP 052020 2,2020-05-20,Reverse Repo,,9726000000,"[{'counterpartyType': 'bank', 'amtAccepted': 0}, {'counterpartyType': 'gse', 'amtAccepted': 1000000}, {'counterpartyType': 'mmf', 'amtAccepted': 3225000000}, {'counterpartyType': 'pd', 'amtAccepted': 6500000000}]"
RP 051920 2,2020-05-19,Reverse Repo,,90000000,"[{'counterpartyType': 'bank', 'amtAccepted': 0}, {'counterpartyType': 'gse', 'amtAccepted': 0}, {'counterpartyType': 'mmf', 'amtAccepted': 90000000}, {'counterpartyType': 'pd', 'amtAccepted': 0}]"
RP 051820 3,2020-05-18,Reverse Repo,,578000000,"[{'counterpartyType': 'bank', 'amtAccepted': 0}, {'counterpartyType': 'gse', 'amtAccepted': 0}, {'counterpartyType': 'mmf', 'amtAccepted': 578000000}, {'counterpartyType': 'pd', 'amtAccepted': 0}]"
RP 051520 2,2020-05-15,Reverse Repo,,1150000000,"[{'counterpartyType': 'bank', 'amtAccepted': 0}, {'counterpartyType': 'gse', 'amtAccepted': 0}, {'counterpartyType': 'mmf', 'amtAccepted': 1150000000}, {'counterpartyType': 'pd', 'amtAccepted': 0}]"
RP 051420 2,2020-05-14,Reverse Repo,,133000000,"[{'counterpartyType': 'bank', 'amtAccepted': 0}, {'counterpartyType': 'gse', 'amtAccepted': 5000000}, {'counterpartyType': 'mmf', 'amtAccepted': 128000000}, {'counterpartyType': 'pd', 'amtAccepted': 0}]"
RP 051320 2,2020-05-13,Reverse Repo,,13825000000,"[{'counterpartyType': 'bank', 'amtAccepted': 0}, {'counterpartyType': 'gse', 'amtAccepted': 0}, {'counterpartyType': 'mmf', 'amtAccepted': 11525000000}, {'counterpartyType': 'pd', 'amtAccepted': 2300000000}]"
RP 051220 2,2020-05-12,Reverse Repo,,825000000,"[{'counterpartyType': 'bank', 'amtAccepted': 0}, {'counterpartyType': 'gse', 'amtAccepted': 100000000}, {'counterpartyType': 'mmf', 'amtAccepted': 725000000}, {'counterpartyType': 'pd', 'amtAccepted': 0}]"
RP 051120 3,2020-05-11,Reverse Repo,,123000000,"[{'counterpartyType': 'bank', 'amtAccepted': 0}, {'counterpartyType': 'gse', 'amtAccepted': 0}, {'counterpartyType': 'mmf', 'amtAccepted': 123000000}, {'counterpartyType': 'pd', 'amtAccepted': 0}]"
RP 050820 3,2020-05-08,Reverse Repo,,680000000,"[{'counterpartyType': 'bank', 'amtAccepted': 0}, {'counterpartyType': 'gse', 'amtAccepted': 0}, {'counterpartyType': 'mmf', 'amtAccepted': 680000000}, {'counterpartyType': 'pd', 'amtAccepted': 0}]"
RP 050720 2,2020-05-07,Reverse Repo,,982000000,"[{'counterpartyType': 'bank', 'amtAccepted': 0}, {'counterpartyType': 'gse', 'amtAccepted': 0}, {'counterpartyType': 'mmf', 'amtAccepted': 982000000}, {'counterpartyType': 'pd', 'amtAccepted': 0}]"
RP 050620 2,2020-05-06,Reverse Repo,,1175000000,"[{'counterpartyType': 'bank', 'amtAccepted': 0}, {'counterpartyType': 'gse', 'amtAccepted': 0}, {'counterpartyType': 'mmf', 'amtAccepted': 1175000000}, {'counterpartyType': 'pd', 'amtAccepted': 0}]"
RP 050520 2,2020-05-05,Reverse Repo,,1925000000,"[{'counterpartyType': 'bank', 'amtAccepted': 0}, {'counterpartyType': 'gse', 'amtAccepted': 0}, {'counterpartyType': 'mmf', 'amtAccepted': 1925000000}, {'counterpartyType': 'pd', 'amtAccepted': 0}]"
RP 050420 3,2020-05-04,Reverse Repo,,4850000000,"[{'counterpartyType': 'bank', 'amtAccepted': 0}, {'counterpartyType': 'gse', 'amtAccepted': 0}, {'counterpartyType': 'mmf', 'amtAccepted': 4850000000}, {'counterpartyType': 'pd', 'amtAccepted': 0}]"
RP 050120 2,2020-05-01,Reverse Repo,,251000000,"[{'counterpartyType': 'bank', 'amtAccepted': 1000000}, {'counterpartyType': 'gse', 'amtAccepted': 0}, {'counterpartyType': 'mmf', 'amtAccepted': 250000000}, {'counterpartyType': 'pd', 'amtAccepted': 0}]"
RP 043020 2,2020-04-30,Reverse Repo,,1775000000,"[{'counterpartyType': 'bank', 'amtAccepted': 0}, {'counterpartyType': 'gse', 'amtAccepted': 0}, {'counterpartyType': 'mmf', 'amtAccepted': 1775000000}, {'counterpartyType': 'pd', 'amtAccepted': 0}]"
RP 042920 2,2020-04-29,Reverse Repo,,1450000000,"[{'counterpartyType': 'bank', 'amtAccepted': 0}, {'counterpartyType': 'gse', 'amtAccepted': 0}, {'counterpartyType': 'mmf', 'amtAccepted': 1450000000}, {'counterpartyType': 'pd', 'amtAccepted': 0}]"
RP 042820 2,2020-04-28,Reverse Repo,,7131000000,"[{'counterpartyType': 'bank', 'amtAccepted': 0}, {'counterpartyType': 'gse', 'amtAccepted': 1000000}, {'counterpartyType': 'mmf', 'amtAccepted': 7130000000}, {'counterpartyType': 'pd', 'amtAccepted': 0}]"
RP 042720 3,2020-04-27,Reverse Repo,,16476000000,"[{'counterpartyType': 'bank', 'amtAccepted': 1000000}, {'counterpartyType': 'gse', 'amtAccepted': 0}, {'counterpartyType': 'mmf', 'amtAccepted': 13975000000}, {'counterpartyType': 'pd', 'amtAccepted': 2500000000}]"
RP 042420 3,2020-04-24,Reverse Repo,,1500000000,"[{'counterpartyType': 'bank', 'amtAccepted': 0}, {'counterpartyType': 'gse', 'amtAccepted': 0}, {'counterpartyType': 'mmf', 'amtAccepted': 1500000000}, {'counterpartyType': 'pd', 'amtAccepted': 0}]"
RP 042320 2,2020-04-23,Reverse Repo,,1450000000,"[{'counterpartyType': 'bank', 'amtAccepted': 0}, {'counterpartyType': 'gse', 'amtAccepted': 0}, {'counterpartyType': 'mmf', 'amtAccepted': 1450000000}, {'counterpartyType': 'pd', 'amtAccepted': 0}]"
RP 042220 2,2020-04-22,Reverse Repo,,10825000000,"[{'counterpartyType': 'bank', 'amtAccepted': 0}, {'counterpartyType': 'gse', 'amtAccepted': 0}, {'counterpartyType': 'mmf', 'amtAccepted': 10825000000}, {'counterpartyType': 'pd', 'amtAccepted': 0}]"
RP 042120 2,2020-04-21,Reverse Repo,,12528000000,"[{'counterpartyType': 'bank', 'amtAccepted': 1000000}, {'counterpartyType': 'gse', 'amtAccepted': 0}, {'counterpartyType': 'mmf', 'amtAccepted': 12527000000}, {'counterpartyType': 'pd', 'amtAccepted': 0}]"
RP 042020 3,2020-04-20,Reverse Repo,,31000000000,"[{'counterpartyType': 'bank', 'amtAccepted': 0}, {'counterpartyType': 'gse', 'amtAccepted': 0}, {'counterpartyType': 'mmf', 'amtAccepted': 26500000000}, {'counterpartyType': 'pd', 'amtAccepted': 4500000000}]"
RP 041720 3,2020-04-17,Reverse Repo,,1726000000,"[{'counterpartyType': 'bank', 'amtAccepted': 1000000}, {'counterpartyType': 'gse', 'amtAccepted': 0}, {'counterpartyType': 'mmf', 'amtAccepted': 1725000000}, {'counterpartyType': 'pd', 'amtAccepted': 0}]"
RP 041620 2,2020-04-16,Reverse Repo,,1525000000,"[{'counterpartyType': 'bank', 'amtAccepted': 0}, {'counterpartyType': 'gse', 'amtAccepted': 0}, {'counterpartyType': 'mmf', 'amtAccepted': 1525000000}, {'counterpartyType': 'pd', 'amtAccepted': 0}]"
RP 041520 2,2020-04-15,Reverse Repo,,3150000000,"[{'counterpartyType': 'bank', 'amtAccepted': 0}, {'counterpartyType': 'gse', 'amtAccepted': 0}, {'counterpartyType': 'mmf', 'amtAccepted': 3150000000}, {'counterpartyType': 'pd', 'amtAccepted': 0}]"
RP 041420 2,2020-04-14,Reverse Repo,,9900000000,"[{'counterpartyType': 'bank', 'amtAccepted': 0}, {'counterpartyType': 'gse', 'amtAccepted': 0}, {'counterpartyType': 'mmf', 'amtAccepted': 9900000000}, {'counterpartyType': 'pd', 'amtAccepted': 0}]"
RP 041320 3,2020-04-13,Reverse Repo,,6100000000,"[{'counterpartyType': 'bank', 'amtAccepted': 0}, {'counterpartyType': 'gse', 'amtAccepted': 0}, {'counterpartyType': 'mmf', 'amtAccepted': 6100000000}, {'counterpartyType': 'pd', 'amtAccepted': 0}]"
RP 040920 3,2020-04-09,Reverse Repo,,5525000000,
RP 040820 2,2020-04-08,Reverse Repo,,53483000000,"[{'counterpartyType': 'bank', 'amtAccepted': 0}, {'counterpartyType': 'gse', 'amtAccepted': 0}, {'counterpartyType': 'mmf', 'amtAccepted': 53483000000}, {'counterpartyType': 'pd', 'amtAccepted': 0}]"
RP 040720 2,2020-04-07,Reverse Repo,,88360000000,"[{'counterpartyType': 'bank', 'amtAccepted': 1000000}, {'counterpartyType': 'gse', 'amtAccepted': 0}, {'counterpartyType': 'mmf', 'amtAccepted': 88359000000}, {'counterpartyType': 'pd', 'amtAccepted': 0}]"
RP 040620 3,2020-04-06,Reverse Repo,,144294000000,"[{'counterpartyType': 'bank', 'amtAccepted': 1000000}, {'counterpartyType': 'gse', 'amtAccepted': 0}, {'counterpartyType': 'mmf', 'amtAccepted': 144293000000}, {'counterpartyType': 'pd', 'amtAccepted': 0}]"
RP 040320 3,2020-04-03,Reverse Repo,,148117000000,"[{'counterpartyType': 'bank', 'amtAccepted': 0}, {'counterpartyType': 'gse', 'amtAccepted': 0}, {'counterpartyType': 'mmf', 'amtAccepted': 148117000000}, {'counterpartyType': 'pd', 'amtAccepted': 0}]"
RP 040220 3,2020-04-02,Reverse Repo,,182627000000,"[{'counterpartyType': 'bank', 'amtAccepted': 0}, {'counterpartyType': 'gse', 'amtAccepted': 0}, {'counterpartyType': 'mmf', 'amtAccepted': 182627000000}, {'counterpartyType': 'pd', 'amtAccepted': 0}]"
RP 040120 2,2020-04-01,Reverse Repo,,207828000000,"[{'counterpartyType': 'bank', 'amtAccepted': 0}, {'counterpartyType': 'gse', 'amtAccepted': 0}, {'counterpartyType': 'mmf', 'amtAccepted': 207828000000}, {'counterpartyType': 'pd', 'amtAccepted': 0}]"
RP 033120 3,2020-03-31,Reverse Repo,,284908000000,"[{'counterpartyType': 'bank', 'amtAccepted': 0}, {'counterpartyType': 'gse', 'amtAccepted': 10000000}, {'counterpartyType': 'mmf', 'amtAccepted': 284898000000}, {'counterpartyType': 'pd', 'amtAccepted': 0}]"
RP 033020 3,2020-03-30,Reverse Repo,,237497000000,"[{'counterpartyType': 'bank', 'amtAccepted': 0}, {'counterpartyType': 'gse', 'amtAccepted': 0}, {'counterpartyType': 'mmf', 'amtAccepted': 231497000000}, {'counterpartyType': 'pd', 'amtAccepted': 6000000000}]"
RP 032720 5,2020-03-27,Reverse Repo,,210794000000,"[{'counterpartyType': 'bank', 'amtAccepted': 0}, {'counterpartyType': 'gse', 'amtAccepted': 0}, {'counterpartyType': 'mmf', 'amtAccepted': 206794000000}, {'counterpartyType': 'pd', 'amtAccepted': 4000000000}]"
RP 032620 3,2020-03-26,Reverse Repo,,138480000000,"[{'counterpartyType': 'bank', 'amtAccepted': 0}, {'counterpartyType': 'gse', 'amtAccepted': 1000000}, {'counterpartyType': 'mmf', 'amtAccepted': 138479000000}, {'counterpartyType': 'pd', 'amtAccepted': 0}]"
RP 032520 2,2020-03-25,Reverse Repo,,97411000000,"[{'counterpartyType': 'bank', 'amtAccepted': 0}, {'counterpartyType': 'gse', 'amtAccepted': 100000000}, {'counterpartyType': 'mmf', 'amtAccepted': 97311000000}, {'counterpartyType': 'pd', 'amtAccepted': 0}]"
RP 032420 3,2020-03-24,Reverse Repo,,41516000000,"[{'counterpartyType': 'bank', 'amtAccepted': 0}, {'counterpartyType': 'gse', 'amtAccepted': 1000000}, {'counterpartyType': 'mmf', 'amtAccepted': 41515000000}, {'counterpartyType': 'pd', 'amtAccepted': 0}]"
RP 032320 3,2020-03-23,Reverse Repo,,26944000000,"[{'counterpartyType': 'bank', 'amtAccepted': 0}, {'counterpartyType': 'gse', 'amtAccepted': 0}, {'counterpartyType': 'mmf', 'amtAccepted': 26944000000}, {'counterpartyType': 'pd', 'amtAccepted': 0}]"
RP 032020 3,2020-03-20,Reverse Repo,,12203000000,"[{'counterpartyType': 'bank', 'amtAccepted': 0}, {'counterpartyType': 'gse', 'amtAccepted': 0}, {'counterpartyType': 'mmf', 'amtAccepted': 12203000000}, {'counterpartyType': 'pd', 'amtAccepted': 0}]"
RP 031920 3,2020-03-19,Reverse Repo,,1195000000,"[{'counterpartyType': 'bank', 'amtAccepted': 0}, {'counterpartyType': 'gse', 'amtAccepted': 0}, {'counterpartyType': 'mmf', 'amtAccepted': 1195000000}, {'counterpartyType': 'pd', 'amtAccepted': 0}]"
RP 031820 2,2020-03-18,Reverse Repo,,477000000,"[{'counterpartyType': 'bank', 'amtAccepted': 1000000}, {'counterpartyType': 'gse', 'amtAccepted': 0}, {'counterpartyType': 'mmf', 'amtAccepted': 476000000}, {'counterpartyType': 'pd', 'amtAccepted': 0}]"
RP 031720 3,2020-03-17,Reverse Repo,,5700000000,"[{'counterpartyType': 'bank', 'amtAccepted': 0}, {'counterpartyType': 'gse', 'amtAccepted': 0}, {'counterpartyType': 'mmf', 'amtAccepted': 5700000000}, {'counterpartyType': 'pd', 'amtAccepted': 0}]"
RP 031620 3,2020-03-16,Reverse Repo,,1425000000,"[{'counterpartyType': 'bank', 'amtAccepted': 0}, {'counterpartyType': 'gse', 'amtAccepted': 0}, {'counterpartyType': 'mmf', 'amtAccepted': 1425000000}, {'counterpartyType': 'pd', 'amtAccepted': 0}]"
RP 031320 4,2020-03-13,Reverse Repo,,15100000000,"[{'counterpartyType': 'bank', 'amtAccepted': 0}, {'counterpartyType': 'gse', 'amtAccepted': 15100000000}, {'counterpartyType': 'mmf', 'amtAccepted': 0}, {'counterpartyType': 'pd', 'amtAccepted': 0}]"
RP 031220 5,2020-03-12,Reverse Repo,,21050000000,"[{'counterpartyType': 'bank', 'amtAccepted': 0}, {'counterpartyType': 'gse', 'amtAccepted': 19700000000}, {'counterpartyType': 'mmf', 'amtAccepted': 1350000000}, {'counterpartyType': 'pd', 'amtAccepted': 0}]"
RP 031120 2,2020-03-11,Reverse Repo,,1325000000,"[{'counterpartyType': 'bank', 'amtAccepted': 0}, {'counterpartyType': 'gse', 'amtAccepted': 0}, {'counterpartyType': 'mmf', 'amtAccepted': 1325000000}, {'counterpartyType': 'pd', 'amtAccepted': 0}]"
RP 031020 3,2020-03-10,Reverse Repo,,151000000,"[{'counterpartyType': 'bank', 'amtAccepted': 0}, {'counterpartyType': 'gse', 'amtAccepted': 1000000}, {'counterpartyType': 'mmf', 'amtAccepted': 150000000}, {'counterpartyType': 'pd', 'amtAccepted': 0}]"
RP 030920 2,2020-03-09,Reverse Repo,,2504000000,"[{'counterpartyType': 'bank', 'amtAccepted': 0}, {'counterpartyType': 'gse', 'amtAccepted': 0}, {'counterpartyType': 'mmf', 'amtAccepted': 2504000000}, {'counterpartyType': 'pd', 'amtAccepted': 0}]"
RP 030620 2,2020-03-06,Reverse Repo,,2930000000,"[{'counterpartyType': 'bank', 'amtAccepted': 0}, {'counterpartyType': 'gse', 'amtAccepted': 0}, {'counterpartyType': 'mmf', 'amtAccepted': 2930000000}, {'counterpartyType': 'pd', 'amtAccepted': 0}]"
RP 030520 4,2020-03-05,Reverse Repo,,850000000,"[{'counterpartyType': 'bank', 'amtAccepted': 0}, {'counterpartyType': 'gse', 'amtAccepted': 0}, {'counterpartyType': 'mmf', 'amtAccepted': 850000000}, {'counterpartyType': 'pd', 'amtAccepted': 0}]"
RP 030420 2,2020-03-04,Reverse Repo,,5025000000,"[{'counterpartyType': 'bank', 'amtAccepted': 0}, {'counterpartyType': 'gse', 'amtAccepted': 0}, {'counterpartyType': 'mmf', 'amtAccepted': 525000000}, {'counterpartyType': 'pd', 'amtAccepted': 4500000000}]"
RP 030320 3,2020-03-03,Reverse Repo,,627000000,"[{'counterpartyType': 'bank', 'amtAccepted': 0}, {'counterpartyType': 'gse', 'amtAccepted': 0}, {'counterpartyType': 'mmf', 'amtAccepted': 627000000}, {'counterpartyType': 'pd', 'amtAccepted': 0}]"
RP 030220 2,2020-03-02,Reverse Repo,,2525000000,"[{'counterpartyType': 'bank', 'amtAccepted': 0}, {'counterpartyType': 'gse', 'amtAccepted': 0}, {'counterpartyType': 'mmf', 'amtAccepted': 2525000000}, {'counterpartyType': 'pd', 'amtAccepted': 0}]"
RP 022820 2,2020-02-28,Reverse Repo,,2187000000,"[{'counterpartyType': 'bank', 'amtAccepted': 0}, {'counterpartyType': 'gse', 'amtAccepted': 0}, {'counterpartyType': 'mmf', 'amtAccepted': 2187000000}, {'counterpartyType': 'pd', 'amtAccepted': 0}]"
RP 022720 3,2020-02-27,Reverse Repo,,275000000,"[{'counterpartyType': 'bank', 'amtAccepted': 0}, {'counterpartyType': 'gse', 'amtAccepted': 0}, {'counterpartyType': 'mmf', 'amtAccepted': 275000000}, {'counterpartyType': 'pd', 'amtAccepted': 0}]"
RP 022620 2,2020-02-26,Reverse Repo,,2300000000,"[{'counterpartyType': 'bank', 'amtAccepted': 0}, {'counterpartyType': 'gse', 'amtAccepted': 0}, {'counterpartyType': 'mmf', 'amtAccepted': 300000000}, {'counterpartyType': 'pd', 'amtAccepted': 2000000000}]"
RP 022520 3,2020-02-25,Reverse Repo,,111000000,"[{'counterpartyType': 'bank', 'amtAccepted': 11000000}, {'counterpartyType': 'gse', 'amtAccepted': 0}, {'counterpartyType': 'mmf', 'amtAccepted': 100000000}, {'counterpartyType': 'pd', 'amtAccepted': 0}]"
RP 022420 2,2020-02-24,Reverse Repo,,592000000,"[{'counterpartyType': 'bank', 'amtAccepted': 1000000}, {'counterpartyType': 'gse', 'amtAccepted': 241000000}, {'counterpartyType': 'mmf', 'amtAccepted': 350000000}, {'counterpartyType': 'pd', 'amtAccepted': 0}]"
RP 022120 2,2020-02-21,Reverse Repo,,4532000000,"[{'counterpartyType': 'bank', 'amtAccepted': 0}, {'counterpartyType': 'gse', 'amtAccepted': 4350000000}, {'counterpartyType': 'mmf', 'amtAccepted': 182000000}, {'counterpartyType': 'pd', 'amtAccepted': 0}]"
RP 022020 3,2020-02-20,Reverse Repo,,3600000000,"[{'counterpartyType': 'bank', 'amtAccepted': 0}, {'counterpartyType': 'gse', 'amtAccepted': 3600000000}, {'counterpartyType': 'mmf', 'amtAccepted': 0}, {'counterpartyType': 'pd', 'amtAccepted': 0}]"
RP 021920 2,2020-02-19,Reverse Repo,,5054000000,"[{'counterpartyType': 'bank', 'amtAccepted': 0}, {'counterpartyType': 'gse', 'amtAccepted': 4450000000}, {'counterpartyType': 'mmf', 'amtAccepted': 604000000}, {'counterpartyType': 'pd', 'amtAccepted': 0}]"
RP 021920 99,2020-02-19,Reverse Repo,"See February 18, 2020 Statement Regarding Reverse Repurchase Agreement Small Value Exercise.The small value exercise results were updated at 2:00 PM ET on February 19, 2020.",95000000,"[{'counterpartyType': 'bank', 'amtAccepted': 7000000}, {'counterpartyType': 'gse', 'amtAccepted': 10000000}, {'counterpartyType': 'mmf', 'amtAccepted': 54000000}, {'counterpartyType': 'pd', 'amtAccepted': 24000000}]"
RP 021820 3,2020-02-18,Reverse Repo,,9454000000,"[{'counterpartyType': 'bank', 'amtAccepted': 0}, {'counterpartyType': 'gse', 'amtAccepted': 6900000000}, {'counterpartyType': 'mmf', 'amtAccepted': 554000000}, {'counterpartyType': 'pd', 'amtAccepted': 2000000000}]"
RP 021420 2,2020-02-14,Reverse Repo,,0,"[{'counterpartyType': 'bank', 'amtAccepted': 0}, {'counterpartyType': 'gse', 'amtAccepted': 0}, {'counterpartyType': 'mmf', 'amtAccepted': 0}, {'counterpartyType': 'pd', 'amtAccepted': 0}]"
RP 021320 3,2020-02-13,Reverse Repo,,450000000,"[{'counterpartyType': 'bank', 'amtAccepted': 0}, {'counterpartyType': 'gse', 'amtAccepted': 0}, {'counterpartyType': 'mmf', 'amtAccepted': 450000000}, {'counterpartyType': 'pd', 'amtAccepted': 0}]"
RP 021220 2,2020-02-12,Reverse Repo,,309000000,"[{'counterpartyType': 'bank', 'amtAccepted': 0}, {'counterpartyType': 'gse', 'amtAccepted': 0}, {'counterpartyType': 'mmf', 'amtAccepted': 309000000}, {'counterpartyType': 'pd', 'amtAccepted': 0}]"
RP 021120 3,2020-02-11,Reverse Repo,,228000000,"[{'counterpartyType': 'bank', 'amtAccepted': 0}, {'counterpartyType': 'gse', 'amtAccepted': 0}, {'counterpartyType': 'mmf', 'amtAccepted': 228000000}, {'counterpartyType': 'pd', 'amtAccepted': 0}]"
RP 021020 2,2020-02-10,Reverse Repo,,830000000,"[{'counterpartyType': 'bank', 'amtAccepted': 0}, {'counterpartyType': 'gse', 'amtAccepted': 5000000}, {'counterpartyType': 'mmf', 'amtAccepted': 825000000}, {'counterpartyType': 'pd', 'amtAccepted': 0}]"
RP 020720 2,2020-02-07,Reverse Repo,,1100000000,"[{'counterpartyType': 'bank', 'amtAccepted': 0}, {'counterpartyType': 'gse', 'amtAccepted': 0}, {'counterpartyType': 'mmf', 'amtAccepted': 1100000000}, {'counterpartyType': 'pd', 'amtAccepted': 0}]"
RP 020620 4,2020-02-06,Reverse Repo,,403000000,"[{'counterpartyType': 'bank', 'amtAccepted': 0}, {'counterpartyType': 'gse', 'amtAccepted': 0}, {'counterpartyType': 'mmf', 'amtAccepted': 403000000}, {'counterpartyType': 'pd', 'amtAccepted': 0}]"
RP 020520 2,2020-02-05,Reverse Repo,,4112000000,"[{'counterpartyType': 'bank', 'amtAccepted': 0}, {'counterpartyType': 'gse', 'amtAccepted': 0}, {'counterpartyType': 'mmf', 'amtAccepted': 512000000}, {'counterpartyType': 'pd', 'amtAccepted': 3600000000}]"
RP 020420 3,2020-02-04,Reverse Repo,,2112000000,"[{'counterpartyType': 'bank', 'amtAccepted': 0}, {'counterpartyType': 'gse', 'amtAccepted': 0}, {'counterpartyType': 'mmf', 'amtAccepted': 112000000}, {'counterpartyType': 'pd', 'amtAccepted': 2000000000}]"
RP 020320 2,2020-02-03,Reverse Repo,,6160000000,"[{'counterpartyType': 'bank', 'amtAccepted': 0}, {'counterpartyType': 'gse', 'amtAccepted': 0}, {'counterpartyType': 'mmf', 'amtAccepted': 6150000000}, {'counterpartyType': 'pd', 'amtAccepted': 10000000}]"
RP 013120 2,2020-01-31,Reverse Repo,,4500000000,"[{'counterpartyType': 'bank', 'amtAccepted': 0}, {'counterpartyType': 'gse', 'amtAccepted': 0}, {'counterpartyType': 'mmf', 'amtAccepted': 4500000000}, {'counterpartyType': 'pd', 'amtAccepted': 0}]"
RP 013020 3,2020-01-30,Reverse Repo,,4140000000,"[{'counterpartyType': 'bank', 'amtAccepted': 0}, {'counterpartyType': 'gse', 'amtAccepted': 0}, {'counterpartyType': 'mmf', 'amtAccepted': 4140000000}, {'counterpartyType': 'pd', 'amtAccepted': 0}]"
RP 012920 2,2020-01-29,Reverse Repo,,300000000,"[{'counterpartyType': 'bank', 'amtAccepted': 0}, {'counterpartyType': 'gse', 'amtAccepted': 0}, {'counterpartyType': 'mmf', 'amtAccepted': 300000000}, {'counterpartyType': 'pd', 'amtAccepted': 0}]"
RP 012820 3,2020-01-28,Reverse Repo,,2000000,"[{'counterpartyType': 'bank', 'amtAccepted': 2000000}, {'counterpartyType': 'gse', 'amtAccepted': 0}, {'counterpartyType': 'mmf', 'amtAccepted': 0}, {'counterpartyType': 'pd', 'amtAccepted': 0}]"
RP 012720 2,2020-01-27,Reverse Repo,,2000000,"[{'counterpartyType': 'bank', 'amtAccepted': 1000000}, {'counterpartyType': 'gse', 'amtAccepted': 1000000}, {'counterpartyType': 'mmf', 'amtAccepted': 0}, {'counterpartyType': 'pd', 'amtAccepted': 0}]"
RP 012420 2,2020-01-24,Reverse Repo,,0,"[{'counterpartyType': 'bank', 'amtAccepted': 0}, {'counterpartyType': 'gse', 'amtAccepted': 0}, {'counterpartyType': 'mmf', 'amtAccepted': 0}, {'counterpartyType': 'pd', 'amtAccepted': 0}]"
RP 012320 3,2020-01-23,Reverse Repo,,12904000000,"[{'counterpartyType': 'bank', 'amtAccepted': 0}, {'counterpartyType': 'gse', 'amtAccepted': 11901000000}, {'counterpartyType': 'mmf', 'amtAccepted': 1003000000}, {'counterpartyType': 'pd', 'amtAccepted': 0}]"
RP 012220 2,2020-01-22,Reverse Repo,,15604000000,"[{'counterpartyType': 'bank', 'amtAccepted': 0}, {'counterpartyType': 'gse', 'amtAccepted': 15600000000}, {'counterpartyType': 'mmf', 'amtAccepted': 4000000}, {'counterpartyType': 'pd', 'amtAccepted': 0}]"
RP 012120 3,2020-01-21,Reverse Repo,,13381000000,"[{'counterpartyType': 'bank', 'amtAccepted': 0}, {'counterpartyType': 'gse', 'amtAccepted': 13351000000}, {'counterpartyType': 'mmf', 'amtAccepted': 30000000}, {'counterpartyType': 'pd', 'amtAccepted': 0}]"
RP 011720 2,2020-01-17,Reverse Repo,,16150000000,"[{'counterpartyType': 'bank', 'amtAccepted': 0}, {'counterpartyType': 'gse', 'amtAccepted': 16150000000}, {'counterpartyType': 'mmf', 'amtAccepted': 0}, {'counterpartyType': 'pd', 'amtAccepted': 0}]"
RP 011620 3,2020-01-16,Reverse Repo,,300000000,"[{'counterpartyType': 'bank', 'amtAccepted': 0}, {'counterpartyType': 'gse', 'amtAccepted': 0}, {'counterpartyType': 'mmf', 'amtAccepted': 300000000}, {'counterpartyType': 'pd', 'amtAccepted': 0}]"
RP 011520 2,2020-01-15,Reverse Repo,,675000000,"[{'counterpartyType': 'bank', 'amtAccepted': 0}, {'counterpartyType': 'gse', 'amtAccepted': 0}, {'counterpartyType': 'mmf', 'amtAccepted': 675000000}, {'counterpartyType': 'pd', 'amtAccepted': 0}]"
RP 011420 3,2020-01-14,Reverse Repo,,656000000,"[{'counterpartyType': 'bank', 'amtAccepted': 0}, {'counterpartyType': 'gse', 'amtAccepted': 0}, {'counterpartyType': 'mmf', 'amtAccepted': 656000000}, {'counterpartyType': 'pd', 'amtAccepted': 0}]"
RP 011320 2,2020-01-13,Reverse Repo,,1000000000,"[{'counterpartyType': 'bank', 'amtAccepted': 0}, {'counterpartyType': 'gse', 'amtAccepted': 0}, {'counterpartyType': 'mmf', 'amtAccepted': 1000000000}, {'counterpartyType': 'pd', 'amtAccepted': 0}]"
RP 011020 2,2020-01-10,Reverse Repo,,627000000,"[{'counterpartyType': 'bank', 'amtAccepted': 1000000}, {'counterpartyType': 'gse', 'amtAccepted': 0}, {'counterpartyType': 'mmf', 'amtAccepted': 626000000}, {'counterpartyType': 'pd', 'amtAccepted': 0}]"
RP 010920 3,2020-01-09,Reverse Repo,,401000000,"[{'counterpartyType': 'bank', 'amtAccepted': 0}, {'counterpartyType': 'gse', 'amtAccepted': 0}, {'counterpartyType': 'mmf', 'amtAccepted': 401000000}, {'counterpartyType': 'pd', 'amtAccepted': 0}]"
RP 010820 2,2020-01-08,Reverse Repo,,876000000,"[{'counterpartyType': 'bank', 'amtAccepted': 1000000}, {'counterpartyType': 'gse', 'amtAccepted': 0}, {'counterpartyType': 'mmf', 'amtAccepted': 875000000}, {'counterpartyType': 'pd', 'amtAccepted': 0}]"
RP 010720 3,2020-01-07,Reverse Repo,,1602000000,"[{'counterpartyType': 'bank', 'amtAccepted': 2000000}, {'counterpartyType': 'gse', 'amtAccepted': 600000000}, {'counterpartyType': 'mmf', 'amtAccepted': 1000000000}, {'counterpartyType': 'pd', 'amtAccepted': 0}]"
RP 010620 2,2020-01-06,Reverse Repo,,3825000000,"[{'counterpartyType': 'bank', 'amtAccepted': 0}, {'counterpartyType': 'gse', 'amtAccepted': 0}, {'counterpartyType': 'mmf', 'amtAccepted': 3825000000}, {'counterpartyType': 'pd', 'amtAccepted': 0}]"
RP 010320 2,2020-01-03,Reverse Repo,,4251000000,"[{'counterpartyType': 'bank', 'amtAccepted': 1000000}, {'counterpartyType': 'gse', 'amtAccepted': 0}, {'counterpartyType': 'mmf', 'amtAccepted': 4250000000}, {'counterpartyType': 'pd', 'amtAccepted': 0}]"
RP 010220 3,2020-01-02,Reverse Repo,,3100000000,"[{'counterpartyType': 'bank', 'amtAccepted': 0}, {'counterpartyType': 'gse', 'amtAccepted': 0}, {'counterpartyType': 'mmf', 'amtAccepted': 3100000000}, {'counterpartyType': 'pd', 'amtAccepted': 0}]"
RP 123119 2,2019-12-31,Reverse Repo,,64087000000,"[{'counterpartyType': 'bank', 'amtAccepted': 0}, {'counterpartyType': 'gse', 'amtAccepted': 14200000000}, {'counterpartyType': 'mmf', 'amtAccepted': 47387000000}, {'counterpartyType': 'pd', 'amtAccepted': 2500000000}]"
RP 123019 4,2019-12-30,Reverse Repo,,6525000000,"[{'counterpartyType': 'bank', 'amtAccepted': 0}, {'counterpartyType': 'gse', 'amtAccepted': 0}, {'counterpartyType': 'mmf', 'amtAccepted': 5775000000}, {'counterpartyType': 'pd', 'amtAccepted': 750000000}]"
RP 122719 2,2019-12-27,Reverse Repo,,825000000,"[{'counterpartyType': 'bank', 'amtAccepted': 0}, {'counterpartyType': 'gse', 'amtAccepted': 0}, {'counterpartyType': 'mmf', 'amtAccepted': 825000000}, {'counterpartyType': 'pd', 'amtAccepted': 0}]"
RP 122619 3,2019-12-26,Reverse Repo,,3192000000,"[{'counterpartyType': 'bank', 'amtAccepted': 0}, {'counterpartyType': 'gse', 'amtAccepted': 0}, {'counterpartyType': 'mmf', 'amtAccepted': 3192000000}, {'counterpartyType': 'pd', 'amtAccepted': 0}]"
RP 122419 2,2019-12-24,Reverse Repo,,4423000000,"[{'counterpartyType': 'bank', 'amtAccepted': 0}, {'counterpartyType': 'gse', 'amtAccepted': 0}, {'counterpartyType': 'mmf', 'amtAccepted': 4423000000}, {'counterpartyType': 'pd', 'amtAccepted': 0}]"
RP 122319 3,2019-12-23,Reverse Repo,,7652000000,"[{'counterpartyType': 'bank', 'amtAccepted': 2000000}, {'counterpartyType': 'gse', 'amtAccepted': 7650000000}, {'counterpartyType': 'mmf', 'amtAccepted': 0}, {'counterpartyType': 'pd', 'amtAccepted': 0}]"
RP 122019 2,2019-12-20,Reverse Repo,,13051000000,"[{'counterpartyType': 'bank', 'amtAccepted': 1000000}, {'counterpartyType': 'gse', 'amtAccepted': 9050000000}, {'counterpartyType': 'mmf', 'amtAccepted': 4000000000}, {'counterpartyType': 'pd', 'amtAccepted': 0}]"
RP 121919 3,2019-12-19,Reverse Repo,,8936000000,"[{'counterpartyType': 'bank', 'amtAccepted': 0}, {'counterpartyType': 'gse', 'amtAccepted': 8276000000}, {'counterpartyType': 'mmf', 'amtAccepted': 660000000}, {'counterpartyType': 'pd', 'amtAccepted': 0}]"
RP 121819 3,2019-12-18,Reverse Repo,,13362000000,"[{'counterpartyType': 'bank', 'amtAccepted': 0}, {'counterpartyType': 'gse', 'amtAccepted': 10600000000}, {'counterpartyType': 'mmf', 'amtAccepted': 2762000000}, {'counterpartyType': 'pd', 'amtAccepted': 0}]"
RP 121719 3,2019-12-17,Reverse Repo,,826000000,"[{'counterpartyType': 'bank', 'amtAccepted': 1000000}, {'counterpartyType': 'gse', 'amtAccepted': 0}, {'counterpartyType': 'mmf', 'amtAccepted': 825000000}, {'counterpartyType': 'pd', 'amtAccepted': 0}]"
RP 121619 3,2019-12-16,Reverse Repo,,1328000000,"[{'counterpartyType': 'bank', 'amtAccepted': 0}, {'counterpartyType': 'gse', 'amtAccepted': 0}, {'counterpartyType': 'mmf', 'amtAccepted': 1328000000}, {'counterpartyType': 'pd', 'amtAccepted': 0}]"
RP 121319 2,2019-12-13,Reverse Repo,,0,"[{'counterpartyType': 'bank', 'amtAccepted': 0}, {'counterpartyType': 'gse', 'amtAccepted': 0}, {'counterpartyType': 'mmf', 'amtAccepted': 0}, {'counterpartyType': 'pd', 'amtAccepted': 0}]"
RP 121219 3,2019-12-12,Reverse Repo,,600000000,"[{'counterpartyType': 'bank', 'amtAccepted': 0}, {'counterpartyType': 'gse', 'amtAccepted': 0}, {'counterpartyType': 'mmf', 'amtAccepted': 600000000}, {'counterpartyType': 'pd', 'amtAccepted': 0}]"
RP 121119 2,2019-12-11,Reverse Repo,,605000000,"[{'counterpartyType': 'bank', 'amtAccepted': 0}, {'counterpartyType': 'gse', 'amtAccepted': 5000000}, {'counterpartyType': 'mmf', 'amtAccepted': 600000000}, {'counterpartyType': 'pd', 'amtAccepted': 0}]"
RP 121019 3,2019-12-10,Reverse Repo,,1000000,"[{'counterpartyType': 'bank', 'amtAccepted': 1000000}, {'counterpartyType': 'gse', 'amtAccepted': 0}, {'counterpartyType': 'mmf', 'amtAccepted': 0}, {'counterpartyType': 'pd', 'amtAccepted': 0}]"
RP 120919 3,2019-12-09,Reverse Repo,,115000000,"[{'counterpartyType': 'bank', 'amtAccepted': 0}, {'counterpartyType': 'gse', 'amtAccepted': 0}, {'counterpartyType': 'mmf', 'amtAccepted': 115000000}, {'counterpartyType': 'pd', 'amtAccepted': 0}]"
RP 120619 2,2019-12-06,Reverse Repo,,1000000000,"[{'counterpartyType': 'bank', 'amtAccepted': 0}, {'counterpartyType': 'gse', 'amtAccepted': 0}, {'counterpartyType': 'mmf', 'amtAccepted': 1000000000}, {'counterpartyType': 'pd', 'amtAccepted': 0}]"
RP 120519 3,2019-12-05,Reverse Repo,,1000000,"[{'counterpartyType': 'bank', 'amtAccepted': 0}, {'counterpartyType': 'gse', 'amtAccepted': 1000000}, {'counterpartyType': 'mmf', 'amtAccepted': 0}, {'counterpartyType': 'pd', 'amtAccepted': 0}]"
RP 120419 2,2019-12-04,Reverse Repo,,0,"[{'counterpartyType': 'bank', 'amtAccepted': 0}, {'counterpartyType': 'gse', 'amtAccepted': 0}, {'counterpartyType': 'mmf', 'amtAccepted': 0}, {'counterpartyType': 'pd', 'amtAccepted': 0}]"
RP 120319 3,2019-12-03,Reverse Repo,,151000000,"[{'counterpartyType': 'bank', 'amtAccepted': 1000000}, {'counterpartyType': 'gse', 'amtAccepted': 0}, {'counterpartyType': 'mmf', 'amtAccepted': 150000000}, {'counterpartyType': 'pd', 'amtAccepted': 0}]"
RP 120219 3,2019-12-02,Reverse Repo,,15000000,"[{'counterpartyType': 'bank', 'amtAccepted': 0}, {'counterpartyType': 'gse', 'amtAccepted': 15000000}, {'counterpartyType': 'mmf', 'amtAccepted': 0}, {'counterpartyType': 'pd', 'amtAccepted': 0}]"
RP 112919 2,2019-11-29,Reverse Repo,,750000000,"[{'counterpartyType': 'bank', 'amtAccepted': 0}, {'counterpartyType': 'gse', 'amtAccepted': 250000000}, {'counterpartyType': 'mmf', 'amtAccepted': 500000000}, {'counterpartyType': 'pd', 'amtAccepted': 0}]"
RP 112719 3,2019-11-27,Reverse Repo,,506000000,"[{'counterpartyType': 'bank', 'amtAccepted': 0}, {'counterpartyType': 'gse', 'amtAccepted': 0}, {'counterpartyType': 'mmf', 'amtAccepted': 506000000}, {'counterpartyType': 'pd', 'amtAccepted': 0}]"
RP 112619 3,2019-11-26,Reverse Repo,,2205000000,"[{'counterpartyType': 'bank', 'amtAccepted': 5000000}, {'counterpartyType': 'gse', 'amtAccepted': 0}, {'counterpartyType': 'mmf', 'amtAccepted': 2200000000}, {'counterpartyType': 'pd', 'amtAccepted': 0}]"
RP 112519 3,2019-11-25,Reverse Repo,,0,"[{'counterpartyType': 'bank', 'amtAccepted': 0}, {'counterpartyType': 'gse', 'amtAccepted': 0}, {'counterpartyType': 'mmf', 'amtAccepted': 0}, {'counterpartyType': 'pd', 'amtAccepted': 0}]"
RP 112219 2,2019-11-22,Reverse Repo,,375000000,"[{'counterpartyType': 'bank', 'amtAccepted': 0}, {'counterpartyType': 'gse', 'amtAccepted': 0}, {'counterpartyType': 'mmf', 'amtAccepted': 375000000}, {'counterpartyType': 'pd', 'amtAccepted': 0}]"
RP 112119 3,2019-11-21,Reverse Repo,,25719000000,"[{'counterpartyType': 'bank', 'amtAccepted': 5000000}, {'counterpartyType': 'gse', 'amtAccepted': 25351000000}, {'counterpartyType': 'mmf', 'amtAccepted': 363000000}, {'counterpartyType': 'pd', 'amtAccepted': 0}]"
RP 112019 2,2019-11-20,Reverse Repo,,26026000000,"[{'counterpartyType': 'bank', 'amtAccepted': 0}, {'counterpartyType': 'gse', 'amtAccepted': 25601000000}, {'counterpartyType': 'mmf', 'amtAccepted': 425000000}, {'counterpartyType': 'pd', 'amtAccepted': 0}]"
RP 111919 4,2019-11-19,Reverse Repo,,26726000000,"[{'counterpartyType': 'bank', 'amtAccepted': 1000000}, {'counterpartyType': 'gse', 'amtAccepted': 26299000000}, {'counterpartyType': 'mmf', 'amtAccepted': 426000000}, {'counterpartyType': 'pd', 'amtAccepted': 0}]"
RP 111919 3,2019-11-19,Reverse Repo,"See announcement from <a href=""https://www.newyorkfed.org/markets/opolicy/operating_policy_191104a.html""> November 4, 2019</a>.",71000000,"[{'counterpartyType': 'bank', 'amtAccepted': 3000000}, {'counterpartyType': 'gse', 'amtAccepted': 5000000}, {'counterpartyType': 'mmf', 'amtAccepted': 40000000}, {'counterpartyType': 'pd', 'amtAccepted': 23000000}]"
RP 111819 2,2019-11-18,Reverse Repo,,27055000000,"[{'counterpartyType': 'bank', 'amtAccepted': 2000000}, {'counterpartyType': 'gse', 'amtAccepted': 27050000000}, {'counterpartyType': 'mmf', 'amtAccepted': 3000000}, {'counterpartyType': 'pd', 'amtAccepted': 0}]"
RP 111519 2,2019-11-15,Reverse Repo,,2000000,"[{'counterpartyType': 'bank', 'amtAccepted': 1000000}, {'counterpartyType': 'gse', 'amtAccepted': 0}, {'counterpartyType': 'mmf', 'amtAccepted': 0}, {'counterpartyType': 'pd', 'amtAccepted': 1000000}]"
RP 111419 3,2019-11-14,Reverse Repo,,1867000000,"[{'counterpartyType': 'bank', 'amtAccepted': 11000000}, {'counterpartyType': 'gse', 'amtAccepted': 1000000}, {'counterpartyType': 'mmf', 'amtAccepted': 1855000000}, {'counterpartyType': 'pd', 'amtAccepted': 0}]"
RP 111319 2,2019-11-13,Reverse Repo,,1762000000,"[{'counterpartyType': 'bank', 'amtAccepted': 0}, {'counterpartyType': 'gse', 'amtAccepted': 0}, {'counterpartyType': 'mmf', 'amtAccepted': 1762000000}, {'counterpartyType': 'pd', 'amtAccepted': 0}]"
RP 111219 3,2019-11-12,Reverse Repo,,1301000000,"[{'counterpartyType': 'bank', 'amtAccepted': 0}, {'counterpartyType': 'gse', 'amtAccepted': 1000000}, {'counterpartyType': 'mmf', 'amtAccepted': 1300000000}, {'counterpartyType': 'pd', 'amtAccepted': 0}]"
RP 110819 2,2019-11-08,Reverse Repo,,805000000,"[{'counterpartyType': 'bank', 'amtAccepted': 0}, {'counterpartyType': 'gse', 'amtAccepted': 0}, {'counterpartyType': 'mmf', 'amtAccepted': 805000000}, {'counterpartyType': 'pd', 'amtAccepted': 0}]"
RP 110719 3,2019-11-07,Reverse Repo,,1055000000,"[{'counterpartyType': 'bank', 'amtAccepted': 0}, {'counterpartyType': 'gse', 'amtAccepted': 1000000}, {'counterpartyType': 'mmf', 'amtAccepted': 1054000000}, {'counterpartyType': 'pd', 'amtAccepted': 0}]"
RP 110619 2,2019-11-06,Reverse Repo,,1650000000,"[{'counterpartyType': 'bank', 'amtAccepted': 0}, {'counterpartyType': 'gse', 'amtAccepted': 0}, {'counterpartyType': 'mmf', 'amtAccepted': 1650000000}, {'counterpartyType': 'pd', 'amtAccepted': 0}]"
RP 110519 4,2019-11-05,Reverse Repo,,1836000000,"[{'counterpartyType': 'bank', 'amtAccepted': 1000000}, {'counterpartyType': 'gse', 'amtAccepted': 0}, {'counterpartyType': 'mmf', 'amtAccepted': 1835000000}, {'counterpartyType': 'pd', 'amtAccepted': 0}]"
RP 110419 2,2019-11-04,Reverse Repo,,3085000000,"[{'counterpartyType': 'bank', 'amtAccepted': 0}, {'counterpartyType': 'gse', 'amtAccepted': 0}, {'counterpartyType': 'mmf', 'amtAccepted': 3085000000}, {'counterpartyType': 'pd', 'amtAccepted': 0}]"
RP 110119 3,2019-11-01,Reverse Repo,,2100000000,"[{'counterpartyType': 'bank', 'amtAccepted': 0}, {'counterpartyType': 'gse', 'amtAccepted': 0}, {'counterpartyType': 'mmf', 'amtAccepted': 2100000000}, {'counterpartyType': 'pd', 'amtAccepted': 0}]"
RP 103119 2,2019-10-31,Reverse Repo,,2851000000,"[{'counterpartyType': 'bank', 'amtAccepted': 1000000}, {'counterpartyType': 'gse', 'amtAccepted': 0}, {'counterpartyType': 'mmf', 'amtAccepted': 2850000000}, {'counterpartyType': 'pd', 'amtAccepted': 0}]"
RP 103019 3,2019-10-30,Reverse Repo,,196000000,"[{'counterpartyType': 'bank', 'amtAccepted': 0}, {'counterpartyType': 'gse', 'amtAccepted': 0}, {'counterpartyType': 'mmf', 'amtAccepted': 196000000}, {'counterpartyType': 'pd', 'amtAccepted': 0}]"
RP 102919 3,2019-10-29,Reverse Repo,,81000000,"[{'counterpartyType': 'bank', 'amtAccepted': 0}, {'counterpartyType': 'gse', 'amtAccepted': 1000000}, {'counterpartyType': 'mmf', 'amtAccepted': 80000000}, {'counterpartyType': 'pd', 'amtAccepted': 0}]"
RP 102819 2,2019-10-28,Reverse Repo,,36000000,"[{'counterpartyType': 'bank', 'amtAccepted': 1000000}, {'counterpartyType': 'gse', 'amtAccepted': 0}, {'counterpartyType': 'mmf', 'amtAccepted': 35000000}, {'counterpartyType': 'pd', 'amtAccepted': 0}]"
RP 102519 2,2019-10-25,Reverse Repo,,5000000,"[{'counterpartyType': 'bank', 'amtAccepted': 0}, {'counterpartyType': 'gse', 'amtAccepted': 0}, {'counterpartyType': 'mmf', 'amtAccepted': 5000000}, {'counterpartyType': 'pd', 'amtAccepted': 0}]"
RP 102419 3,2019-10-24,Reverse Repo,,425000000,"[{'counterpartyType': 'bank', 'amtAccepted': 0}, {'counterpartyType': 'gse', 'amtAccepted': 0}, {'counterpartyType': 'mmf', 'amtAccepted': 425000000}, {'counterpartyType': 'pd', 'amtAccepted': 0}]"
RP 102319 2,2019-10-23,Reverse Repo,,18290000000,"[{'counterpartyType': 'bank', 'amtAccepted': 0}, {'counterpartyType': 'gse', 'amtAccepted': 17560000000}, {'counterpartyType': 'mmf', 'amtAccepted': 730000000}, {'counterpartyType': 'pd', 'amtAccepted': 0}]"
RP 102219 3,2019-10-22,Reverse Repo,,20700000000,"[{'counterpartyType': 'bank', 'amtAccepted': 0}, {'counterpartyType': 'gse', 'amtAccepted': 20500000000}, {'counterpartyType': 'mmf', 'amtAccepted': 200000000}, {'counterpartyType': 'pd', 'amtAccepted': 0}]"
RP 102119 2,2019-10-21,Reverse Repo,,18758000000,"[{'counterpartyType': 'bank', 'amtAccepted': 0}, {'counterpartyType': 'gse', 'amtAccepted': 18600000000}, {'counterpartyType': 'mmf', 'amtAccepted': 158000000}, {'counterpartyType': 'pd', 'amtAccepted': 0}]"
RP 101819 2,2019-10-18,Reverse Repo,,20100000000,"[{'counterpartyType': 'bank', 'amtAccepted': 0}, {'counterpartyType': 'gse', 'amtAccepted': 19900000000}, {'counterpartyType': 'mmf', 'amtAccepted': 200000000}, {'counterpartyType': 'pd', 'amtAccepted': 0}]"
RP 101719 3,2019-10-17,Reverse Repo,,1001000000,"[{'counterpartyType': 'bank', 'amtAccepted': 1000000}, {'counterpartyType': 'gse', 'amtAccepted': 0}, {'counterpartyType': 'mmf', 'amtAccepted': 1000000000}, {'counterpartyType': 'pd', 'amtAccepted': 0}]"
RP 101619 2,2019-10-16,Reverse Repo,,1803000000,"[{'counterpartyType': 'bank', 'amtAccepted': 0}, {'counterpartyType': 'gse', 'amtAccepted': 0}, {'counterpartyType': 'mmf', 'amtAccepted': 1803000000}, {'counterpartyType': 'pd', 'amtAccepted': 0}]"
RP 101519 3,2019-10-15,Reverse Repo,,1726000000,"[{'counterpartyType': 'bank', 'amtAccepted': 0}, {'counterpartyType': 'gse', 'amtAccepted': 1000000}, {'counterpartyType': 'mmf', 'amtAccepted': 1725000000}, {'counterpartyType': 'pd', 'amtAccepted': 0}]"
RP 101119 3,2019-10-11,Reverse Repo,,2950000000,"[{'counterpartyType': 'bank', 'amtAccepted': 0}, {'counterpartyType': 'gse', 'amtAccepted': 0}, {'counterpartyType': 'mmf', 'amtAccepted': 2950000000}, {'counterpartyType': 'pd', 'amtAccepted': 0}]"
RP 101019 3,2019-10-10,Reverse Repo,,1100000000,"[{'counterpartyType': 'bank', 'amtAccepted': 0}, {'counterpartyType': 'gse', 'amtAccepted': 0}, {'counterpartyType': 'mmf', 'amtAccepted': 1100000000}, {'counterpartyType': 'pd', 'amtAccepted': 0}]"
RP 100919 2,2019-10-09,Reverse Repo,,1469000000,"[{'counterpartyType': 'bank', 'amtAccepted': 2000000}, {'counterpartyType': 'gse', 'amtAccepted': 0}, {'counterpartyType': 'mmf', 'amtAccepted': 1467000000}, {'counterpartyType': 'pd', 'amtAccepted': 0}]"
RP 100819 3,2019-10-08,Reverse Repo,,3976000000,"[{'counterpartyType': 'bank', 'amtAccepted': 1000000}, {'counterpartyType': 'gse', 'amtAccepted': 0}, {'counterpartyType': 'mmf', 'amtAccepted': 3975000000}, {'counterpartyType': 'pd', 'amtAccepted': 0}]"
RP 100719 2,2019-10-07,Reverse Repo,,5650000000,"[{'counterpartyType': 'bank', 'amtAccepted': 0}, {'counterpartyType': 'gse', 'amtAccepted': 0}, {'counterpartyType': 'mmf', 'amtAccepted': 5650000000}, {'counterpartyType': 'pd', 'amtAccepted': 0}]"
RP 100419 2,2019-10-04,Reverse Repo,,5325000000,"[{'counterpartyType': 'bank', 'amtAccepted': 0}, {'counterpartyType': 'gse', 'amtAccepted': 0}, {'counterpartyType': 'mmf', 'amtAccepted': 5325000000}, {'counterpartyType': 'pd', 'amtAccepted': 0}]"
RP 100319 2,2019-10-03,Reverse Repo,,3297000000,"[{'counterpartyType': 'bank', 'amtAccepted': 0}, {'counterpartyType': 'gse', 'amtAccepted': 0}, {'counterpartyType': 'mmf', 'amtAccepted': 3297000000}, {'counterpartyType': 'pd', 'amtAccepted': 0}]"
RP 100219 2,2019-10-02,Reverse Repo,,3054000000,"[{'counterpartyType': 'bank', 'amtAccepted': 0}, {'counterpartyType': 'gse', 'amtAccepted': 0}, {'counterpartyType': 'mmf', 'amtAccepted': 3054000000}, {'counterpartyType': 'pd', 'amtAccepted': 0}]"
RP 100119 2,2019-10-01,Reverse Repo,,2706000000,"[{'counterpartyType': 'bank', 'amtAccepted': 1000000}, {'counterpartyType': 'gse', 'amtAccepted': 0}, {'counterpartyType': 'mmf', 'amtAccepted': 2705000000}, {'counterpartyType': 'pd', 'amtAccepted': 0}]"
RP 093019 2,2019-09-30,Reverse Repo,,7057000000,"[{'counterpartyType': 'bank', 'amtAccepted': 0}, {'counterpartyType': 'gse', 'amtAccepted': 0}, {'counterpartyType': 'mmf', 'amtAccepted': 7057000000}, {'counterpartyType': 'pd', 'amtAccepted': 0}]"
RP 092719 3,2019-09-27,Reverse Repo,,5330000000,"[{'counterpartyType': 'bank', 'amtAccepted': 0}, {'counterpartyType': 'gse', 'amtAccepted': 10000000}, {'counterpartyType': 'mmf', 'amtAccepted': 5320000000}, {'counterpartyType': 'pd', 'amtAccepted': 0}]"
RP 092619 3,2019-09-26,Reverse Repo,,5180000000,"[{'counterpartyType': 'bank', 'amtAccepted': 3000000}, {'counterpartyType': 'gse', 'amtAccepted': 2000000}, {'counterpartyType': 'mmf', 'amtAccepted': 5175000000}, {'counterpartyType': 'pd', 'amtAccepted': 0}]"
RP 092519 2,2019-09-25,Reverse Repo,,133000000,"[{'counterpartyType': 'bank', 'amtAccepted': 2000000}, {'counterpartyType': 'gse', 'amtAccepted': 1000000}, {'counterpartyType': 'mmf', 'amtAccepted': 130000000}, {'counterpartyType': 'pd', 'amtAccepted': 0}]"
RP 092419 3,2019-09-24,Reverse Repo,,101000000,"[{'counterpartyType': 'bank', 'amtAccepted': 0}, {'counterpartyType': 'gse', 'amtAccepted': 100000000}, {'counterpartyType': 'mmf', 'amtAccepted': 1000000}, {'counterpartyType': 'pd', 'amtAccepted': 0}]"
RP 092319 2,2019-09-23,Reverse Repo,,7485000000,"[{'counterpartyType': 'bank', 'amtAccepted': 0}, {'counterpartyType': 'gse', 'amtAccepted': 7484000000}, {'counterpartyType': 'mmf', 'amtAccepted': 1000000}, {'counterpartyType': 'pd', 'amtAccepted': 0}]"
RP 092019 2,2019-09-20,Reverse Repo,,7552000000,"[{'counterpartyType': 'bank', 'amtAccepted': 0}, {'counterpartyType': 'gse', 'amtAccepted': 7552000000}, {'counterpartyType': 'mmf', 'amtAccepted': 0}, {'counterpartyType': 'pd', 'amtAccepted': 0}]"
RP 091919 2,2019-09-19,Reverse Repo,,5004000000,"[{'counterpartyType': 'bank', 'amtAccepted': 0}, {'counterpartyType': 'gse', 'amtAccepted': 5000000000}, {'counterpartyType': 'mmf', 'amtAccepted': 3000000}, {'counterpartyType': 'pd', 'amtAccepted': 1000000}]"
RP 091819 2,2019-09-18,Reverse Repo,,18910000000,"[{'counterpartyType': 'bank', 'amtAccepted': 0}, {'counterpartyType': 'gse', 'amtAccepted': 16530000000}, {'counterpartyType': 'mmf', 'amtAccepted': 2380000000}, {'counterpartyType': 'pd', 'amtAccepted': 0}]"
RP 091719 5,2019-09-17,Reverse Repo,,1825000000,"[{'counterpartyType': 'bank', 'amtAccepted': 0}, {'counterpartyType': 'gse', 'amtAccepted': 1000000}, {'counterpartyType': 'mmf', 'amtAccepted': 1824000000}, {'counterpartyType': 'pd', 'amtAccepted': 0}]"
RP 091619 1,2019-09-16,Reverse Repo,,2202000000,"[{'counterpartyType': 'bank', 'amtAccepted': 0}, {'counterpartyType': 'gse', 'amtAccepted': 0}, {'counterpartyType': 'mmf', 'amtAccepted': 2202000000}, {'counterpartyType': 'pd', 'amtAccepted': 0}]"
RP 091319 1,2019-09-13,Reverse Repo,,2675000000,"[{'counterpartyType': 'bank', 'amtAccepted': 0}, {'counterpartyType': 'gse', 'amtAccepted': 0}, {'counterpartyType': 'mmf', 'amtAccepted': 2675000000}, {'counterpartyType': 'pd', 'amtAccepted': 0}]"
RP 091219 1,2019-09-12,Reverse Repo,,3469000000,"[{'counterpartyType': 'bank', 'amtAccepted': 1000000}, {'counterpartyType': 'gse', 'amtAccepted': 0}, {'counterpartyType': 'mmf', 'amtAccepted': 3468000000}, {'counterpartyType': 'pd', 'amtAccepted': 0}]"
RP 091119 1,2019-09-11,Reverse Repo,,3612000000,"[{'counterpartyType': 'bank', 'amtAccepted': 0}, {'counterpartyType': 'gse', 'amtAccepted': 0}, {'counterpartyType': 'mmf', 'amtAccepted': 3612000000}, {'counterpartyType': 'pd', 'amtAccepted': 0}]"
RP 091019 1,2019-09-10,Reverse Repo,,3608000000,"[{'counterpartyType': 'bank', 'amtAccepted': 0}, {'counterpartyType': 'gse', 'amtAccepted': 0}, {'counterpartyType': 'mmf', 'amtAccepted': 3608000000}, {'counterpartyType': 'pd', 'amtAccepted': 0}]"
RP 090919 1,2019-09-09,Reverse Repo,,2787000000,"[{'counterpartyType': 'bank', 'amtAccepted': 0}, {'counterpartyType': 'gse', 'amtAccepted': 0}, {'counterpartyType': 'mmf', 'amtAccepted': 2787000000}, {'counterpartyType': 'pd', 'amtAccepted': 0}]"
RP 090619 1,2019-09-06,Reverse Repo,,880000000,"[{'counterpartyType': 'bank', 'amtAccepted': 0}, {'counterpartyType': 'gse', 'amtAccepted': 0}, {'counterpartyType': 'mmf', 'amtAccepted': 830000000}, {'counterpartyType': 'pd', 'amtAccepted': 50000000}]"
RP 090519 1,2019-09-05,Reverse Repo,,1075000000,"[{'counterpartyType': 'bank', 'amtAccepted': 0}, {'counterpartyType': 'gse', 'amtAccepted': 0}, {'counterpartyType': 'mmf', 'amtAccepted': 1075000000}, {'counterpartyType': 'pd', 'amtAccepted': 0}]"
RP 090419 1,2019-09-04,Reverse Repo,,1425000000,"[{'counterpartyType': 'bank', 'amtAccepted': 0}, {'counterpartyType': 'gse', 'amtAccepted': 10000000}, {'counterpartyType': 'mmf', 'amtAccepted': 1415000000}, {'counterpartyType': 'pd', 'amtAccepted': 0}]"
RP 090319 1,2019-09-03,Reverse Repo,,1754000000,"[{'counterpartyType': 'bank', 'amtAccepted': 0}, {'counterpartyType': 'gse', 'amtAccepted': 0}, {'counterpartyType': 'mmf', 'amtAccepted': 1754000000}, {'counterpartyType': 'pd', 'amtAccepted': 0}]"
RP 083019 1,2019-08-30,Reverse Repo,,12089000000,"[{'counterpartyType': 'bank', 'amtAccepted': 0}, {'counterpartyType': 'gse', 'amtAccepted': 0}, {'counterpartyType': 'mmf', 'amtAccepted': 12089000000}, {'counterpartyType': 'pd', 'amtAccepted': 0}]"
RP 082919 1,2019-08-29,Reverse Repo,,102000000,"[{'counterpartyType': 'bank', 'amtAccepted': 0}, {'counterpartyType': 'gse', 'amtAccepted': 0}, {'counterpartyType': 'mmf', 'amtAccepted': 102000000}, {'counterpartyType': 'pd', 'amtAccepted': 0}]"
RP 082819 1,2019-08-28,Reverse Repo,,4255000000,"[{'counterpartyType': 'bank', 'amtAccepted': 0}, {'counterpartyType': 'gse', 'amtAccepted': 0}, {'counterpartyType': 'mmf', 'amtAccepted': 4255000000}, {'counterpartyType': 'pd', 'amtAccepted': 0}]"
RP 082719 1,2019-08-27,Reverse Repo,,1555000000,"[{'counterpartyType': 'bank', 'amtAccepted': 0}, {'counterpartyType': 'gse', 'amtAccepted': 0}, {'counterpartyType': 'mmf', 'amtAccepted': 1555000000}, {'counterpartyType': 'pd', 'amtAccepted': 0}]"
RP 082619 1,2019-08-26,Reverse Repo,,3676000000,"[{'counterpartyType': 'bank', 'amtAccepted': 1000000}, {'counterpartyType': 'gse', 'amtAccepted': 0}, {'counterpartyType': 'mmf', 'amtAccepted': 3675000000}, {'counterpartyType': 'pd', 'amtAccepted': 0}]"
RP 082319 1,2019-08-23,Reverse Repo,,9046000000,"[{'counterpartyType': 'bank', 'amtAccepted': 1000000}, {'counterpartyType': 'gse', 'amtAccepted': 5000000000}, {'counterpartyType': 'mmf', 'amtAccepted': 4045000000}, {'counterpartyType': 'pd', 'amtAccepted': 0}]"
RP 082219 1,2019-08-22,Reverse Repo,,14611000000,"[{'counterpartyType': 'bank', 'amtAccepted': 11000000}, {'counterpartyType': 'gse', 'amtAccepted': 10150000000}, {'counterpartyType': 'mmf', 'amtAccepted': 4450000000}, {'counterpartyType': 'pd', 'amtAccepted': 0}]"
RP 082119 1,2019-08-21,Reverse Repo,,15153000000,"[{'counterpartyType': 'bank', 'amtAccepted': 0}, {'counterpartyType': 'gse', 'amtAccepted': 10505000000}, {'counterpartyType': 'mmf', 'amtAccepted': 4648000000}, {'counterpartyType': 'pd', 'amtAccepted': 0}]"
RP 082019 1,2019-08-20,Reverse Repo,,15980000000,"[{'counterpartyType': 'bank', 'amtAccepted': 0}, {'counterpartyType': 'gse', 'amtAccepted': 11950000000}, {'counterpartyType': 'mmf', 'amtAccepted': 4030000000}, {'counterpartyType': 'pd', 'amtAccepted': 0}]"
RP 081919 1,2019-08-19,Reverse Repo,,13403000000,"[{'counterpartyType': 'bank', 'amtAccepted': 0}, {'counterpartyType': 'gse', 'amtAccepted': 8701000000}, {'counterpartyType': 'mmf', 'amtAccepted': 4702000000}, {'counterpartyType': 'pd', 'amtAccepted': 0}]"
RP 081619 1,2019-08-16,Reverse Repo,,11843000000,"[{'counterpartyType': 'bank', 'amtAccepted': 0}, {'counterpartyType': 'gse', 'amtAccepted': 6550000000}, {'counterpartyType': 'mmf', 'amtAccepted': 5292000000}, {'counterpartyType': 'pd', 'amtAccepted': 1000000}]"
RP 081519 1,2019-08-15,Reverse Repo,,3510000000,"[{'counterpartyType': 'bank', 'amtAccepted': 0}, {'counterpartyType': 'gse', 'amtAccepted': 10000000}, {'counterpartyType': 'mmf', 'amtAccepted': 3500000000}, {'counterpartyType': 'pd', 'amtAccepted': 0}]"
RP 081419 1,2019-08-14,Reverse Repo,,2744000000,"[{'counterpartyType': 'bank', 'amtAccepted': 1000000}, {'counterpartyType': 'gse', 'amtAccepted': 0}, {'counterpartyType': 'mmf', 'amtAccepted': 2743000000}, {'counterpartyType': 'pd', 'amtAccepted': 0}]"
RP 081319 1,2019-08-13,Reverse Repo,,5001000000,"[{'counterpartyType': 'bank', 'amtAccepted': 0}, {'counterpartyType': 'gse', 'amtAccepted': 0}, {'counterpartyType': 'mmf', 'amtAccepted': 5001000000}, {'counterpartyType': 'pd', 'amtAccepted': 0}]"
RP 081219 1,2019-08-12,Reverse Repo,,5430000000,"[{'counterpartyType': 'bank', 'amtAccepted': 1000000}, {'counterpartyType': 'gse', 'amtAccepted': 0}, {'counterpartyType': 'mmf', 'amtAccepted': 5429000000}, {'counterpartyType': 'pd', 'amtAccepted': 0}]"
RP 080919 1,2019-08-09,Reverse Repo,,2720000000,"[{'counterpartyType': 'bank', 'amtAccepted': 0}, {'counterpartyType': 'gse', 'amtAccepted': 0}, {'counterpartyType': 'mmf', 'amtAccepted': 2720000000}, {'counterpartyType': 'pd', 'amtAccepted': 0}]"
RP 080819 1,2019-08-08,Reverse Repo,,3056000000,"[{'counterpartyType': 'bank', 'amtAccepted': 0}, {'counterpartyType': 'gse', 'amtAccepted': 1000000}, {'counterpartyType': 'mmf', 'amtAccepted': 3055000000}, {'counterpartyType': 'pd', 'amtAccepted': 0}]"
RP 080719 1,2019-08-07,Reverse Repo,,3622000000,"[{'counterpartyType': 'bank', 'amtAccepted': 0}, {'counterpartyType': 'gse', 'amtAccepted': 0}, {'counterpartyType': 'mmf', 'amtAccepted': 3622000000}, {'counterpartyType': 'pd', 'amtAccepted': 0}]"
RP 080619 1,2019-08-06,Reverse Repo,,3410000000,"[{'counterpartyType': 'bank', 'amtAccepted': 0}, {'counterpartyType': 'gse', 'amtAccepted': 0}, {'counterpartyType': 'mmf', 'amtAccepted': 3410000000}, {'counterpartyType': 'pd', 'amtAccepted': 0}]"
RP 080519 1,2019-08-05,Reverse Repo,,3474000000,"[{'counterpartyType': 'bank', 'amtAccepted': 0}, {'counterpartyType': 'gse', 'amtAccepted': 0}, {'counterpartyType': 'mmf', 'amtAccepted': 3474000000}, {'counterpartyType': 'pd', 'amtAccepted': 0}]"
RP 080219 1,2019-08-02,Reverse Repo,,3335000000,"[{'counterpartyType': 'bank', 'amtAccepted': 0}, {'counterpartyType': 'gse', 'amtAccepted': 0}, {'counterpartyType': 'mmf', 'amtAccepted': 3335000000}, {'counterpartyType': 'pd', 'amtAccepted': 0}]"
RP 080119 1,2019-08-01,Reverse Repo,,6044000000,"[{'counterpartyType': 'bank', 'amtAccepted': 1000000}, {'counterpartyType': 'gse', 'amtAccepted': 0}, {'counterpartyType': 'mmf', 'amtAccepted': 6043000000}, {'counterpartyType': 'pd', 'amtAccepted': 0}]"
RP 073119 1,2019-07-31,Reverse Repo,,7367000000,"[{'counterpartyType': 'bank', 'amtAccepted': 1000000}, {'counterpartyType': 'gse', 'amtAccepted': 0}, {'counterpartyType': 'mmf', 'amtAccepted': 7366000000}, {'counterpartyType': 'pd', 'amtAccepted': 0}]"
RP 073019 1,2019-07-30,Reverse Repo,,2306000000,"[{'counterpartyType': 'bank', 'amtAccepted': 0}, {'counterpartyType': 'gse', 'amtAccepted': 50000000}, {'counterpartyType': 'mmf', 'amtAccepted': 2256000000}, {'counterpartyType': 'pd', 'amtAccepted': 0}]"
RP 072919 1,2019-07-29,Reverse Repo,,3928000000,"[{'counterpartyType': 'bank', 'amtAccepted': 0}, {'counterpartyType': 'gse', 'amtAccepted': 0}, {'counterpartyType': 'mmf', 'amtAccepted': 3928000000}, {'counterpartyType': 'pd', 'amtAccepted': 0}]"
RP 072619 1,2019-07-26,Reverse Repo,,3250000000,"[{'counterpartyType': 'bank', 'amtAccepted': 0}, {'counterpartyType': 'gse', 'amtAccepted': 0}, {'counterpartyType': 'mmf', 'amtAccepted': 3250000000}, {'counterpartyType': 'pd', 'amtAccepted': 0}]"
RP 072519 1,2019-07-25,Reverse Repo,,3355000000,"[{'counterpartyType': 'bank', 'amtAccepted': 0}, {'counterpartyType': 'gse', 'amtAccepted': 0}, {'counterpartyType': 'mmf', 'amtAccepted': 3355000000}, {'counterpartyType': 'pd', 'amtAccepted': 0}]"
RP 072419 1,2019-07-24,Reverse Repo,,8255000000,"[{'counterpartyType': 'bank', 'amtAccepted': 0}, {'counterpartyType': 'gse', 'amtAccepted': 4900000000}, {'counterpartyType': 'mmf', 'amtAccepted': 3355000000}, {'counterpartyType': 'pd', 'amtAccepted': 0}]"
RP 072319 1,2019-07-23,Reverse Repo,,14755000000,"[{'counterpartyType': 'bank', 'amtAccepted': 0}, {'counterpartyType': 'gse', 'amtAccepted': 11000000000}, {'counterpartyType': 'mmf', 'amtAccepted': 3755000000}, {'counterpartyType': 'pd', 'amtAccepted': 0}]"
RP 072219 1,2019-07-22,Reverse Repo,,14160000000,"[{'counterpartyType': 'bank', 'amtAccepted': 0}, {'counterpartyType': 'gse', 'amtAccepted': 10800000000}, {'counterpartyType': 'mmf', 'amtAccepted': 3360000000}, {'counterpartyType': 'pd', 'amtAccepted': 0}]"
RP 071919 1,2019-07-19,Reverse Repo,,14255000000,"[{'counterpartyType': 'bank', 'amtAccepted': 0}, {'counterpartyType': 'gse', 'amtAccepted': 10850000000}, {'counterpartyType': 'mmf', 'amtAccepted': 3405000000}, {'counterpartyType': 'pd', 'amtAccepted': 0}]"
RP 071819 1,2019-07-18,Reverse Repo,,16662000000,"[{'counterpartyType': 'bank', 'amtAccepted': 0}, {'counterpartyType': 'gse', 'amtAccepted': 12750000000}, {'counterpartyType': 'mmf', 'amtAccepted': 3912000000}, {'counterpartyType': 'pd', 'amtAccepted': 0}]"
RP 071719 1,2019-07-17,Reverse Repo,,1960000000,"[{'counterpartyType': 'bank', 'amtAccepted': 0}, {'counterpartyType': 'gse', 'amtAccepted': 0}, {'counterpartyType': 'mmf', 'amtAccepted': 1960000000}, {'counterpartyType': 'pd', 'amtAccepted': 0}]"
RP 071619 1,2019-07-16,Reverse Repo,,3007000000,"[{'counterpartyType': 'bank', 'amtAccepted': 0}, {'counterpartyType': 'gse', 'amtAccepted': 0}, {'counterpartyType': 'mmf', 'amtAccepted': 3007000000}, {'counterpartyType': 'pd', 'amtAccepted': 0}]"
RP 071519 1,2019-07-15,Reverse Repo,,5557000000,"[{'counterpartyType': 'bank', 'amtAccepted': 1000000}, {'counterpartyType': 'gse', 'amtAccepted': 1000000}, {'counterpartyType': 'mmf', 'amtAccepted': 5555000000}, {'counterpartyType': 'pd', 'amtAccepted': 0}]"
RP 071219 1,2019-07-12,Reverse Repo,,5150000000,"[{'counterpartyType': 'bank', 'amtAccepted': 0}, {'counterpartyType': 'gse', 'amtAccepted': 0}, {'counterpartyType': 'mmf', 'amtAccepted': 5150000000}, {'counterpartyType': 'pd', 'amtAccepted': 0}]"
RP 071119 1,2019-07-11,Reverse Repo,,4950000000,"[{'counterpartyType': 'bank', 'amtAccepted': 0}, {'counterpartyType': 'gse', 'amtAccepted': 0}, {'counterpartyType': 'mmf', 'amtAccepted': 4950000000}, {'counterpartyType': 'pd', 'amtAccepted': 0}]"
RP 071019 1,2019-07-10,Reverse Repo,,6252000000,"[{'counterpartyType': 'bank', 'amtAccepted': 2000000}, {'counterpartyType': 'gse', 'amtAccepted': 0}, {'counterpartyType': 'mmf', 'amtAccepted': 6250000000}, {'counterpartyType': 'pd', 'amtAccepted': 0}]"
RP 070919 1,2019-07-09,Reverse Repo,,6576000000,"[{'counterpartyType': 'bank', 'amtAccepted': 1000000}, {'counterpartyType': 'gse', 'amtAccepted': 0}, {'counterpartyType': 'mmf', 'amtAccepted': 6575000000}, {'counterpartyType': 'pd', 'amtAccepted': 0}]"
RP 070819 1,2019-07-08,Reverse Repo,,6500000000,"[{'counterpartyType': 'bank', 'amtAccepted': 0}, {'counterpartyType': 'gse', 'amtAccepted': 0}, {'counterpartyType': 'mmf', 'amtAccepted': 6500000000}, {'counterpartyType': 'pd', 'amtAccepted': 0}]"
RP 070519 1,2019-07-05,Reverse Repo,,6155000000,"[{'counterpartyType': 'bank', 'amtAccepted': 0}, {'counterpartyType': 'gse', 'amtAccepted': 0}, {'counterpartyType': 'mmf', 'amtAccepted': 6155000000}, {'counterpartyType': 'pd', 'amtAccepted': 0}]"
RP 070319 1,2019-07-03,Reverse Repo,,6849000000,"[{'counterpartyType': 'bank', 'amtAccepted': 0}, {'counterpartyType': 'gse', 'amtAccepted': 0}, {'counterpartyType': 'mmf', 'amtAccepted': 6849000000}, {'counterpartyType': 'pd', 'amtAccepted': 0}]"
RP 070219 1,2019-07-02,Reverse Repo,,8160000000,"[{'counterpartyType': 'bank', 'amtAccepted': 0}, {'counterpartyType': 'gse', 'amtAccepted': 0}, {'counterpartyType': 'mmf', 'amtAccepted': 8160000000}, {'counterpartyType': 'pd', 'amtAccepted': 0}]"
RP 070119 1,2019-07-01,Reverse Repo,,15837000000,"[{'counterpartyType': 'bank', 'amtAccepted': 0}, {'counterpartyType': 'gse', 'amtAccepted': 0}, {'counterpartyType': 'mmf', 'amtAccepted': 15837000000}, {'counterpartyType': 'pd', 'amtAccepted': 0}]"
RP 062819 1,2019-06-28,Reverse Repo,,44307000000,"[{'counterpartyType': 'bank', 'amtAccepted': 0}, {'counterpartyType': 'gse', 'amtAccepted': 700000000}, {'counterpartyType': 'mmf', 'amtAccepted': 43607000000}, {'counterpartyType': 'pd', 'amtAccepted': 0}]"
RP 062719 1,2019-06-27,Reverse Repo,,16794000000,"[{'counterpartyType': 'bank', 'amtAccepted': 0}, {'counterpartyType': 'gse', 'amtAccepted': 0}, {'counterpartyType': 'mmf', 'amtAccepted': 16794000000}, {'counterpartyType': 'pd', 'amtAccepted': 0}]"
RP 062619 1,2019-06-26,Reverse Repo,,7784000000,"[{'counterpartyType': 'bank', 'amtAccepted': 0}, {'counterpartyType': 'gse', 'amtAccepted': 0}, {'counterpartyType': 'mmf', 'amtAccepted': 7784000000}, {'counterpartyType': 'pd', 'amtAccepted': 0}]"
RP 062519 1,2019-06-25,Reverse Repo,,6400000000,"[{'counterpartyType': 'bank', 'amtAccepted': 0}, {'counterpartyType': 'gse', 'amtAccepted': 25000000}, {'counterpartyType': 'mmf', 'amtAccepted': 6375000000}, {'counterpartyType': 'pd', 'amtAccepted': 0}]"
RP 062419 1,2019-06-24,Reverse Repo,,11156000000,"[{'counterpartyType': 'bank', 'amtAccepted': 0}, {'counterpartyType': 'gse', 'amtAccepted': 5200000000}, {'counterpartyType': 'mmf', 'amtAccepted': 5956000000}, {'counterpartyType': 'pd', 'amtAccepted': 0}]"
RP 062119 1,2019-06-21,Reverse Repo,,21355000000,"[{'counterpartyType': 'bank', 'amtAccepted': 0}, {'counterpartyType': 'gse', 'amtAccepted': 14950000000}, {'counterpartyType': 'mmf', 'amtAccepted': 6405000000}, {'counterpartyType': 'pd', 'amtAccepted': 0}]"
RP 062019 1,2019-06-20,Reverse Repo,,27430000000,"[{'counterpartyType': 'bank', 'amtAccepted': 0}, {'counterpartyType': 'gse', 'amtAccepted': 16975000000}, {'counterpartyType': 'mmf', 'amtAccepted': 10455000000}, {'counterpartyType': 'pd', 'amtAccepted': 0}]"
RP 061919 1,2019-06-19,Reverse Repo,,22357000000,"[{'counterpartyType': 'bank', 'amtAccepted': 0}, {'counterpartyType': 'gse', 'amtAccepted': 17350000000}, {'counterpartyType': 'mmf', 'amtAccepted': 5007000000}, {'counterpartyType': 'pd', 'amtAccepted': 0}]"
RP 061819 1,2019-06-18,Reverse Repo,,18006000000,"[{'counterpartyType': 'bank', 'amtAccepted': 0}, {'counterpartyType': 'gse', 'amtAccepted': 17200000000}, {'counterpartyType': 'mmf', 'amtAccepted': 805000000}, {'counterpartyType': 'pd', 'amtAccepted': 1000000}]"
RP 061719 1,2019-06-17,Reverse Repo,,2269000000,"[{'counterpartyType': 'bank', 'amtAccepted': 0}, {'counterpartyType': 'gse', 'amtAccepted': 1000000}, {'counterpartyType': 'mmf', 'amtAccepted': 2268000000}, {'counterpartyType': 'pd', 'amtAccepted': 0}]"
RP 061419 1,2019-06-14,Reverse Repo,,1657000000,"[{'counterpartyType': 'bank', 'amtAccepted': 1000000}, {'counterpartyType': 'gse', 'amtAccepted': 0}, {'counterpartyType': 'mmf', 'amtAccepted': 1655000000}, {'counterpartyType': 'pd', 'amtAccepted': 1000000}]"
RP 061319 1,2019-06-13,Reverse Repo,,1655000000,"[{'counterpartyType': 'bank', 'amtAccepted': 0}, {'counterpartyType': 'gse', 'amtAccepted': 0}, {'counterpartyType': 'mmf', 'amtAccepted': 1655000000}, {'counterpartyType': 'pd', 'amtAccepted': 0}]"
RP 061219 1,2019-06-12,Reverse Repo,,1705000000,"[{'counterpartyType': 'bank', 'amtAccepted': 0}, {'counterpartyType': 'gse', 'amtAccepted': 0}, {'counterpartyType': 'mmf', 'amtAccepted': 1705000000}, {'counterpartyType': 'pd', 'amtAccepted': 0}]"
RP 061119 1,2019-06-11,Reverse Repo,,1007000000,"[{'counterpartyType': 'bank', 'amtAccepted': 1000000}, {'counterpartyType': 'gse', 'amtAccepted': 0}, {'counterpartyType': 'mmf', 'amtAccepted': 1005000000}, {'counterpartyType': 'pd', 'amtAccepted': 1000000}]"
RP 061019 1,2019-06-10,Reverse Repo,,2105000000,"[{'counterpartyType': 'bank', 'amtAccepted': 0}, {'counterpartyType': 'gse', 'amtAccepted': 0}, {'counterpartyType': 'mmf', 'amtAccepted': 2105000000}, {'counterpartyType': 'pd', 'amtAccepted': 0}]"
RP 060719 1,2019-06-07,Reverse Repo,,1910000000,"[{'counterpartyType': 'bank', 'amtAccepted': 0}, {'counterpartyType': 'gse', 'amtAccepted': 10000000}, {'counterpartyType': 'mmf', 'amtAccepted': 1900000000}, {'counterpartyType': 'pd', 'amtAccepted': 0}]"
RP 060619 1,2019-06-06,Reverse Repo,,2210000000,"[{'counterpartyType': 'bank', 'amtAccepted': 0}, {'counterpartyType': 'gse', 'amtAccepted': 0}, {'counterpartyType': 'mmf', 'amtAccepted': 2210000000}, {'counterpartyType': 'pd', 'amtAccepted': 0}]"
RP 060519 1,2019-06-05,Reverse Repo,,2255000000,"[{'counterpartyType': 'bank', 'amtAccepted': 0}, {'counterpartyType': 'gse', 'amtAccepted': 0}, {'counterpartyType': 'mmf', 'amtAccepted': 2255000000}, {'counterpartyType': 'pd', 'amtAccepted': 0}]"
RP 060419 1,2019-06-04,Reverse Repo,,1891000000,"[{'counterpartyType': 'bank', 'amtAccepted': 1000000}, {'counterpartyType': 'gse', 'amtAccepted': 0}, {'counterpartyType': 'mmf', 'amtAccepted': 1890000000}, {'counterpartyType': 'pd', 'amtAccepted': 0}]"
RP 060319 1,2019-06-03,Reverse Repo,,1255000000,"[{'counterpartyType': 'bank', 'amtAccepted': 0}, {'counterpartyType': 'gse', 'amtAccepted': 0}, {'counterpartyType': 'mmf', 'amtAccepted': 1255000000}, {'counterpartyType': 'pd', 'amtAccepted': 0}]"
RP 053119 1,2019-05-31,Reverse Repo,,855000000,"[{'counterpartyType': 'bank', 'amtAccepted': 0}, {'counterpartyType': 'gse', 'amtAccepted': 0}, {'counterpartyType': 'mmf', 'amtAccepted': 855000000}, {'counterpartyType': 'pd', 'amtAccepted': 0}]"
RP 053019 1,2019-05-30,Reverse Repo,,1026000000,"[{'counterpartyType': 'bank', 'amtAccepted': 1000000}, {'counterpartyType': 'gse', 'amtAccepted': 0}, {'counterpartyType': 'mmf', 'amtAccepted': 1025000000}, {'counterpartyType': 'pd', 'amtAccepted': 0}]"
RP 052919 1,2019-05-29,Reverse Repo,,2226000000,"[{'counterpartyType': 'bank', 'amtAccepted': 1000000}, {'counterpartyType': 'gse', 'amtAccepted': 0}, {'counterpartyType': 'mmf', 'amtAccepted': 2225000000}, {'counterpartyType': 'pd', 'amtAccepted': 0}]"
RP 052819 1,2019-05-28,Reverse Repo,,1520000000,"[{'counterpartyType': 'bank', 'amtAccepted': 0}, {'counterpartyType': 'gse', 'amtAccepted': 0}, {'counterpartyType': 'mmf', 'amtAccepted': 1520000000}, {'counterpartyType': 'pd', 'amtAccepted': 0}]"
RP 052419 1,2019-05-24,Reverse Repo,,5956000000,"[{'counterpartyType': 'bank', 'amtAccepted': 1000000}, {'counterpartyType': 'gse', 'amtAccepted': 4900000000}, {'counterpartyType': 'mmf', 'amtAccepted': 1055000000}, {'counterpartyType': 'pd', 'amtAccepted': 0}]"
RP 052319 1,2019-05-23,Reverse Repo,,4930000000,"[{'counterpartyType': 'bank', 'amtAccepted': 0}, {'counterpartyType': 'gse', 'amtAccepted': 3450000000}, {'counterpartyType': 'mmf', 'amtAccepted': 1480000000}, {'counterpartyType': 'pd', 'amtAccepted': 0}]"
RP 052219 1,2019-05-22,Reverse Repo,,3751000000,"[{'counterpartyType': 'bank', 'amtAccepted': 1000000}, {'counterpartyType': 'gse', 'amtAccepted': 2700000000}, {'counterpartyType': 'mmf', 'amtAccepted': 1050000000}, {'counterpartyType': 'pd', 'amtAccepted': 0}]"
RP 052119 1,2019-05-21,Reverse Repo,"See announcement from <a href=""https://www.newyorkfed.org/markets/opolicy/operating_policy_190506.html""> May 6, 2019</a>.",73000000,"[{'counterpartyType': 'bank', 'amtAccepted': 3000000}, {'counterpartyType': 'gse', 'amtAccepted': 5000000}, {'counterpartyType': 'mmf', 'amtAccepted': 43000000}, {'counterpartyType': 'pd', 'amtAccepted': 22000000}]"
RP 052119 2,2019-05-21,Reverse Repo,,3705000000,"[{'counterpartyType': 'bank', 'amtAccepted': 0}, {'counterpartyType': 'gse', 'amtAccepted': 2250000000}, {'counterpartyType': 'mmf', 'amtAccepted': 1455000000}, {'counterpartyType': 'pd', 'amtAccepted': 0}]"
RP 052019 1,2019-05-20,Reverse Repo,,8105000000,"[{'counterpartyType': 'bank', 'amtAccepted': 0}, {'counterpartyType': 'gse', 'amtAccepted': 6750000000}, {'counterpartyType': 'mmf', 'amtAccepted': 1355000000}, {'counterpartyType': 'pd', 'amtAccepted': 0}]"
RP 051719 1,2019-05-17,Reverse Repo,,9700000000,"[{'counterpartyType': 'bank', 'amtAccepted': 0}, {'counterpartyType': 'gse', 'amtAccepted': 8550000000}, {'counterpartyType': 'mmf', 'amtAccepted': 1150000000}, {'counterpartyType': 'pd', 'amtAccepted': 0}]"
RP 051619 1,2019-05-16,Reverse Repo,,1750000000,"[{'counterpartyType': 'bank', 'amtAccepted': 0}, {'counterpartyType': 'gse', 'amtAccepted': 0}, {'counterpartyType': 'mmf', 'amtAccepted': 1750000000}, {'counterpartyType': 'pd', 'amtAccepted': 0}]"
RP 051519 2,2019-05-15,Reverse Repo,,460000000,"[{'counterpartyType': 'bank', 'amtAccepted': 1000000}, {'counterpartyType': 'gse', 'amtAccepted': 9000000}, {'counterpartyType': 'mmf', 'amtAccepted': 450000000}, {'counterpartyType': 'pd', 'amtAccepted': 0}]"
RP 051519 1,2019-05-15,Reverse Repo,"See announcement from <a href=""https://www.newyorkfed.org/markets/opolicy/operating_policy_190506.html""> May 6, 2019</a>.",102000000,"[{'counterpartyType': 'bank', 'amtAccepted': 10000000}, {'counterpartyType': 'gse', 'amtAccepted': 9000000}, {'counterpartyType': 'mmf', 'amtAccepted': 60000000}, {'counterpartyType': 'pd', 'amtAccepted': 23000000}]"
RP 051419 1,2019-05-14,Reverse Repo,,1370000000,"[{'counterpartyType': 'bank', 'amtAccepted': 10000000}, {'counterpartyType': 'gse', 'amtAccepted': 10000000}, {'counterpartyType': 'mmf', 'amtAccepted': 1300000000}, {'counterpartyType': 'pd', 'amtAccepted': 50000000}]"
RP 051319 2,2019-05-13,Reverse Repo,,111000000,"[{'counterpartyType': 'bank', 'amtAccepted': 1000000}, {'counterpartyType': 'gse', 'amtAccepted': 10000000}, {'counterpartyType': 'mmf', 'amtAccepted': 100000000}, {'counterpartyType': 'pd', 'amtAccepted': 0}]"
RP 051019 1,2019-05-10,Reverse Repo,,271000000,"[{'counterpartyType': 'bank', 'amtAccepted': 0}, {'counterpartyType': 'gse', 'amtAccepted': 10000000}, {'counterpartyType': 'mmf', 'amtAccepted': 261000000}, {'counterpartyType': 'pd', 'amtAccepted': 0}]"
RP 050919 1,2019-05-09,Reverse Repo,,516000000,"[{'counterpartyType': 'bank', 'amtAccepted': 0}, {'counterpartyType': 'gse', 'amtAccepted': 10000000}, {'counterpartyType': 'mmf', 'amtAccepted': 506000000}, {'counterpartyType': 'pd', 'amtAccepted': 0}]"
RP 050819 2,2019-05-08,Reverse Repo,,21000000,"[{'counterpartyType': 'bank', 'amtAccepted': 1000000}, {'counterpartyType': 'gse', 'amtAccepted': 15000000}, {'counterpartyType': 'mmf', 'amtAccepted': 5000000}, {'counterpartyType': 'pd', 'amtAccepted': 0}]"
RP 050719 1,2019-05-07,Reverse Repo,,961000000,"[{'counterpartyType': 'bank', 'amtAccepted': 0}, {'counterpartyType': 'gse', 'amtAccepted': 11000000}, {'counterpartyType': 'mmf', 'amtAccepted': 900000000}, {'counterpartyType': 'pd', 'amtAccepted': 50000000}]"
RP 050619 1,2019-05-06,Reverse Repo,,67000000,"[{'counterpartyType': 'bank', 'amtAccepted': 2000000}, {'counterpartyType': 'gse', 'amtAccepted': 10000000}, {'counterpartyType': 'mmf', 'amtAccepted': 5000000}, {'counterpartyType': 'pd', 'amtAccepted': 50000000}]"
RP 050319 1,2019-05-03,Reverse Repo,,10000000,"[{'counterpartyType': 'bank', 'amtAccepted': 0}, {'counterpartyType': 'gse', 'amtAccepted': 10000000}, {'counterpartyType': 'mmf', 'amtAccepted': 0}, {'counterpartyType': 'pd', 'amtAccepted': 0}]"
RP 050219 1,2019-05-02,Reverse Repo,,23000000,"[{'counterpartyType': 'bank', 'amtAccepted': 0}, {'counterpartyType': 'gse', 'amtAccepted': 10000000}, {'counterpartyType': 'mmf', 'amtAccepted': 13000000}, {'counterpartyType': 'pd', 'amtAccepted': 0}]"
RP 050119 1,2019-05-01,Reverse Repo,,27000000,"[{'counterpartyType': 'bank', 'amtAccepted': 0}, {'counterpartyType': 'gse', 'amtAccepted': 10000000}, {'counterpartyType': 'mmf', 'amtAccepted': 17000000}, {'counterpartyType': 'pd', 'amtAccepted': 0}]"
RP 043019 1,2019-04-30,Reverse Repo,,15000000,"[{'counterpartyType': 'bank', 'amtAccepted': 0}, {'counterpartyType': 'gse', 'amtAccepted': 10000000}, {'counterpartyType': 'mmf', 'amtAccepted': 5000000}, {'counterpartyType': 'pd', 'amtAccepted': 0}]"
RP 042919 1,2019-04-29,Reverse Repo,,615000000,"[{'counterpartyType': 'bank', 'amtAccepted': 0}, {'counterpartyType': 'gse', 'amtAccepted': 10000000}, {'counterpartyType': 'mmf', 'amtAccepted': 605000000}, {'counterpartyType': 'pd', 'amtAccepted': 0}]"
RP 042619 1,2019-04-26,Reverse Repo,,915000000,"[{'counterpartyType': 'bank', 'amtAccepted': 0}, {'counterpartyType': 'gse', 'amtAccepted': 10000000}, {'counterpartyType': 'mmf', 'amtAccepted': 905000000}, {'counterpartyType': 'pd', 'amtAccepted': 0}]"
RP 042519 1,2019-04-25,Reverse Repo,,610000000,"[{'counterpartyType': 'bank', 'amtAccepted': 0}, {'counterpartyType': 'gse', 'amtAccepted': 10000000}, {'counterpartyType': 'mmf', 'amtAccepted': 600000000}, {'counterpartyType': 'pd', 'amtAccepted': 0}]"
RP 042419 1,2019-04-24,Reverse Repo,,9515000000,"[{'counterpartyType': 'bank', 'amtAccepted': 0}, {'counterpartyType': 'gse', 'amtAccepted': 8535000000}, {'counterpartyType': 'mmf', 'amtAccepted': 955000000}, {'counterpartyType': 'pd', 'amtAccepted': 25000000}]"
RP 042319 1,2019-04-23,Reverse Repo,,5690000000,"[{'counterpartyType': 'bank', 'amtAccepted': 0}, {'counterpartyType': 'gse', 'amtAccepted': 4310000000}, {'counterpartyType': 'mmf', 'amtAccepted': 1380000000}, {'counterpartyType': 'pd', 'amtAccepted': 0}]"
RP 042219 1,2019-04-22,Reverse Repo,,1117000000,"[{'counterpartyType': 'bank', 'amtAccepted': 0}, {'counterpartyType': 'gse', 'amtAccepted': 442000000}, {'counterpartyType': 'mmf', 'amtAccepted': 675000000}, {'counterpartyType': 'pd', 'amtAccepted': 0}]"
RP 041819 1,2019-04-18,Reverse Repo,,440000000,
RP 041719 1,2019-04-17,Reverse Repo,,15000000,"[{'counterpartyType': 'bank', 'amtAccepted': 0}, {'counterpartyType': 'gse', 'amtAccepted': 10000000}, {'counterpartyType': 'mmf', 'amtAccepted': 5000000}, {'counterpartyType': 'pd', 'amtAccepted': 0}]"
RP 041619 1,2019-04-16,Reverse Repo,,700000000,"[{'counterpartyType': 'bank', 'amtAccepted': 0}, {'counterpartyType': 'gse', 'amtAccepted': 10000000}, {'counterpartyType': 'mmf', 'amtAccepted': 690000000}, {'counterpartyType': 'pd', 'amtAccepted': 0}]"
RP 041519 1,2019-04-15,Reverse Repo,,18000000,"[{'counterpartyType': 'bank', 'amtAccepted': 0}, {'counterpartyType': 'gse', 'amtAccepted': 10000000}, {'counterpartyType': 'mmf', 'amtAccepted': 8000000}, {'counterpartyType': 'pd', 'amtAccepted': 0}]"
RP 041219 1,2019-04-12,Reverse Repo,,16000000,"[{'counterpartyType': 'bank', 'amtAccepted': 1000000}, {'counterpartyType': 'gse', 'amtAccepted': 10000000}, {'counterpartyType': 'mmf', 'amtAccepted': 5000000}, {'counterpartyType': 'pd', 'amtAccepted': 0}]"
RP 041119 1,2019-04-11,Reverse Repo,,122000000,"[{'counterpartyType': 'bank', 'amtAccepted': 2000000}, {'counterpartyType': 'gse', 'amtAccepted': 10000000}, {'counterpartyType': 'mmf', 'amtAccepted': 110000000}, {'counterpartyType': 'pd', 'amtAccepted': 0}]"
RP 041019 1,2019-04-10,Reverse Repo,,2731000000,"[{'counterpartyType': 'bank', 'amtAccepted': 1000000}, {'counterpartyType': 'gse', 'amtAccepted': 2510000000}, {'counterpartyType': 'mmf', 'amtAccepted': 220000000}, {'counterpartyType': 'pd', 'amtAccepted': 0}]"
RP 040919 1,2019-04-09,Reverse Repo,,410000000,"[{'counterpartyType': 'bank', 'amtAccepted': 0}, {'counterpartyType': 'gse', 'amtAccepted': 10000000}, {'counterpartyType': 'mmf', 'amtAccepted': 400000000}, {'counterpartyType': 'pd', 'amtAccepted': 0}]"
RP 040819 1,2019-04-08,Reverse Repo,,284000000,"[{'counterpartyType': 'bank', 'amtAccepted': 0}, {'counterpartyType': 'gse', 'amtAccepted': 11000000}, {'counterpartyType': 'mmf', 'amtAccepted': 273000000}, {'counterpartyType': 'pd', 'amtAccepted': 0}]"
RP 040519 1,2019-04-05,Reverse Repo,,15000000,"[{'counterpartyType': 'bank', 'amtAccepted': 0}, {'counterpartyType': 'gse', 'amtAccepted': 10000000}, {'counterpartyType': 'mmf', 'amtAccepted': 5000000}, {'counterpartyType': 'pd', 'amtAccepted': 0}]"
RP 040419 1,2019-04-04,Reverse Repo,,615000000,"[{'counterpartyType': 'bank', 'amtAccepted': 0}, {'counterpartyType': 'gse', 'amtAccepted': 10000000}, {'counterpartyType': 'mmf', 'amtAccepted': 605000000}, {'counterpartyType': 'pd', 'amtAccepted': 0}]"
RP 040319 1,2019-04-03,Reverse Repo,,16000000,"[{'counterpartyType': 'bank', 'amtAccepted': 1000000}, {'counterpartyType': 'gse', 'amtAccepted': 10000000}, {'counterpartyType': 'mmf', 'amtAccepted': 5000000}, {'counterpartyType': 'pd', 'amtAccepted': 0}]"
RP 040219 1,2019-04-02,Reverse Repo,,19000000,"[{'counterpartyType': 'bank', 'amtAccepted': 0}, {'counterpartyType': 'gse', 'amtAccepted': 10000000}, {'counterpartyType': 'mmf', 'amtAccepted': 9000000}, {'counterpartyType': 'pd', 'amtAccepted': 0}]"
RP 040119 1,2019-04-01,Reverse Repo,,11000000,"[{'counterpartyType': 'bank', 'amtAccepted': 0}, {'counterpartyType': 'gse', 'amtAccepted': 10000000}, {'counterpartyType': 'mmf', 'amtAccepted': 0}, {'counterpartyType': 'pd', 'amtAccepted': 1000000}]"
RP 032919 1,2019-03-29,Reverse Repo,,731000000,"[{'counterpartyType': 'bank', 'amtAccepted': 0}, {'counterpartyType': 'gse', 'amtAccepted': 10000000}, {'counterpartyType': 'mmf', 'amtAccepted': 721000000}, {'counterpartyType': 'pd', 'amtAccepted': 0}]"
RP 032819 1,2019-03-28,Reverse Repo,,515000000,"[{'counterpartyType': 'bank', 'amtAccepted': 0}, {'counterpartyType': 'gse', 'amtAccepted': 10000000}, {'counterpartyType': 'mmf', 'amtAccepted': 505000000}, {'counterpartyType': 'pd', 'amtAccepted': 0}]"
RP 032719 1,2019-03-27,Reverse Repo,,166000000,"[{'counterpartyType': 'bank', 'amtAccepted': 0}, {'counterpartyType': 'gse', 'amtAccepted': 10000000}, {'counterpartyType': 'mmf', 'amtAccepted': 156000000}, {'counterpartyType': 'pd', 'amtAccepted': 0}]"
RP 032619 1,2019-03-26,Reverse Repo,,566000000,"[{'counterpartyType': 'bank', 'amtAccepted': 0}, {'counterpartyType': 'gse', 'amtAccepted': 10000000}, {'counterpartyType': 'mmf', 'amtAccepted': 556000000}, {'counterpartyType': 'pd', 'amtAccepted': 0}]"
RP 032519 1,2019-03-25,Reverse Repo,,129000000,"[{'counterpartyType': 'bank', 'amtAccepted': 0}, {'counterpartyType': 'gse', 'amtAccepted': 20000000}, {'counterpartyType': 'mmf', 'amtAccepted': 109000000}, {'counterpartyType': 'pd', 'amtAccepted': 0}]"
RP 032219 1,2019-03-22,Reverse Repo,,5016000000,"[{'counterpartyType': 'bank', 'amtAccepted': 0}, {'counterpartyType': 'gse', 'amtAccepted': 5010000000}, {'counterpartyType': 'mmf', 'amtAccepted': 6000000}, {'counterpartyType': 'pd', 'amtAccepted': 0}]"
RP 032119 1,2019-03-21,Reverse Repo,,411000000,"[{'counterpartyType': 'bank', 'amtAccepted': 1000000}, {'counterpartyType': 'gse', 'amtAccepted': 210000000}, {'counterpartyType': 'mmf', 'amtAccepted': 200000000}, {'counterpartyType': 'pd', 'amtAccepted': 0}]"
RP 032019 1,2019-03-20,Reverse Repo,,617000000,"[{'counterpartyType': 'bank', 'amtAccepted': 2000000}, {'counterpartyType': 'gse', 'amtAccepted': 610000000}, {'counterpartyType': 'mmf', 'amtAccepted': 5000000}, {'counterpartyType': 'pd', 'amtAccepted': 0}]"
RP 031919 1,2019-03-19,Reverse Repo,,2515000000,"[{'counterpartyType': 'bank', 'amtAccepted': 0}, {'counterpartyType': 'gse', 'amtAccepted': 2060000000}, {'counterpartyType': 'mmf', 'amtAccepted': 455000000}, {'counterpartyType': 'pd', 'amtAccepted': 0}]"
RP 031819 1,2019-03-18,Reverse Repo,,3169000000,"[{'counterpartyType': 'bank', 'amtAccepted': 0}, {'counterpartyType': 'gse', 'amtAccepted': 3161000000}, {'counterpartyType': 'mmf', 'amtAccepted': 8000000}, {'counterpartyType': 'pd', 'amtAccepted': 0}]"
RP 031519 1,2019-03-15,Reverse Repo,,15000000,"[{'counterpartyType': 'bank', 'amtAccepted': 0}, {'counterpartyType': 'gse', 'amtAccepted': 10000000}, {'counterpartyType': 'mmf', 'amtAccepted': 5000000}, {'counterpartyType': 'pd', 'amtAccepted': 0}]"
RP 031419 1,2019-03-14,Reverse Repo,,19000000,"[{'counterpartyType': 'bank', 'amtAccepted': 1000000}, {'counterpartyType': 'gse', 'amtAccepted': 11000000}, {'counterpartyType': 'mmf', 'amtAccepted': 6000000}, {'counterpartyType': 'pd', 'amtAccepted': 1000000}]"
RP 031319 1,2019-03-13,Reverse Repo,,16000000,"[{'counterpartyType': 'bank', 'amtAccepted': 1000000}, {'counterpartyType': 'gse', 'amtAccepted': 10000000}, {'counterpartyType': 'mmf', 'amtAccepted': 5000000}, {'counterpartyType': 'pd', 'amtAccepted': 0}]"
RP 031219 1,2019-03-12,Reverse Repo,,27000000,"[{'counterpartyType': 'bank', 'amtAccepted': 12000000}, {'counterpartyType': 'gse', 'amtAccepted': 10000000}, {'counterpartyType': 'mmf', 'amtAccepted': 5000000}, {'counterpartyType': 'pd', 'amtAccepted': 0}]"
RP 031119 1,2019-03-11,Reverse Repo,,19000000,"[{'counterpartyType': 'bank', 'amtAccepted': 0}, {'counterpartyType': 'gse', 'amtAccepted': 10000000}, {'counterpartyType': 'mmf', 'amtAccepted': 9000000}, {'counterpartyType': 'pd', 'amtAccepted': 0}]"
RP 030819 1,2019-03-08,Reverse Repo,,15000000,"[{'counterpartyType': 'bank', 'amtAccepted': 0}, {'counterpartyType': 'gse', 'amtAccepted': 10000000}, {'counterpartyType': 'mmf', 'amtAccepted': 5000000}, {'counterpartyType': 'pd', 'amtAccepted': 0}]"
RP 030719 1,2019-03-07,Reverse Repo,,717000000,"[{'counterpartyType': 'bank', 'amtAccepted': 1000000}, {'counterpartyType': 'gse', 'amtAccepted': 11000000}, {'counterpartyType': 'mmf', 'amtAccepted': 705000000}, {'counterpartyType': 'pd', 'amtAccepted': 0}]"
RP 030619 1,2019-03-06,Reverse Repo,,2115000000,"[{'counterpartyType': 'bank', 'amtAccepted': 0}, {'counterpartyType': 'gse', 'amtAccepted': 10000000}, {'counterpartyType': 'mmf', 'amtAccepted': 2105000000}, {'counterpartyType': 'pd', 'amtAccepted': 0}]"
RP 030519 1,2019-03-05,Reverse Repo,,3119000000,"[{'counterpartyType': 'bank', 'amtAccepted': 0}, {'counterpartyType': 'gse', 'amtAccepted': 10000000}, {'counterpartyType': 'mmf', 'amtAccepted': 3109000000}, {'counterpartyType': 'pd', 'amtAccepted': 0}]"
RP 030419 1,2019-03-04,Reverse Repo,,2917000000,"[{'counterpartyType': 'bank', 'amtAccepted': 1000000}, {'counterpartyType': 'gse', 'amtAccepted': 10000000}, {'counterpartyType': 'mmf', 'amtAccepted': 2906000000}, {'counterpartyType': 'pd', 'amtAccepted': 0}]"
RP 030119 1,2019-03-01,Reverse Repo,,2015000000,"[{'counterpartyType': 'bank', 'amtAccepted': 0}, {'counterpartyType': 'gse', 'amtAccepted': 10000000}, {'counterpartyType': 'mmf', 'amtAccepted': 2005000000}, {'counterpartyType': 'pd', 'amtAccepted': 0}]"
RP 022819 1,2019-02-28,Reverse Repo,,3415000000,"[{'counterpartyType': 'bank', 'amtAccepted': 0}, {'counterpartyType': 'gse', 'amtAccepted': 10000000}, {'counterpartyType': 'mmf', 'amtAccepted': 3405000000}, {'counterpartyType': 'pd', 'amtAccepted': 0}]"
RP 022719 1,2019-02-27,Reverse Repo,,1915000000,"[{'counterpartyType': 'bank', 'amtAccepted': 0}, {'counterpartyType': 'gse', 'amtAccepted': 10000000}, {'counterpartyType': 'mmf', 'amtAccepted': 1905000000}, {'counterpartyType': 'pd', 'amtAccepted': 0}]"
RP 022619 1,2019-02-26,Reverse Repo,,1815000000,"[{'counterpartyType': 'bank', 'amtAccepted': 0}, {'counterpartyType': 'gse', 'amtAccepted': 10000000}, {'counterpartyType': 'mmf', 'amtAccepted': 1805000000}, {'counterpartyType': 'pd', 'amtAccepted': 0}]"
RP 022519 1,2019-02-25,Reverse Repo,,1375000000,"[{'counterpartyType': 'bank', 'amtAccepted': 0}, {'counterpartyType': 'gse', 'amtAccepted': 10000000}, {'counterpartyType': 'mmf', 'amtAccepted': 1365000000}, {'counterpartyType': 'pd', 'amtAccepted': 0}]"
RP 022219 1,2019-02-22,Reverse Repo,,6665000000,"[{'counterpartyType': 'bank', 'amtAccepted': 0}, {'counterpartyType': 'gse', 'amtAccepted': 4960000000}, {'counterpartyType': 'mmf', 'amtAccepted': 1705000000}, {'counterpartyType': 'pd', 'amtAccepted': 0}]"
RP 022119 1,2019-02-21,Reverse Repo,,1725000000,"[{'counterpartyType': 'bank', 'amtAccepted': 0}, {'counterpartyType': 'gse', 'amtAccepted': 110000000}, {'counterpartyType': 'mmf', 'amtAccepted': 1615000000}, {'counterpartyType': 'pd', 'amtAccepted': 0}]"
RP 022019 1,2019-02-20,Reverse Repo,,2275000000,"[{'counterpartyType': 'bank', 'amtAccepted': 10000000}, {'counterpartyType': 'gse', 'amtAccepted': 660000000}, {'counterpartyType': 'mmf', 'amtAccepted': 1605000000}, {'counterpartyType': 'pd', 'amtAccepted': 0}]"
RP 021919 1,2019-02-19,Reverse Repo,,1967000000,"[{'counterpartyType': 'bank', 'amtAccepted': 1000000}, {'counterpartyType': 'gse', 'amtAccepted': 310000000}, {'counterpartyType': 'mmf', 'amtAccepted': 1656000000}, {'counterpartyType': 'pd', 'amtAccepted': 0}]"
RP 021519 1,2019-02-15,Reverse Repo,,5271000000,"[{'counterpartyType': 'bank', 'amtAccepted': 0}, {'counterpartyType': 'gse', 'amtAccepted': 3860000000}, {'counterpartyType': 'mmf', 'amtAccepted': 1411000000}, {'counterpartyType': 'pd', 'amtAccepted': 0}]"
RP 021419 1,2019-02-14,Reverse Repo,,1341000000,"[{'counterpartyType': 'bank', 'amtAccepted': 1000000}, {'counterpartyType': 'gse', 'amtAccepted': 10000000}, {'counterpartyType': 'mmf', 'amtAccepted': 1330000000}, {'counterpartyType': 'pd', 'amtAccepted': 0}]"
RP 021319 1,2019-02-13,Reverse Repo,,1697000000,"[{'counterpartyType': 'bank', 'amtAccepted': 12000000}, {'counterpartyType': 'gse', 'amtAccepted': 10000000}, {'counterpartyType': 'mmf', 'amtAccepted': 1675000000}, {'counterpartyType': 'pd', 'amtAccepted': 0}]"
RP 021219 1,2019-02-12,Reverse Repo,,1658000000,"[{'counterpartyType': 'bank', 'amtAccepted': 1000000}, {'counterpartyType': 'gse', 'amtAccepted': 115000000}, {'counterpartyType': 'mmf', 'amtAccepted': 1542000000}, {'counterpartyType': 'pd', 'amtAccepted': 0}]"
RP 021119 1,2019-02-11,Reverse Repo,,2006000000,"[{'counterpartyType': 'bank', 'amtAccepted': 0}, {'counterpartyType': 'gse', 'amtAccepted': 140000000}, {'counterpartyType': 'mmf', 'amtAccepted': 1816000000}, {'counterpartyType': 'pd', 'amtAccepted': 50000000}]"
RP 020819 1,2019-02-08,Reverse Repo,,2016000000,"[{'counterpartyType': 'bank', 'amtAccepted': 1000000}, {'counterpartyType': 'gse', 'amtAccepted': 10000000}, {'counterpartyType': 'mmf', 'amtAccepted': 2005000000}, {'counterpartyType': 'pd', 'amtAccepted': 0}]"
RP 020719 1,2019-02-07,Reverse Repo,,2320000000,"[{'counterpartyType': 'bank', 'amtAccepted': 0}, {'counterpartyType': 'gse', 'amtAccepted': 11000000}, {'counterpartyType': 'mmf', 'amtAccepted': 2309000000}, {'counterpartyType': 'pd', 'amtAccepted': 0}]"
RP 020619 1,2019-02-06,Reverse Repo,,1926000000,"[{'counterpartyType': 'bank', 'amtAccepted': 1000000}, {'counterpartyType': 'gse', 'amtAccepted': 10000000}, {'counterpartyType': 'mmf', 'amtAccepted': 1915000000}, {'counterpartyType': 'pd', 'amtAccepted': 0}]"
RP 020519 1,2019-02-05,Reverse Repo,,1686000000,"[{'counterpartyType': 'bank', 'amtAccepted': 0}, {'counterpartyType': 'gse', 'amtAccepted': 10000000}, {'counterpartyType': 'mmf', 'amtAccepted': 1676000000}, {'counterpartyType': 'pd', 'amtAccepted': 0}]"
RP 020419 1,2019-02-04,Reverse Repo,,4515000000,"[{'counterpartyType': 'bank', 'amtAccepted': 0}, {'counterpartyType': 'gse', 'amtAccepted': 3510000000}, {'counterpartyType': 'mmf', 'amtAccepted': 1005000000}, {'counterpartyType': 'pd', 'amtAccepted': 0}]"
RP 020119 1,2019-02-01,Reverse Repo,,665000000,"[{'counterpartyType': 'bank', 'amtAccepted': 0}, {'counterpartyType': 'gse', 'amtAccepted': 10000000}, {'counterpartyType': 'mmf', 'amtAccepted': 655000000}, {'counterpartyType': 'pd', 'amtAccepted': 0}]"
RP 013119 1,2019-01-31,Reverse Repo,,1051000000,"[{'counterpartyType': 'bank', 'amtAccepted': 0}, {'counterpartyType': 'gse', 'amtAccepted': 10000000}, {'counterpartyType': 'mmf', 'amtAccepted': 1041000000}, {'counterpartyType': 'pd', 'amtAccepted': 0}]"
RP 013019 1,2019-01-30,Reverse Repo,,990000000,"[{'counterpartyType': 'bank', 'amtAccepted': 0}, {'counterpartyType': 'gse', 'amtAccepted': 10000000}, {'counterpartyType': 'mmf', 'amtAccepted': 980000000}, {'counterpartyType': 'pd', 'amtAccepted': 0}]"
RP 012919 1,2019-01-29,Reverse Repo,,1840000000,"[{'counterpartyType': 'bank', 'amtAccepted': 0}, {'counterpartyType': 'gse', 'amtAccepted': 10000000}, {'counterpartyType': 'mmf', 'amtAccepted': 1830000000}, {'counterpartyType': 'pd', 'amtAccepted': 0}]"
RP 012819 1,2019-01-28,Reverse Repo,,1265000000,"[{'counterpartyType': 'bank', 'amtAccepted': 0}, {'counterpartyType': 'gse', 'amtAccepted': 10000000}, {'counterpartyType': 'mmf', 'amtAccepted': 1255000000}, {'counterpartyType': 'pd', 'amtAccepted': 0}]"
RP 012519 1,2019-01-25,Reverse Repo,,1515000000,"[{'counterpartyType': 'bank', 'amtAccepted': 0}, {'counterpartyType': 'gse', 'amtAccepted': 10000000}, {'counterpartyType': 'mmf', 'amtAccepted': 1505000000}, {'counterpartyType': 'pd', 'amtAccepted': 0}]"
RP 012419 1,2019-01-24,Reverse Repo,,15060000000,"[{'counterpartyType': 'bank', 'amtAccepted': 0}, {'counterpartyType': 'gse', 'amtAccepted': 13460000000}, {'counterpartyType': 'mmf', 'amtAccepted': 1600000000}, {'counterpartyType': 'pd', 'amtAccepted': 0}]"
RP 012319 1,2019-01-23,Reverse Repo,,11415000000,"[{'counterpartyType': 'bank', 'amtAccepted': 0}, {'counterpartyType': 'gse', 'amtAccepted': 10460000000}, {'counterpartyType': 'mmf', 'amtAccepted': 955000000}, {'counterpartyType': 'pd', 'amtAccepted': 0}]"
RP 012219 1,2019-01-22,Reverse Repo,,10465000000,"[{'counterpartyType': 'bank', 'amtAccepted': 0}, {'counterpartyType': 'gse', 'amtAccepted': 8510000000}, {'counterpartyType': 'mmf', 'amtAccepted': 1955000000}, {'counterpartyType': 'pd', 'amtAccepted': 0}]"
RP 011819 1,2019-01-18,Reverse Repo,,13165000000,"[{'counterpartyType': 'bank', 'amtAccepted': 0}, {'counterpartyType': 'gse', 'amtAccepted': 11610000000}, {'counterpartyType': 'mmf', 'amtAccepted': 1505000000}, {'counterpartyType': 'pd', 'amtAccepted': 50000000}]"
RP 011719 1,2019-01-17,Reverse Repo,,2065000000,"[{'counterpartyType': 'bank', 'amtAccepted': 0}, {'counterpartyType': 'gse', 'amtAccepted': 10000000}, {'counterpartyType': 'mmf', 'amtAccepted': 2055000000}, {'counterpartyType': 'pd', 'amtAccepted': 0}]"
RP 011619 1,2019-01-16,Reverse Repo,,1316000000,"[{'counterpartyType': 'bank', 'amtAccepted': 1000000}, {'counterpartyType': 'gse', 'amtAccepted': 10000000}, {'counterpartyType': 'mmf', 'amtAccepted': 1305000000}, {'counterpartyType': 'pd', 'amtAccepted': 0}]"
RP 011519 1,2019-01-15,Reverse Repo,,2016000000,"[{'counterpartyType': 'bank', 'amtAccepted': 1000000}, {'counterpartyType': 'gse', 'amtAccepted': 10000000}, {'counterpartyType': 'mmf', 'amtAccepted': 2005000000}, {'counterpartyType': 'pd', 'amtAccepted': 0}]"
RP 011419 1,2019-01-14,Reverse Repo,,1205000000,"[{'counterpartyType': 'bank', 'amtAccepted': 0}, {'counterpartyType': 'gse', 'amtAccepted': 0}, {'counterpartyType': 'mmf', 'amtAccepted': 1205000000}, {'counterpartyType': 'pd', 'amtAccepted': 0}]"
RP 011119 1,2019-01-11,Reverse Repo,,2016000000,"[{'counterpartyType': 'bank', 'amtAccepted': 1000000}, {'counterpartyType': 'gse', 'amtAccepted': 10000000}, {'counterpartyType': 'mmf', 'amtAccepted': 2005000000}, {'counterpartyType': 'pd', 'amtAccepted': 0}]"
RP 011019 1,2019-01-10,Reverse Repo,,2216000000,"[{'counterpartyType': 'bank', 'amtAccepted': 1000000}, {'counterpartyType': 'gse', 'amtAccepted': 10000000}, {'counterpartyType': 'mmf', 'amtAccepted': 2205000000}, {'counterpartyType': 'pd', 'amtAccepted': 0}]"
RP 010919 1,2019-01-09,Reverse Repo,,2537000000,"[{'counterpartyType': 'bank', 'amtAccepted': 2000000}, {'counterpartyType': 'gse', 'amtAccepted': 10000000}, {'counterpartyType': 'mmf', 'amtAccepted': 2525000000}, {'counterpartyType': 'pd', 'amtAccepted': 0}]"
RP 010819 1,2019-01-08,Reverse Repo,,2811000000,"[{'counterpartyType': 'bank', 'amtAccepted': 1000000}, {'counterpartyType': 'gse', 'amtAccepted': 10000000}, {'counterpartyType': 'mmf', 'amtAccepted': 2800000000}, {'counterpartyType': 'pd', 'amtAccepted': 0}]"
RP 010719 1,2019-01-07,Reverse Repo,,2786000000,"[{'counterpartyType': 'bank', 'amtAccepted': 1000000}, {'counterpartyType': 'gse', 'amtAccepted': 10000000}, {'counterpartyType': 'mmf', 'amtAccepted': 2775000000}, {'counterpartyType': 'pd', 'amtAccepted': 0}]"
RP 010419 1,2019-01-04,Reverse Repo,,2860000000,"[{'counterpartyType': 'bank', 'amtAccepted': 0}, {'counterpartyType': 'gse', 'amtAccepted': 10000000}, {'counterpartyType': 'mmf', 'amtAccepted': 2850000000}, {'counterpartyType': 'pd', 'amtAccepted': 0}]"
RP 010319 1,2019-01-03,Reverse Repo,,7198000000,"[{'counterpartyType': 'bank', 'amtAccepted': 0}, {'counterpartyType': 'gse', 'amtAccepted': 10000000}, {'counterpartyType': 'mmf', 'amtAccepted': 7188000000}, {'counterpartyType': 'pd', 'amtAccepted': 0}]"
RP 010219 1,2019-01-02,Reverse Repo,,19481000000,"[{'counterpartyType': 'bank', 'amtAccepted': 0}, {'counterpartyType': 'gse', 'amtAccepted': 10000000}, {'counterpartyType': 'mmf', 'amtAccepted': 19471000000}, {'counterpartyType': 'pd', 'amtAccepted': 0}]"
RP 123118 1,2018-12-31,Reverse Repo,,41848000000,"[{'counterpartyType': 'bank', 'amtAccepted': 0}, {'counterpartyType': 'gse', 'amtAccepted': 2200000000}, {'counterpartyType': 'mmf', 'amtAccepted': 39648000000}, {'counterpartyType': 'pd', 'amtAccepted': 0}]"
RP 122818 1,2018-12-28,Reverse Repo,,3210000000,"[{'counterpartyType': 'bank', 'amtAccepted': 0}, {'counterpartyType': 'gse', 'amtAccepted': 0}, {'counterpartyType': 'mmf', 'amtAccepted': 3210000000}, {'counterpartyType': 'pd', 'amtAccepted': 0}]"
RP 122718 1,2018-12-27,Reverse Repo,,3100000000,"[{'counterpartyType': 'bank', 'amtAccepted': 0}, {'counterpartyType': 'gse', 'amtAccepted': 1000000000}, {'counterpartyType': 'mmf', 'amtAccepted': 2100000000}, {'counterpartyType': 'pd', 'amtAccepted': 0}]"
RP 122618 1,2018-12-26,Reverse Repo,,1005000000,"[{'counterpartyType': 'bank', 'amtAccepted': 0}, {'counterpartyType': 'gse', 'amtAccepted': 0}, {'counterpartyType': 'mmf', 'amtAccepted': 1005000000}, {'counterpartyType': 'pd', 'amtAccepted': 0}]"
RP 122418 1,2018-12-24,Reverse Repo,,7960000000,"[{'counterpartyType': 'bank', 'amtAccepted': 0}, {'counterpartyType': 'gse', 'amtAccepted': 5300000000}, {'counterpartyType': 'mmf', 'amtAccepted': 2660000000}, {'counterpartyType': 'pd', 'amtAccepted': 0}]"
RP 122118 1,2018-12-21,Reverse Repo,,8805000000,"[{'counterpartyType': 'bank', 'amtAccepted': 0}, {'counterpartyType': 'gse', 'amtAccepted': 5650000000}, {'counterpartyType': 'mmf', 'amtAccepted': 3155000000}, {'counterpartyType': 'pd', 'amtAccepted': 0}]"
RP 122018 1,2018-12-20,Reverse Repo,,9521000000,"[{'counterpartyType': 'bank', 'amtAccepted': 0}, {'counterpartyType': 'gse', 'amtAccepted': 6240000000}, {'counterpartyType': 'mmf', 'amtAccepted': 3281000000}, {'counterpartyType': 'pd', 'amtAccepted': 0}]"
RP 121918 1,2018-12-19,Reverse Repo,,5982000000,"[{'counterpartyType': 'bank', 'amtAccepted': 0}, {'counterpartyType': 'gse', 'amtAccepted': 5250000000}, {'counterpartyType': 'mmf', 'amtAccepted': 731000000}, {'counterpartyType': 'pd', 'amtAccepted': 1000000}]"
RP 121818 1,2018-12-18,Reverse Repo,,6216000000,"[{'counterpartyType': 'bank', 'amtAccepted': 0}, {'counterpartyType': 'gse', 'amtAccepted': 5060000000}, {'counterpartyType': 'mmf', 'amtAccepted': 1155000000}, {'counterpartyType': 'pd', 'amtAccepted': 1000000}]"
RP 121718 1,2018-12-17,Reverse Repo,,415000000,"[{'counterpartyType': 'bank', 'amtAccepted': 0}, {'counterpartyType': 'gse', 'amtAccepted': 10000000}, {'counterpartyType': 'mmf', 'amtAccepted': 405000000}, {'counterpartyType': 'pd', 'amtAccepted': 0}]"
RP 121418 1,2018-12-14,Reverse Repo,,315000000,"[{'counterpartyType': 'bank', 'amtAccepted': 0}, {'counterpartyType': 'gse', 'amtAccepted': 10000000}, {'counterpartyType': 'mmf', 'amtAccepted': 305000000}, {'counterpartyType': 'pd', 'amtAccepted': 0}]"
RP 121318 1,2018-12-13,Reverse Repo,,415000000,"[{'counterpartyType': 'bank', 'amtAccepted': 0}, {'counterpartyType': 'gse', 'amtAccepted': 10000000}, {'counterpartyType': 'mmf', 'amtAccepted': 405000000}, {'counterpartyType': 'pd', 'amtAccepted': 0}]"
RP 121218 1,2018-12-12,Reverse Repo,,461000000,"[{'counterpartyType': 'bank', 'amtAccepted': 1000000}, {'counterpartyType': 'gse', 'amtAccepted': 10000000}, {'counterpartyType': 'mmf', 'amtAccepted': 450000000}, {'counterpartyType': 'pd', 'amtAccepted': 0}]"
RP 121118 1,2018-12-11,Reverse Repo,,352000000,"[{'counterpartyType': 'bank', 'amtAccepted': 0}, {'counterpartyType': 'gse', 'amtAccepted': 10000000}, {'counterpartyType': 'mmf', 'amtAccepted': 342000000}, {'counterpartyType': 'pd', 'amtAccepted': 0}]"
RP 121018 1,2018-12-10,Reverse Repo,,1424000000,"[{'counterpartyType': 'bank', 'amtAccepted': 0}, {'counterpartyType': 'gse', 'amtAccepted': 15000000}, {'counterpartyType': 'mmf', 'amtAccepted': 1409000000}, {'counterpartyType': 'pd', 'amtAccepted': 0}]"
RP 120718 1,2018-12-07,Reverse Repo,,5635000000,"[{'counterpartyType': 'bank', 'amtAccepted': 0}, {'counterpartyType': 'gse', 'amtAccepted': 10000000}, {'counterpartyType': 'mmf', 'amtAccepted': 5625000000}, {'counterpartyType': 'pd', 'amtAccepted': 0}]"
RP 120618 1,2018-12-06,Reverse Repo,,3360000000,"[{'counterpartyType': 'bank', 'amtAccepted': 0}, {'counterpartyType': 'gse', 'amtAccepted': 10000000}, {'counterpartyType': 'mmf', 'amtAccepted': 3350000000}, {'counterpartyType': 'pd', 'amtAccepted': 0}]"
RP 120418 2,2018-12-04,Reverse Repo,"See announcement from <a href=""https://www.newyorkfed.org/markets/opolicy/operating_policy_181203.html""> December 03, 2018</a>.",3135000000,
RP 120318 1,2018-12-03,Reverse Repo,,2210000000,"[{'counterpartyType': 'bank', 'amtAccepted': 0}, {'counterpartyType': 'gse', 'amtAccepted': 10000000}, {'counterpartyType': 'mmf', 'amtAccepted': 2200000000}, {'counterpartyType': 'pd', 'amtAccepted': 0}]"
RP 113018 1,2018-11-30,Reverse Repo,,2490000000,"[{'counterpartyType': 'bank', 'amtAccepted': 0}, {'counterpartyType': 'gse', 'amtAccepted': 35000000}, {'counterpartyType': 'mmf', 'amtAccepted': 2455000000}, {'counterpartyType': 'pd', 'amtAccepted': 0}]"
RP 112918 1,2018-11-29,Reverse Repo,,1814000000,"[{'counterpartyType': 'bank', 'amtAccepted': 0}, {'counterpartyType': 'gse', 'amtAccepted': 9000000}, {'counterpartyType': 'mmf', 'amtAccepted': 1805000000}, {'counterpartyType': 'pd', 'amtAccepted': 0}]"
RP 112818 1,2018-11-28,Reverse Repo,"See announcement from <a href=""https://www.newyorkfed.org/markets/opolicy/operating_policy_181113"">November 13, 2018</a>.",95000000,"[{'counterpartyType': 'bank', 'amtAccepted': 7000000}, {'counterpartyType': 'gse', 'amtAccepted': 9000000}, {'counterpartyType': 'mmf', 'amtAccepted': 56000000}, {'counterpartyType': 'pd', 'amtAccepted': 23000000}]"
RP 112818 2,2018-11-28,Reverse Repo,,1464000000,"[{'counterpartyType': 'bank', 'amtAccepted': 0}, {'counterpartyType': 'gse', 'amtAccepted': 9000000}, {'counterpartyType': 'mmf', 'amtAccepted': 1455000000}, {'counterpartyType': 'pd', 'amtAccepted': 0}]"
RP 112718 1,2018-11-27,Reverse Repo,,440000000,"[{'counterpartyType': 'bank', 'amtAccepted': 0}, {'counterpartyType': 'gse', 'amtAccepted': 10000000}, {'counterpartyType': 'mmf', 'amtAccepted': 430000000}, {'counterpartyType': 'pd', 'amtAccepted': 0}]"
RP 112618 1,2018-11-26,Reverse Repo,,615000000,"[{'counterpartyType': 'bank', 'amtAccepted': 0}, {'counterpartyType': 'gse', 'amtAccepted': 10000000}, {'counterpartyType': 'mmf', 'amtAccepted': 605000000}, {'counterpartyType': 'pd', 'amtAccepted': 0}]"
RP 112318 1,2018-11-23,Reverse Repo,,13105000000,"[{'counterpartyType': 'bank', 'amtAccepted': 0}, {'counterpartyType': 'gse', 'amtAccepted': 12050000000}, {'counterpartyType': 'mmf', 'amtAccepted': 1055000000}, {'counterpartyType': 'pd', 'amtAccepted': 0}]"
RP 112118 1,2018-11-21,Reverse Repo,,16205000000,"[{'counterpartyType': 'bank', 'amtAccepted': 0}, {'counterpartyType': 'gse', 'amtAccepted': 15950000000}, {'counterpartyType': 'mmf', 'amtAccepted': 255000000}, {'counterpartyType': 'pd', 'amtAccepted': 0}]"
RP 112018 1,2018-11-20,Reverse Repo,,15235000000,"[{'counterpartyType': 'bank', 'amtAccepted': 0}, {'counterpartyType': 'gse', 'amtAccepted': 14510000000}, {'counterpartyType': 'mmf', 'amtAccepted': 725000000}, {'counterpartyType': 'pd', 'amtAccepted': 0}]"
RP 111918 1,2018-11-19,Reverse Repo,"See announcement from <a href=""https://www.newyorkfed.org/markets/opolicy/operating_policy_181113"">November 13, 2018</a>.The settled amount is $1 million less than the accepted amount due to an unsettled trade.",72000000,"[{'counterpartyType': 'bank', 'amtAccepted': 4000000}, {'counterpartyType': 'gse', 'amtAccepted': 4000000}, {'counterpartyType': 'mmf', 'amtAccepted': 42000000}, {'counterpartyType': 'pd', 'amtAccepted': 22000000}]"
RP 111918 2,2018-11-19,Reverse Repo,,16295000000,"[{'counterpartyType': 'bank', 'amtAccepted': 0}, {'counterpartyType': 'gse', 'amtAccepted': 15990000000}, {'counterpartyType': 'mmf', 'amtAccepted': 305000000}, {'counterpartyType': 'pd', 'amtAccepted': 0}]"
RP 111618 1,2018-11-16,Reverse Repo,,18565000000,"[{'counterpartyType': 'bank', 'amtAccepted': 0}, {'counterpartyType': 'gse', 'amtAccepted': 18260000000}, {'counterpartyType': 'mmf', 'amtAccepted': 305000000}, {'counterpartyType': 'pd', 'amtAccepted': 0}]"
RP 111518 2,2018-11-15,Reverse Repo,,494000000,"[{'counterpartyType': 'bank', 'amtAccepted': 0}, {'counterpartyType': 'gse', 'amtAccepted': 10000000}, {'counterpartyType': 'mmf', 'amtAccepted': 484000000}, {'counterpartyType': 'pd', 'amtAccepted': 0}]"
RP 111418 1,2018-11-14,Reverse Repo,,660000000,"[{'counterpartyType': 'bank', 'amtAccepted': 0}, {'counterpartyType': 'gse', 'amtAccepted': 10000000}, {'counterpartyType': 'mmf', 'amtAccepted': 650000000}, {'counterpartyType': 'pd', 'amtAccepted': 0}]"
RP 111318 1,2018-11-13,Reverse Repo,,1065000000,"[{'counterpartyType': 'bank', 'amtAccepted': 0}, {'counterpartyType': 'gse', 'amtAccepted': 10000000}, {'counterpartyType': 'mmf', 'amtAccepted': 1055000000}, {'counterpartyType': 'pd', 'amtAccepted': 0}]"
RP 110918 1,2018-11-09,Reverse Repo,,401000000,"[{'counterpartyType': 'bank', 'amtAccepted': 0}, {'counterpartyType': 'gse', 'amtAccepted': 10000000}, {'counterpartyType': 'mmf', 'amtAccepted': 391000000}, {'counterpartyType': 'pd', 'amtAccepted': 0}]"
RP 110818 1,2018-11-08,Reverse Repo,,1166000000,"[{'counterpartyType': 'bank', 'amtAccepted': 0}, {'counterpartyType': 'gse', 'amtAccepted': 10000000}, {'counterpartyType': 'mmf', 'amtAccepted': 1156000000}, {'counterpartyType': 'pd', 'amtAccepted': 0}]"
RP 110718 1,2018-11-07,Reverse Repo,,1875000000,"[{'counterpartyType': 'bank', 'amtAccepted': 10000000}, {'counterpartyType': 'gse', 'amtAccepted': 10000000}, {'counterpartyType': 'mmf', 'amtAccepted': 1755000000}, {'counterpartyType': 'pd', 'amtAccepted': 100000000}]"
RP 110618 1,2018-11-06,Reverse Repo,,2540000000,"[{'counterpartyType': 'bank', 'amtAccepted': 0}, {'counterpartyType': 'gse', 'amtAccepted': 10000000}, {'counterpartyType': 'mmf', 'amtAccepted': 2530000000}, {'counterpartyType': 'pd', 'amtAccepted': 0}]"
RP 110518 1,2018-11-05,Reverse Repo,,1465000000,"[{'counterpartyType': 'bank', 'amtAccepted': 0}, {'counterpartyType': 'gse', 'amtAccepted': 10000000}, {'counterpartyType': 'mmf', 'amtAccepted': 1455000000}, {'counterpartyType': 'pd', 'amtAccepted': 0}]"
RP 110218 1,2018-11-02,Reverse Repo,,1510000000,"[{'counterpartyType': 'bank', 'amtAccepted': 0}, {'counterpartyType': 'gse', 'amtAccepted': 10000000}, {'counterpartyType': 'mmf', 'amtAccepted': 1500000000}, {'counterpartyType': 'pd', 'amtAccepted': 0}]"
RP 110118 1,2018-11-01,Reverse Repo,,4640000000,"[{'counterpartyType': 'bank', 'amtAccepted': 0}, {'counterpartyType': 'gse', 'amtAccepted': 3010000000}, {'counterpartyType': 'mmf', 'amtAccepted': 1630000000}, {'counterpartyType': 'pd', 'amtAccepted': 0}]"
RP 103118 1,2018-10-31,Reverse Repo,,4815000000,"[{'counterpartyType': 'bank', 'amtAccepted': 0}, {'counterpartyType': 'gse', 'amtAccepted': 10000000}, {'counterpartyType': 'mmf', 'amtAccepted': 4805000000}, {'counterpartyType': 'pd', 'amtAccepted': 0}]"
RP 103018 1,2018-10-30,Reverse Repo,,715000000,"[{'counterpartyType': 'bank', 'amtAccepted': 0}, {'counterpartyType': 'gse', 'amtAccepted': 10000000}, {'counterpartyType': 'mmf', 'amtAccepted': 705000000}, {'counterpartyType': 'pd', 'amtAccepted': 0}]"
RP 102918 1,2018-10-29,Reverse Repo,,1748000000,"[{'counterpartyType': 'bank', 'amtAccepted': 0}, {'counterpartyType': 'gse', 'amtAccepted': 10000000}, {'counterpartyType': 'mmf', 'amtAccepted': 1738000000}, {'counterpartyType': 'pd', 'amtAccepted': 0}]"
RP 102618 1,2018-10-26,Reverse Repo,,2004000000,"[{'counterpartyType': 'bank', 'amtAccepted': 0}, {'counterpartyType': 'gse', 'amtAccepted': 10000000}, {'counterpartyType': 'mmf', 'amtAccepted': 1994000000}, {'counterpartyType': 'pd', 'amtAccepted': 0}]"
RP 102518 1,2018-10-25,Reverse Repo,,1944000000,"[{'counterpartyType': 'bank', 'amtAccepted': 0}, {'counterpartyType': 'gse', 'amtAccepted': 10000000}, {'counterpartyType': 'mmf', 'amtAccepted': 1934000000}, {'counterpartyType': 'pd', 'amtAccepted': 0}]"
RP 102418 1,2018-10-24,Reverse Repo,,6444000000,"[{'counterpartyType': 'bank', 'amtAccepted': 1000000}, {'counterpartyType': 'gse', 'amtAccepted': 4285000000}, {'counterpartyType': 'mmf', 'amtAccepted': 2108000000}, {'counterpartyType': 'pd', 'amtAccepted': 50000000}]"
RP 102318 1,2018-10-23,Reverse Repo,,4466000000,"[{'counterpartyType': 'bank', 'amtAccepted': 0}, {'counterpartyType': 'gse', 'amtAccepted': 2660000000}, {'counterpartyType': 'mmf', 'amtAccepted': 1806000000}, {'counterpartyType': 'pd', 'amtAccepted': 0}]"
RP 102218 1,2018-10-22,Reverse Repo,,3189000000,"[{'counterpartyType': 'bank', 'amtAccepted': 1000000}, {'counterpartyType': 'gse', 'amtAccepted': 2360000000}, {'counterpartyType': 'mmf', 'amtAccepted': 828000000}, {'counterpartyType': 'pd', 'amtAccepted': 0}]"
RP 101918 1,2018-10-19,Reverse Repo,,3916000000,"[{'counterpartyType': 'bank', 'amtAccepted': 0}, {'counterpartyType': 'gse', 'amtAccepted': 3560000000}, {'counterpartyType': 'mmf', 'amtAccepted': 356000000}, {'counterpartyType': 'pd', 'amtAccepted': 0}]"
RP 101818 1,2018-10-18,Reverse Repo,,10290000000,"[{'counterpartyType': 'bank', 'amtAccepted': 0}, {'counterpartyType': 'gse', 'amtAccepted': 10035000000}, {'counterpartyType': 'mmf', 'amtAccepted': 255000000}, {'counterpartyType': 'pd', 'amtAccepted': 0}]"
RP 101718 1,2018-10-17,Reverse Repo,,174000000,"[{'counterpartyType': 'bank', 'amtAccepted': 2000000}, {'counterpartyType': 'gse', 'amtAccepted': 10000000}, {'counterpartyType': 'mmf', 'amtAccepted': 161000000}, {'counterpartyType': 'pd', 'amtAccepted': 1000000}]"
RP 101618 1,2018-10-16,Reverse Repo,,466000000,"[{'counterpartyType': 'bank', 'amtAccepted': 1000000}, {'counterpartyType': 'gse', 'amtAccepted': 10000000}, {'counterpartyType': 'mmf', 'amtAccepted': 455000000}, {'counterpartyType': 'pd', 'amtAccepted': 0}]"
RP 101518 1,2018-10-15,Reverse Repo,,366000000,"[{'counterpartyType': 'bank', 'amtAccepted': 1000000}, {'counterpartyType': 'gse', 'amtAccepted': 10000000}, {'counterpartyType': 'mmf', 'amtAccepted': 355000000}, {'counterpartyType': 'pd', 'amtAccepted': 0}]"
RP 101218 1,2018-10-12,Reverse Repo,,960000000,"[{'counterpartyType': 'bank', 'amtAccepted': 0}, {'counterpartyType': 'gse', 'amtAccepted': 10000000}, {'counterpartyType': 'mmf', 'amtAccepted': 950000000}, {'counterpartyType': 'pd', 'amtAccepted': 0}]"
RP 101118 1,2018-10-11,Reverse Repo,,2016000000,"[{'counterpartyType': 'bank', 'amtAccepted': 0}, {'counterpartyType': 'gse', 'amtAccepted': 11000000}, {'counterpartyType': 'mmf', 'amtAccepted': 2005000000}, {'counterpartyType': 'pd', 'amtAccepted': 0}]"
RP 101018 1,2018-10-10,Reverse Repo,,2390000000,"[{'counterpartyType': 'bank', 'amtAccepted': 0}, {'counterpartyType': 'gse', 'amtAccepted': 10000000}, {'counterpartyType': 'mmf', 'amtAccepted': 2380000000}, {'counterpartyType': 'pd', 'amtAccepted': 0}]"
RP 100918 1,2018-10-09,Reverse Repo,,2390000000,"[{'counterpartyType': 'bank', 'amtAccepted': 0}, {'counterpartyType': 'gse', 'amtAccepted': 10000000}, {'counterpartyType': 'mmf', 'amtAccepted': 2380000000}, {'counterpartyType': 'pd', 'amtAccepted': 0}]"
RP 100518 1,2018-10-05,Reverse Repo,,1565000000,"[{'counterpartyType': 'bank', 'amtAccepted': 0}, {'counterpartyType': 'gse', 'amtAccepted': 10000000}, {'counterpartyType': 'mmf', 'amtAccepted': 1555000000}, {'counterpartyType': 'pd', 'amtAccepted': 0}]"
RP 100418 1,2018-10-04,Reverse Repo,,3265000000,"[{'counterpartyType': 'bank', 'amtAccepted': 0}, {'counterpartyType': 'gse', 'amtAccepted': 10000000}, {'counterpartyType': 'mmf', 'amtAccepted': 3255000000}, {'counterpartyType': 'pd', 'amtAccepted': 0}]"
RP 100318 1,2018-10-03,Reverse Repo,,2954000000,"[{'counterpartyType': 'bank', 'amtAccepted': 0}, {'counterpartyType': 'gse', 'amtAccepted': 10000000}, {'counterpartyType': 'mmf', 'amtAccepted': 2944000000}, {'counterpartyType': 'pd', 'amtAccepted': 0}]"
RP 100218 1,2018-10-02,Reverse Repo,,3295000000,"[{'counterpartyType': 'bank', 'amtAccepted': 0}, {'counterpartyType': 'gse', 'amtAccepted': 10000000}, {'counterpartyType': 'mmf', 'amtAccepted': 3285000000}, {'counterpartyType': 'pd', 'amtAccepted': 0}]"
RP 100118 1,2018-10-01,Reverse Repo,,4185000000,"[{'counterpartyType': 'bank', 'amtAccepted': 0}, {'counterpartyType': 'gse', 'amtAccepted': 10000000}, {'counterpartyType': 'mmf', 'amtAccepted': 4175000000}, {'counterpartyType': 'pd', 'amtAccepted': 0}]"
RP 092818 1,2018-09-28,Reverse Repo,,48430000000,"[{'counterpartyType': 'bank', 'amtAccepted': 0}, {'counterpartyType': 'gse', 'amtAccepted': 3485000000}, {'counterpartyType': 'mmf', 'amtAccepted': 44945000000}, {'counterpartyType': 'pd', 'amtAccepted': 0}]"
RP 092718 1,2018-09-27,Reverse Repo,,30056000000,"[{'counterpartyType': 'bank', 'amtAccepted': 0}, {'counterpartyType': 'gse', 'amtAccepted': 10000000}, {'counterpartyType': 'mmf', 'amtAccepted': 30046000000}, {'counterpartyType': 'pd', 'amtAccepted': 0}]"
RP 092618 1,2018-09-26,Reverse Repo,,5625000000,"[{'counterpartyType': 'bank', 'amtAccepted': 0}, {'counterpartyType': 'gse', 'amtAccepted': 10000000}, {'counterpartyType': 'mmf', 'amtAccepted': 5615000000}, {'counterpartyType': 'pd', 'amtAccepted': 0}]"
RP 092518 1,2018-09-25,Reverse Repo,,3440000000,"[{'counterpartyType': 'bank', 'amtAccepted': 0}, {'counterpartyType': 'gse', 'amtAccepted': 10000000}, {'counterpartyType': 'mmf', 'amtAccepted': 3430000000}, {'counterpartyType': 'pd', 'amtAccepted': 0}]"
RP 092418 1,2018-09-24,Reverse Repo,,9340000000,"[{'counterpartyType': 'bank', 'amtAccepted': 0}, {'counterpartyType': 'gse', 'amtAccepted': 7860000000}, {'counterpartyType': 'mmf', 'amtAccepted': 1480000000}, {'counterpartyType': 'pd', 'amtAccepted': 0}]"
RP 092118 1,2018-09-21,Reverse Repo,,17465000000,"[{'counterpartyType': 'bank', 'amtAccepted': 0}, {'counterpartyType': 'gse', 'amtAccepted': 16260000000}, {'counterpartyType': 'mmf', 'amtAccepted': 1205000000}, {'counterpartyType': 'pd', 'amtAccepted': 0}]"
RP 092018 1,2018-09-20,Reverse Repo,,17868000000,"[{'counterpartyType': 'bank', 'amtAccepted': 1000000}, {'counterpartyType': 'gse', 'amtAccepted': 16460000000}, {'counterpartyType': 'mmf', 'amtAccepted': 1407000000}, {'counterpartyType': 'pd', 'amtAccepted': 0}]"
RP 091918 1,2018-09-19,Reverse Repo,,8915000000,"[{'counterpartyType': 'bank', 'amtAccepted': 0}, {'counterpartyType': 'gse', 'amtAccepted': 8410000000}, {'counterpartyType': 'mmf', 'amtAccepted': 505000000}, {'counterpartyType': 'pd', 'amtAccepted': 0}]"
RP 091818 1,2018-09-18,Reverse Repo,,10115000000,"[{'counterpartyType': 'bank', 'amtAccepted': 0}, {'counterpartyType': 'gse', 'amtAccepted': 10110000000}, {'counterpartyType': 'mmf', 'amtAccepted': 5000000}, {'counterpartyType': 'pd', 'amtAccepted': 0}]"
RP 091718 1,2018-09-17,Reverse Repo,,715000000,"[{'counterpartyType': 'bank', 'amtAccepted': 0}, {'counterpartyType': 'gse', 'amtAccepted': 10000000}, {'counterpartyType': 'mmf', 'amtAccepted': 705000000}, {'counterpartyType': 'pd', 'amtAccepted': 0}]"
RP 091418 1,2018-09-14,Reverse Repo,,1315000000,"[{'counterpartyType': 'bank', 'amtAccepted': 0}, {'counterpartyType': 'gse', 'amtAccepted': 10000000}, {'counterpartyType': 'mmf', 'amtAccepted': 1305000000}, {'counterpartyType': 'pd', 'amtAccepted': 0}]"
RP 091318 1,2018-09-13,Reverse Repo,,1791000000,"[{'counterpartyType': 'bank', 'amtAccepted': 0}, {'counterpartyType': 'gse', 'amtAccepted': 110000000}, {'counterpartyType': 'mmf', 'amtAccepted': 1681000000}, {'counterpartyType': 'pd', 'amtAccepted': 0}]"
RP 091218 1,2018-09-12,Reverse Repo,,1315000000,"[{'counterpartyType': 'bank', 'amtAccepted': 0}, {'counterpartyType': 'gse', 'amtAccepted': 10000000}, {'counterpartyType': 'mmf', 'amtAccepted': 1305000000}, {'counterpartyType': 'pd', 'amtAccepted': 0}]"
RP 091118 1,2018-09-11,Reverse Repo,,1241000000,"[{'counterpartyType': 'bank', 'amtAccepted': 0}, {'counterpartyType': 'gse', 'amtAccepted': 10000000}, {'counterpartyType': 'mmf', 'amtAccepted': 1231000000}, {'counterpartyType': 'pd', 'amtAccepted': 0}]"
RP 091018 1,2018-09-10,Reverse Repo,,15000000,"[{'counterpartyType': 'bank', 'amtAccepted': 0}, {'counterpartyType': 'gse', 'amtAccepted': 10000000}, {'counterpartyType': 'mmf', 'amtAccepted': 5000000}, {'counterpartyType': 'pd', 'amtAccepted': 0}]"
RP 090718 1,2018-09-07,Reverse Repo,,15000000,"[{'counterpartyType': 'bank', 'amtAccepted': 0}, {'counterpartyType': 'gse', 'amtAccepted': 10000000}, {'counterpartyType': 'mmf', 'amtAccepted': 5000000}, {'counterpartyType': 'pd', 'amtAccepted': 0}]"
RP 090618 1,2018-09-06,Reverse Repo,,815000000,"[{'counterpartyType': 'bank', 'amtAccepted': 0}, {'counterpartyType': 'gse', 'amtAccepted': 10000000}, {'counterpartyType': 'mmf', 'amtAccepted': 805000000}, {'counterpartyType': 'pd', 'amtAccepted': 0}]"
RP 090518 1,2018-09-05,Reverse Repo,,10000000,"[{'counterpartyType': 'bank', 'amtAccepted': 0}, {'counterpartyType': 'gse', 'amtAccepted': 10000000}, {'counterpartyType': 'mmf', 'amtAccepted': 0}, {'counterpartyType': 'pd', 'amtAccepted': 0}]"
RP 090418 1,2018-09-04,Reverse Repo,,595000000,"[{'counterpartyType': 'bank', 'amtAccepted': 0}, {'counterpartyType': 'gse', 'amtAccepted': 10000000}, {'counterpartyType': 'mmf', 'amtAccepted': 585000000}, {'counterpartyType': 'pd', 'amtAccepted': 0}]"
RP 083118 1,2018-08-31,Reverse Repo,,390000000,"[{'counterpartyType': 'bank', 'amtAccepted': 0}, {'counterpartyType': 'gse', 'amtAccepted': 10000000}, {'counterpartyType': 'mmf', 'amtAccepted': 380000000}, {'counterpartyType': 'pd', 'amtAccepted': 0}]"
RP 083018 1,2018-08-30,Reverse Repo,,985000000,"[{'counterpartyType': 'bank', 'amtAccepted': 0}, {'counterpartyType': 'gse', 'amtAccepted': 10000000}, {'counterpartyType': 'mmf', 'amtAccepted': 975000000}, {'counterpartyType': 'pd', 'amtAccepted': 0}]"
RP 082918 1,2018-08-29,Reverse Repo,,840000000,"[{'counterpartyType': 'bank', 'amtAccepted': 0}, {'counterpartyType': 'gse', 'amtAccepted': 10000000}, {'counterpartyType': 'mmf', 'amtAccepted': 830000000}, {'counterpartyType': 'pd', 'amtAccepted': 0}]"
RP 082818 1,2018-08-28,Reverse Repo,,1415000000,"[{'counterpartyType': 'bank', 'amtAccepted': 0}, {'counterpartyType': 'gse', 'amtAccepted': 10000000}, {'counterpartyType': 'mmf', 'amtAccepted': 1405000000}, {'counterpartyType': 'pd', 'amtAccepted': 0}]"
RP 082718 1,2018-08-27,Reverse Repo,,996000000,"[{'counterpartyType': 'bank', 'amtAccepted': 0}, {'counterpartyType': 'gse', 'amtAccepted': 12000000}, {'counterpartyType': 'mmf', 'amtAccepted': 984000000}, {'counterpartyType': 'pd', 'amtAccepted': 0}]"
RP 082418 1,2018-08-24,Reverse Repo,,4665000000,"[{'counterpartyType': 'bank', 'amtAccepted': 0}, {'counterpartyType': 'gse', 'amtAccepted': 4010000000}, {'counterpartyType': 'mmf', 'amtAccepted': 655000000}, {'counterpartyType': 'pd', 'amtAccepted': 0}]"
RP 082318 1,2018-08-23,Reverse Repo,,2416000000,"[{'counterpartyType': 'bank', 'amtAccepted': 0}, {'counterpartyType': 'gse', 'amtAccepted': 1360000000}, {'counterpartyType': 'mmf', 'amtAccepted': 1055000000}, {'counterpartyType': 'pd', 'amtAccepted': 1000000}]"
RP 082218 1,2018-08-22,Reverse Repo,,1126000000,"[{'counterpartyType': 'bank', 'amtAccepted': 10000000}, {'counterpartyType': 'gse', 'amtAccepted': 10000000}, {'counterpartyType': 'mmf', 'amtAccepted': 1106000000}, {'counterpartyType': 'pd', 'amtAccepted': 0}]"
RP 082118 1,2018-08-21,Reverse Repo,,1466000000,"[{'counterpartyType': 'bank', 'amtAccepted': 0}, {'counterpartyType': 'gse', 'amtAccepted': 10000000}, {'counterpartyType': 'mmf', 'amtAccepted': 1456000000}, {'counterpartyType': 'pd', 'amtAccepted': 0}]"
RP 082018 1,2018-08-20,Reverse Repo,,1646000000,"[{'counterpartyType': 'bank', 'amtAccepted': 1000000}, {'counterpartyType': 'gse', 'amtAccepted': 290000000}, {'counterpartyType': 'mmf', 'amtAccepted': 1355000000}, {'counterpartyType': 'pd', 'amtAccepted': 0}]"
RP 081718 1,2018-08-17,Reverse Repo,,4016000000,"[{'counterpartyType': 'bank', 'amtAccepted': 1000000}, {'counterpartyType': 'gse', 'amtAccepted': 3810000000}, {'counterpartyType': 'mmf', 'amtAccepted': 205000000}, {'counterpartyType': 'pd', 'amtAccepted': 0}]"
RP 081618 1,2018-08-16,Reverse Repo,,532000000,"[{'counterpartyType': 'bank', 'amtAccepted': 1000000}, {'counterpartyType': 'gse', 'amtAccepted': 20000000}, {'counterpartyType': 'mmf', 'amtAccepted': 511000000}, {'counterpartyType': 'pd', 'amtAccepted': 0}]"
RP 081518 1,2018-08-15,Reverse Repo,,315000000,"[{'counterpartyType': 'bank', 'amtAccepted': 0}, {'counterpartyType': 'gse', 'amtAccepted': 10000000}, {'counterpartyType': 'mmf', 'amtAccepted': 305000000}, {'counterpartyType': 'pd', 'amtAccepted': 0}]"
RP 081418 1,2018-08-14,Reverse Repo,,685000000,"[{'counterpartyType': 'bank', 'amtAccepted': 0}, {'counterpartyType': 'gse', 'amtAccepted': 10000000}, {'counterpartyType': 'mmf', 'amtAccepted': 675000000}, {'counterpartyType': 'pd', 'amtAccepted': 0}]"
RP 081318 1,2018-08-13,Reverse Repo,,1383000000,"[{'counterpartyType': 'bank', 'amtAccepted': 0}, {'counterpartyType': 'gse', 'amtAccepted': 1010000000}, {'counterpartyType': 'mmf', 'amtAccepted': 363000000}, {'counterpartyType': 'pd', 'amtAccepted': 10000000}]"
RP 081018 1,2018-08-10,Reverse Repo,,2470000000,"[{'counterpartyType': 'bank', 'amtAccepted': 0}, {'counterpartyType': 'gse', 'amtAccepted': 10000000}, {'counterpartyType': 'mmf', 'amtAccepted': 2460000000}, {'counterpartyType': 'pd', 'amtAccepted': 0}]"
RP 080918 1,2018-08-09,Reverse Repo,,1745000000,"[{'counterpartyType': 'bank', 'amtAccepted': 0}, {'counterpartyType': 'gse', 'amtAccepted': 10000000}, {'counterpartyType': 'mmf', 'amtAccepted': 1735000000}, {'counterpartyType': 'pd', 'amtAccepted': 0}]"
RP 080818 1,2018-08-08,Reverse Repo,,1659000000,"[{'counterpartyType': 'bank', 'amtAccepted': 0}, {'counterpartyType': 'gse', 'amtAccepted': 20000000}, {'counterpartyType': 'mmf', 'amtAccepted': 1639000000}, {'counterpartyType': 'pd', 'amtAccepted': 0}]"
RP 080718 1,2018-08-07,Reverse Repo,,2337000000,"[{'counterpartyType': 'bank', 'amtAccepted': 0}, {'counterpartyType': 'gse', 'amtAccepted': 10000000}, {'counterpartyType': 'mmf', 'amtAccepted': 2327000000}, {'counterpartyType': 'pd', 'amtAccepted': 0}]"
RP 080618 1,2018-08-06,Reverse Repo,,2095000000,"[{'counterpartyType': 'bank', 'amtAccepted': 0}, {'counterpartyType': 'gse', 'amtAccepted': 10000000}, {'counterpartyType': 'mmf', 'amtAccepted': 2085000000}, {'counterpartyType': 'pd', 'amtAccepted': 0}]"
RP 080318 1,2018-08-03,Reverse Repo,,1673000000,"[{'counterpartyType': 'bank', 'amtAccepted': 0}, {'counterpartyType': 'gse', 'amtAccepted': 10000000}, {'counterpartyType': 'mmf', 'amtAccepted': 1663000000}, {'counterpartyType': 'pd', 'amtAccepted': 0}]"
RP 080218 1,2018-08-02,Reverse Repo,,1817000000,"[{'counterpartyType': 'bank', 'amtAccepted': 10000000}, {'counterpartyType': 'gse', 'amtAccepted': 35000000}, {'counterpartyType': 'mmf', 'amtAccepted': 1772000000}, {'counterpartyType': 'pd', 'amtAccepted': 0}]"
RP 080118 1,2018-08-01,Reverse Repo,,795000000,"[{'counterpartyType': 'bank', 'amtAccepted': 0}, {'counterpartyType': 'gse', 'amtAccepted': 35000000}, {'counterpartyType': 'mmf', 'amtAccepted': 760000000}, {'counterpartyType': 'pd', 'amtAccepted': 0}]"
RP 073118 1,2018-07-31,Reverse Repo,,9045000000,"[{'counterpartyType': 'bank', 'amtAccepted': 0}, {'counterpartyType': 'gse', 'amtAccepted': 10000000}, {'counterpartyType': 'mmf', 'amtAccepted': 9035000000}, {'counterpartyType': 'pd', 'amtAccepted': 0}]"
RP 073018 1,2018-07-30,Reverse Repo,,1995000000,"[{'counterpartyType': 'bank', 'amtAccepted': 0}, {'counterpartyType': 'gse', 'amtAccepted': 10000000}, {'counterpartyType': 'mmf', 'amtAccepted': 1985000000}, {'counterpartyType': 'pd', 'amtAccepted': 0}]"
RP 072718 1,2018-07-27,Reverse Repo,,1470000000,"[{'counterpartyType': 'bank', 'amtAccepted': 0}, {'counterpartyType': 'gse', 'amtAccepted': 10000000}, {'counterpartyType': 'mmf', 'amtAccepted': 1460000000}, {'counterpartyType': 'pd', 'amtAccepted': 0}]"
RP 072618 1,2018-07-26,Reverse Repo,,1571000000,"[{'counterpartyType': 'bank', 'amtAccepted': 1000000}, {'counterpartyType': 'gse', 'amtAccepted': 10000000}, {'counterpartyType': 'mmf', 'amtAccepted': 1560000000}, {'counterpartyType': 'pd', 'amtAccepted': 0}]"
RP 072518 1,2018-07-25,Reverse Repo,,720000000,"[{'counterpartyType': 'bank', 'amtAccepted': 0}, {'counterpartyType': 'gse', 'amtAccepted': 10000000}, {'counterpartyType': 'mmf', 'amtAccepted': 710000000}, {'counterpartyType': 'pd', 'amtAccepted': 0}]"
RP 072418 1,2018-07-24,Reverse Repo,,4895000000,"[{'counterpartyType': 'bank', 'amtAccepted': 1000000000}, {'counterpartyType': 'gse', 'amtAccepted': 10000000}, {'counterpartyType': 'mmf', 'amtAccepted': 3485000000}, {'counterpartyType': 'pd', 'amtAccepted': 400000000}]"
RP 072318 1,2018-07-23,Reverse Repo,,2270000000,"[{'counterpartyType': 'bank', 'amtAccepted': 0}, {'counterpartyType': 'gse', 'amtAccepted': 360000000}, {'counterpartyType': 'mmf', 'amtAccepted': 1910000000}, {'counterpartyType': 'pd', 'amtAccepted': 0}]"
RP 072018 1,2018-07-20,Reverse Repo,,1170000000,"[{'counterpartyType': 'bank', 'amtAccepted': 0}, {'counterpartyType': 'gse', 'amtAccepted': 10000000}, {'counterpartyType': 'mmf', 'amtAccepted': 1160000000}, {'counterpartyType': 'pd', 'amtAccepted': 0}]"
RP 071918 1,2018-07-19,Reverse Repo,,3620000000,"[{'counterpartyType': 'bank', 'amtAccepted': 50000000}, {'counterpartyType': 'gse', 'amtAccepted': 1810000000}, {'counterpartyType': 'mmf', 'amtAccepted': 1760000000}, {'counterpartyType': 'pd', 'amtAccepted': 0}]"
RP 071818 1,2018-07-18,Reverse Repo,,6021000000,"[{'counterpartyType': 'bank', 'amtAccepted': 1000000}, {'counterpartyType': 'gse', 'amtAccepted': 4960000000}, {'counterpartyType': 'mmf', 'amtAccepted': 1060000000}, {'counterpartyType': 'pd', 'amtAccepted': 0}]"
RP 071718 1,2018-07-17,Reverse Repo,,1220000000,"[{'counterpartyType': 'bank', 'amtAccepted': 0}, {'counterpartyType': 'gse', 'amtAccepted': 10000000}, {'counterpartyType': 'mmf', 'amtAccepted': 1210000000}, {'counterpartyType': 'pd', 'amtAccepted': 0}]"
RP 071618 1,2018-07-16,Reverse Repo,,870000000,"[{'counterpartyType': 'bank', 'amtAccepted': 0}, {'counterpartyType': 'gse', 'amtAccepted': 10000000}, {'counterpartyType': 'mmf', 'amtAccepted': 860000000}, {'counterpartyType': 'pd', 'amtAccepted': 0}]"
RP 071318 1,2018-07-13,Reverse Repo,,871000000,"[{'counterpartyType': 'bank', 'amtAccepted': 1000000}, {'counterpartyType': 'gse', 'amtAccepted': 10000000}, {'counterpartyType': 'mmf', 'amtAccepted': 860000000}, {'counterpartyType': 'pd', 'amtAccepted': 0}]"
RP 071218 1,2018-07-12,Reverse Repo,,2455000000,"[{'counterpartyType': 'bank', 'amtAccepted': 1000000}, {'counterpartyType': 'gse', 'amtAccepted': 10000000}, {'counterpartyType': 'mmf', 'amtAccepted': 2443000000}, {'counterpartyType': 'pd', 'amtAccepted': 1000000}]"
RP 071118 1,2018-07-11,Reverse Repo,,1230000000,"[{'counterpartyType': 'bank', 'amtAccepted': 0}, {'counterpartyType': 'gse', 'amtAccepted': 10000000}, {'counterpartyType': 'mmf', 'amtAccepted': 1220000000}, {'counterpartyType': 'pd', 'amtAccepted': 0}]"
RP 071018 1,2018-07-10,Reverse Repo,,1955000000,"[{'counterpartyType': 'bank', 'amtAccepted': 10000000}, {'counterpartyType': 'gse', 'amtAccepted': 10000000}, {'counterpartyType': 'mmf', 'amtAccepted': 1935000000}, {'counterpartyType': 'pd', 'amtAccepted': 0}]"
RP 070918 1,2018-07-09,Reverse Repo,,3596000000,"[{'counterpartyType': 'bank', 'amtAccepted': 1000000}, {'counterpartyType': 'gse', 'amtAccepted': 10000000}, {'counterpartyType': 'mmf', 'amtAccepted': 3585000000}, {'counterpartyType': 'pd', 'amtAccepted': 0}]"
RP 070618 1,2018-07-06,Reverse Repo,,4195000000,"[{'counterpartyType': 'bank', 'amtAccepted': 0}, {'counterpartyType': 'gse', 'amtAccepted': 10000000}, {'counterpartyType': 'mmf', 'amtAccepted': 4185000000}, {'counterpartyType': 'pd', 'amtAccepted': 0}]"
RP 070518 1,2018-07-05,Reverse Repo,,8205000000,"[{'counterpartyType': 'bank', 'amtAccepted': 0}, {'counterpartyType': 'gse', 'amtAccepted': 10000000}, {'counterpartyType': 'mmf', 'amtAccepted': 8195000000}, {'counterpartyType': 'pd', 'amtAccepted': 0}]"
RP 070318 1,2018-07-03,Reverse Repo,,4852000000,"[{'counterpartyType': 'bank', 'amtAccepted': 0}, {'counterpartyType': 'gse', 'amtAccepted': 10000000}, {'counterpartyType': 'mmf', 'amtAccepted': 4842000000}, {'counterpartyType': 'pd', 'amtAccepted': 0}]"
RP 070218 1,2018-07-02,Reverse Repo,,32139000000,"[{'counterpartyType': 'bank', 'amtAccepted': 0}, {'counterpartyType': 'gse', 'amtAccepted': 10000000}, {'counterpartyType': 'mmf', 'amtAccepted': 32129000000}, {'counterpartyType': 'pd', 'amtAccepted': 0}]"
RP 062918 1,2018-06-29,Reverse Repo,,96970000000,"[{'counterpartyType': 'bank', 'amtAccepted': 0}, {'counterpartyType': 'gse', 'amtAccepted': 8160000000}, {'counterpartyType': 'mmf', 'amtAccepted': 88810000000}, {'counterpartyType': 'pd', 'amtAccepted': 0}]"
RP 062818 1,2018-06-28,Reverse Repo,,20419000000,"[{'counterpartyType': 'bank', 'amtAccepted': 10000000}, {'counterpartyType': 'gse', 'amtAccepted': 10000000}, {'counterpartyType': 'mmf', 'amtAccepted': 20399000000}, {'counterpartyType': 'pd', 'amtAccepted': 0}]"
RP 062718 1,2018-06-27,Reverse Repo,,20680000000,"[{'counterpartyType': 'bank', 'amtAccepted': 0}, {'counterpartyType': 'gse', 'amtAccepted': 10000000}, {'counterpartyType': 'mmf', 'amtAccepted': 20670000000}, {'counterpartyType': 'pd', 'amtAccepted': 0}]"
RP 062618 1,2018-06-26,Reverse Repo,,10385000000,"[{'counterpartyType': 'bank', 'amtAccepted': 0}, {'counterpartyType': 'gse', 'amtAccepted': 760000000}, {'counterpartyType': 'mmf', 'amtAccepted': 9625000000}, {'counterpartyType': 'pd', 'amtAccepted': 0}]"
RP 062518 1,2018-06-25,Reverse Repo,,12730000000,"[{'counterpartyType': 'bank', 'amtAccepted': 0}, {'counterpartyType': 'gse', 'amtAccepted': 760000000}, {'counterpartyType': 'mmf', 'amtAccepted': 11970000000}, {'counterpartyType': 'pd', 'amtAccepted': 0}]"
RP 062218 1,2018-06-22,Reverse Repo,,1430000000,"[{'counterpartyType': 'bank', 'amtAccepted': 0}, {'counterpartyType': 'gse', 'amtAccepted': 10000000}, {'counterpartyType': 'mmf', 'amtAccepted': 1420000000}, {'counterpartyType': 'pd', 'amtAccepted': 0}]"
RP 062118 1,2018-06-21,Reverse Repo,,1370000000,"[{'counterpartyType': 'bank', 'amtAccepted': 0}, {'counterpartyType': 'gse', 'amtAccepted': 10000000}, {'counterpartyType': 'mmf', 'amtAccepted': 1360000000}, {'counterpartyType': 'pd', 'amtAccepted': 0}]"
RP 062018 1,2018-06-20,Reverse Repo,,320000000,"[{'counterpartyType': 'bank', 'amtAccepted': 0}, {'counterpartyType': 'gse', 'amtAccepted': 10000000}, {'counterpartyType': 'mmf', 'amtAccepted': 310000000}, {'counterpartyType': 'pd', 'amtAccepted': 0}]"
RP 061918 1,2018-06-19,Reverse Repo,,195000000,"[{'counterpartyType': 'bank', 'amtAccepted': 0}, {'counterpartyType': 'gse', 'amtAccepted': 10000000}, {'counterpartyType': 'mmf', 'amtAccepted': 185000000}, {'counterpartyType': 'pd', 'amtAccepted': 0}]"
RP 061818 1,2018-06-18,Reverse Repo,,370000000,"[{'counterpartyType': 'bank', 'amtAccepted': 0}, {'counterpartyType': 'gse', 'amtAccepted': 10000000}, {'counterpartyType': 'mmf', 'amtAccepted': 360000000}, {'counterpartyType': 'pd', 'amtAccepted': 0}]"
RP 061518 1,2018-06-15,Reverse Repo,,270000000,"[{'counterpartyType': 'bank', 'amtAccepted': 0}, {'counterpartyType': 'gse', 'amtAccepted': 10000000}, {'counterpartyType': 'mmf', 'amtAccepted': 260000000}, {'counterpartyType': 'pd', 'amtAccepted': 0}]"
RP 061418 1,2018-06-14,Reverse Repo,,2935000000,"[{'counterpartyType': 'bank', 'amtAccepted': 0}, {'counterpartyType': 'gse', 'amtAccepted': 10000000}, {'counterpartyType': 'mmf', 'amtAccepted': 2925000000}, {'counterpartyType': 'pd', 'amtAccepted': 0}]"
RP 061318 1,2018-06-13,Reverse Repo,,3025000000,"[{'counterpartyType': 'bank', 'amtAccepted': 1000000000}, {'counterpartyType': 'gse', 'amtAccepted': 15000000}, {'counterpartyType': 'mmf', 'amtAccepted': 2010000000}, {'counterpartyType': 'pd', 'amtAccepted': 0}]"
RP 061218 1,2018-06-12,Reverse Repo,,1308000000,"[{'counterpartyType': 'bank', 'amtAccepted': 1000000}, {'counterpartyType': 'gse', 'amtAccepted': 10000000}, {'counterpartyType': 'mmf', 'amtAccepted': 1297000000}, {'counterpartyType': 'pd', 'amtAccepted': 0}]"
RP 061118 1,2018-06-11,Reverse Repo,,4836000000,"[{'counterpartyType': 'bank', 'amtAccepted': 0}, {'counterpartyType': 'gse', 'amtAccepted': 11000000}, {'counterpartyType': 'mmf', 'amtAccepted': 4825000000}, {'counterpartyType': 'pd', 'amtAccepted': 0}]"
RP 060818 1,2018-06-08,Reverse Repo,,2771000000,"[{'counterpartyType': 'bank', 'amtAccepted': 1000000}, {'counterpartyType': 'gse', 'amtAccepted': 10000000}, {'counterpartyType': 'mmf', 'amtAccepted': 2710000000}, {'counterpartyType': 'pd', 'amtAccepted': 50000000}]"
RP 060718 1,2018-06-07,Reverse Repo,,5771000000,"[{'counterpartyType': 'bank', 'amtAccepted': 1000000}, {'counterpartyType': 'gse', 'amtAccepted': 10000000}, {'counterpartyType': 'mmf', 'amtAccepted': 5710000000}, {'counterpartyType': 'pd', 'amtAccepted': 50000000}]"
RP 060618 1,2018-06-06,Reverse Repo,,16772000000,"[{'counterpartyType': 'bank', 'amtAccepted': 1000000}, {'counterpartyType': 'gse', 'amtAccepted': 10000000}, {'counterpartyType': 'mmf', 'amtAccepted': 16761000000}, {'counterpartyType': 'pd', 'amtAccepted': 0}]"
RP 060518 1,2018-06-05,Reverse Repo,,6635000000,"[{'counterpartyType': 'bank', 'amtAccepted': 0}, {'counterpartyType': 'gse', 'amtAccepted': 10000000}, {'counterpartyType': 'mmf', 'amtAccepted': 6625000000}, {'counterpartyType': 'pd', 'amtAccepted': 0}]"
RP 060418 1,2018-06-04,Reverse Repo,,11166000000,"[{'counterpartyType': 'bank', 'amtAccepted': 0}, {'counterpartyType': 'gse', 'amtAccepted': 10000000}, {'counterpartyType': 'mmf', 'amtAccepted': 11156000000}, {'counterpartyType': 'pd', 'amtAccepted': 0}]"
RP 060118 1,2018-06-01,Reverse Repo,,12546000000,"[{'counterpartyType': 'bank', 'amtAccepted': 0}, {'counterpartyType': 'gse', 'amtAccepted': 10000000}, {'counterpartyType': 'mmf', 'amtAccepted': 12536000000}, {'counterpartyType': 'pd', 'amtAccepted': 0}]"
RP 053118 1,2018-05-31,Reverse Repo,,21475000000,"[{'counterpartyType': 'bank', 'amtAccepted': 0}, {'counterpartyType': 'gse', 'amtAccepted': 10000000}, {'counterpartyType': 'mmf', 'amtAccepted': 21465000000}, {'counterpartyType': 'pd', 'amtAccepted': 0}]"
RP 053018 1,2018-05-30,Reverse Repo,,3920000000,"[{'counterpartyType': 'bank', 'amtAccepted': 0}, {'counterpartyType': 'gse', 'amtAccepted': 10000000}, {'counterpartyType': 'mmf', 'amtAccepted': 3910000000}, {'counterpartyType': 'pd', 'amtAccepted': 0}]"
RP 052918 1,2018-05-29,Reverse Repo,,880000000,"[{'counterpartyType': 'bank', 'amtAccepted': 0}, {'counterpartyType': 'gse', 'amtAccepted': 10000000}, {'counterpartyType': 'mmf', 'amtAccepted': 870000000}, {'counterpartyType': 'pd', 'amtAccepted': 0}]"
RP 052518 1,2018-05-25,Reverse Repo,,20000000,"[{'counterpartyType': 'bank', 'amtAccepted': 0}, {'counterpartyType': 'gse', 'amtAccepted': 10000000}, {'counterpartyType': 'mmf', 'amtAccepted': 10000000}, {'counterpartyType': 'pd', 'amtAccepted': 0}]"
RP 052418 1,2018-05-24,Reverse Repo,,6620000000,"[{'counterpartyType': 'bank', 'amtAccepted': 0}, {'counterpartyType': 'gse', 'amtAccepted': 5010000000}, {'counterpartyType': 'mmf', 'amtAccepted': 1610000000}, {'counterpartyType': 'pd', 'amtAccepted': 0}]"
RP 052318 2,2018-05-23,Reverse Repo,,2929000000,"[{'counterpartyType': 'bank', 'amtAccepted': 0}, {'counterpartyType': 'gse', 'amtAccepted': 10000000}, {'counterpartyType': 'mmf', 'amtAccepted': 2919000000}, {'counterpartyType': 'pd', 'amtAccepted': 0}]"
RP 052318 1,2018-05-23,Reverse Repo,"See announcement from <a href=""http://www.newyorkfed.org/markets/opolicy/operating_policy_180419.html""> Apr 19, 2018</a>.",67000000,"[{'counterpartyType': 'bank', 'amtAccepted': 4000000}, {'counterpartyType': 'gse', 'amtAccepted': 3000000}, {'counterpartyType': 'mmf', 'amtAccepted': 38000000}, {'counterpartyType': 'pd', 'amtAccepted': 22000000}]"
RP 052218 1,2018-05-22,Reverse Repo,,3951000000,"[{'counterpartyType': 'bank', 'amtAccepted': 0}, {'counterpartyType': 'gse', 'amtAccepted': 10000000}, {'counterpartyType': 'mmf', 'amtAccepted': 3941000000}, {'counterpartyType': 'pd', 'amtAccepted': 0}]"
RP 052118 1,2018-05-21,Reverse Repo,,5404000000,"[{'counterpartyType': 'bank', 'amtAccepted': 0}, {'counterpartyType': 'gse', 'amtAccepted': 10000000}, {'counterpartyType': 'mmf', 'amtAccepted': 5394000000}, {'counterpartyType': 'pd', 'amtAccepted': 0}]"
RP 051818 1,2018-05-18,Reverse Repo,,9120000000,"[{'counterpartyType': 'bank', 'amtAccepted': 0}, {'counterpartyType': 'gse', 'amtAccepted': 6310000000}, {'counterpartyType': 'mmf', 'amtAccepted': 2810000000}, {'counterpartyType': 'pd', 'amtAccepted': 0}]"
RP 051718 1,2018-05-17,Reverse Repo,,1896000000,"[{'counterpartyType': 'bank', 'amtAccepted': 1000000}, {'counterpartyType': 'gse', 'amtAccepted': 10000000}, {'counterpartyType': 'mmf', 'amtAccepted': 1885000000}, {'counterpartyType': 'pd', 'amtAccepted': 0}]"
RP 051618 2,2018-05-16,Reverse Repo,,2545000000,"[{'counterpartyType': 'bank', 'amtAccepted': 0}, {'counterpartyType': 'gse', 'amtAccepted': 10000000}, {'counterpartyType': 'mmf', 'amtAccepted': 2535000000}, {'counterpartyType': 'pd', 'amtAccepted': 0}]"
RP 051518 1,2018-05-15,Reverse Repo,,2095000000,"[{'counterpartyType': 'bank', 'amtAccepted': 1000000}, {'counterpartyType': 'gse', 'amtAccepted': 9000000}, {'counterpartyType': 'mmf', 'amtAccepted': 2085000000}, {'counterpartyType': 'pd', 'amtAccepted': 0}]"
RP 051418 1,2018-05-14,Reverse Repo,"See announcement from <a href=""http://www.newyorkfed.org/markets/opolicy/operating_policy_180419.html""> Apr 19, 2018</a>.",87000000,"[{'counterpartyType': 'bank', 'amtAccepted': 9000000}, {'counterpartyType': 'gse', 'amtAccepted': 6000000}, {'counterpartyType': 'mmf', 'amtAccepted': 49000000}, {'counterpartyType': 'pd', 'amtAccepted': 23000000}]"
RP 051418 2,2018-05-14,Reverse Repo,,3859000000,"[{'counterpartyType': 'bank', 'amtAccepted': 0}, {'counterpartyType': 'gse', 'amtAccepted': 9000000}, {'counterpartyType': 'mmf', 'amtAccepted': 3850000000}, {'counterpartyType': 'pd', 'amtAccepted': 0}]"
RP 051118 1,2018-05-11,Reverse Repo,,3222000000,"[{'counterpartyType': 'bank', 'amtAccepted': 0}, {'counterpartyType': 'gse', 'amtAccepted': 10000000}, {'counterpartyType': 'mmf', 'amtAccepted': 3212000000}, {'counterpartyType': 'pd', 'amtAccepted': 0}]"
RP 051018 1,2018-05-10,Reverse Repo,,4645000000,"[{'counterpartyType': 'bank', 'amtAccepted': 0}, {'counterpartyType': 'gse', 'amtAccepted': 10000000}, {'counterpartyType': 'mmf', 'amtAccepted': 4635000000}, {'counterpartyType': 'pd', 'amtAccepted': 0}]"
RP 050918 2,2018-05-09,Reverse Repo,,2720000000,"[{'counterpartyType': 'bank', 'amtAccepted': 0}, {'counterpartyType': 'gse', 'amtAccepted': 10000000}, {'counterpartyType': 'mmf', 'amtAccepted': 2710000000}, {'counterpartyType': 'pd', 'amtAccepted': 0}]"
RP 050818 1,2018-05-08,Reverse Repo,,3921000000,"[{'counterpartyType': 'bank', 'amtAccepted': 0}, {'counterpartyType': 'gse', 'amtAccepted': 10000000}, {'counterpartyType': 'mmf', 'amtAccepted': 3910000000}, {'counterpartyType': 'pd', 'amtAccepted': 1000000}]"
RP 050718 1,2018-05-07,Reverse Repo,,3220000000,"[{'counterpartyType': 'bank', 'amtAccepted': 0}, {'counterpartyType': 'gse', 'amtAccepted': 10000000}, {'counterpartyType': 'mmf', 'amtAccepted': 3210000000}, {'counterpartyType': 'pd', 'amtAccepted': 0}]"
RP 050418 1,2018-05-04,Reverse Repo,,5415000000,"[{'counterpartyType': 'bank', 'amtAccepted': 0}, {'counterpartyType': 'gse', 'amtAccepted': 10000000}, {'counterpartyType': 'mmf', 'amtAccepted': 5405000000}, {'counterpartyType': 'pd', 'amtAccepted': 0}]"
RP 050318 1,2018-05-03,Reverse Repo,,5775000000,"[{'counterpartyType': 'bank', 'amtAccepted': 0}, {'counterpartyType': 'gse', 'amtAccepted': 10000000}, {'counterpartyType': 'mmf', 'amtAccepted': 5765000000}, {'counterpartyType': 'pd', 'amtAccepted': 0}]"
RP 050218 1,2018-05-02,Reverse Repo,,6520000000,"[{'counterpartyType': 'bank', 'amtAccepted': 0}, {'counterpartyType': 'gse', 'amtAccepted': 10000000}, {'counterpartyType': 'mmf', 'amtAccepted': 6510000000}, {'counterpartyType': 'pd', 'amtAccepted': 0}]"
RP 050118 1,2018-05-01,Reverse Repo,,3820000000,"[{'counterpartyType': 'bank', 'amtAccepted': 0}, {'counterpartyType': 'gse', 'amtAccepted': 10000000}, {'counterpartyType': 'mmf', 'amtAccepted': 3810000000}, {'counterpartyType': 'pd', 'amtAccepted': 0}]"
RP 043018 1,2018-04-30,Reverse Repo,,13830000000,"[{'counterpartyType': 'bank', 'amtAccepted': 0}, {'counterpartyType': 'gse', 'amtAccepted': 110000000}, {'counterpartyType': 'mmf', 'amtAccepted': 13720000000}, {'counterpartyType': 'pd', 'amtAccepted': 0}]"
RP 042718 1,2018-04-27,Reverse Repo,,2920000000,"[{'counterpartyType': 'bank', 'amtAccepted': 0}, {'counterpartyType': 'gse', 'amtAccepted': 10000000}, {'counterpartyType': 'mmf', 'amtAccepted': 2910000000}, {'counterpartyType': 'pd', 'amtAccepted': 0}]"
RP 042618 1,2018-04-26,Reverse Repo,,3795000000,"[{'counterpartyType': 'bank', 'amtAccepted': 0}, {'counterpartyType': 'gse', 'amtAccepted': 10000000}, {'counterpartyType': 'mmf', 'amtAccepted': 3785000000}, {'counterpartyType': 'pd', 'amtAccepted': 0}]"
RP 042518 1,2018-04-25,Reverse Repo,,3570000000,"[{'counterpartyType': 'bank', 'amtAccepted': 0}, {'counterpartyType': 'gse', 'amtAccepted': 10000000}, {'counterpartyType': 'mmf', 'amtAccepted': 3560000000}, {'counterpartyType': 'pd', 'amtAccepted': 0}]"
RP 042418 1,2018-04-24,Reverse Repo,,9532000000,"[{'counterpartyType': 'bank', 'amtAccepted': 0}, {'counterpartyType': 'gse', 'amtAccepted': 5010000000}, {'counterpartyType': 'mmf', 'amtAccepted': 4522000000}, {'counterpartyType': 'pd', 'amtAccepted': 0}]"
RP 042318 1,2018-04-23,Reverse Repo,,10821000000,"[{'counterpartyType': 'bank', 'amtAccepted': 1000000}, {'counterpartyType': 'gse', 'amtAccepted': 6260000000}, {'counterpartyType': 'mmf', 'amtAccepted': 4560000000}, {'counterpartyType': 'pd', 'amtAccepted': 0}]"
RP 042018 1,2018-04-20,Reverse Repo,,12020000000,"[{'counterpartyType': 'bank', 'amtAccepted': 0}, {'counterpartyType': 'gse', 'amtAccepted': 8460000000}, {'counterpartyType': 'mmf', 'amtAccepted': 3560000000}, {'counterpartyType': 'pd', 'amtAccepted': 0}]"
RP 041918 1,2018-04-19,Reverse Repo,,13920000000,"[{'counterpartyType': 'bank', 'amtAccepted': 0}, {'counterpartyType': 'gse', 'amtAccepted': 10060000000}, {'counterpartyType': 'mmf', 'amtAccepted': 3860000000}, {'counterpartyType': 'pd', 'amtAccepted': 0}]"
RP 041818 1,2018-04-18,Reverse Repo,,14021000000,"[{'counterpartyType': 'bank', 'amtAccepted': 1000000}, {'counterpartyType': 'gse', 'amtAccepted': 10660000000}, {'counterpartyType': 'mmf', 'amtAccepted': 3360000000}, {'counterpartyType': 'pd', 'amtAccepted': 0}]"
RP 041718 1,2018-04-17,Reverse Repo,,3971000000,"[{'counterpartyType': 'bank', 'amtAccepted': 1000000}, {'counterpartyType': 'gse', 'amtAccepted': 10000000}, {'counterpartyType': 'mmf', 'amtAccepted': 3960000000}, {'counterpartyType': 'pd', 'amtAccepted': 0}]"
RP 041618 1,2018-04-16,Reverse Repo,,3372000000,"[{'counterpartyType': 'bank', 'amtAccepted': 2000000}, {'counterpartyType': 'gse', 'amtAccepted': 10000000}, {'counterpartyType': 'mmf', 'amtAccepted': 3360000000}, {'counterpartyType': 'pd', 'amtAccepted': 0}]"
RP 041318 1,2018-04-13,Reverse Repo,,3471000000,"[{'counterpartyType': 'bank', 'amtAccepted': 1000000}, {'counterpartyType': 'gse', 'amtAccepted': 10000000}, {'counterpartyType': 'mmf', 'amtAccepted': 3460000000}, {'counterpartyType': 'pd', 'amtAccepted': 0}]"
RP 041218 1,2018-04-12,Reverse Repo,,4120000000,"[{'counterpartyType': 'bank', 'amtAccepted': 0}, {'counterpartyType': 'gse', 'amtAccepted': 10000000}, {'counterpartyType': 'mmf', 'amtAccepted': 4110000000}, {'counterpartyType': 'pd', 'amtAccepted': 0}]"
RP 041118 1,2018-04-11,Reverse Repo,,2361000000,"[{'counterpartyType': 'bank', 'amtAccepted': 1000000}, {'counterpartyType': 'gse', 'amtAccepted': 0}, {'counterpartyType': 'mmf', 'amtAccepted': 2360000000}, {'counterpartyType': 'pd', 'amtAccepted': 0}]"
RP 041018 1,2018-04-10,Reverse Repo,,3990000000,"[{'counterpartyType': 'bank', 'amtAccepted': 10000000}, {'counterpartyType': 'gse', 'amtAccepted': 10000000}, {'counterpartyType': 'mmf', 'amtAccepted': 3960000000}, {'counterpartyType': 'pd', 'amtAccepted': 10000000}]"
RP 040918 1,2018-04-09,Reverse Repo,,4070000000,"[{'counterpartyType': 'bank', 'amtAccepted': 0}, {'counterpartyType': 'gse', 'amtAccepted': 10000000}, {'counterpartyType': 'mmf', 'amtAccepted': 4060000000}, {'counterpartyType': 'pd', 'amtAccepted': 0}]"
RP 040618 1,2018-04-06,Reverse Repo,,4895000000,"[{'counterpartyType': 'bank', 'amtAccepted': 0}, {'counterpartyType': 'gse', 'amtAccepted': 10000000}, {'counterpartyType': 'mmf', 'amtAccepted': 4885000000}, {'counterpartyType': 'pd', 'amtAccepted': 0}]"
RP 040518 1,2018-04-05,Reverse Repo,,4645000000,"[{'counterpartyType': 'bank', 'amtAccepted': 0}, {'counterpartyType': 'gse', 'amtAccepted': 10000000}, {'counterpartyType': 'mmf', 'amtAccepted': 4635000000}, {'counterpartyType': 'pd', 'amtAccepted': 0}]"
RP 040418 1,2018-04-04,Reverse Repo,,4570000000,"[{'counterpartyType': 'bank', 'amtAccepted': 0}, {'counterpartyType': 'gse', 'amtAccepted': 10000000}, {'counterpartyType': 'mmf', 'amtAccepted': 4560000000}, {'counterpartyType': 'pd', 'amtAccepted': 0}]"
RP 040318 1,2018-04-03,Reverse Repo,,8695000000,"[{'counterpartyType': 'bank', 'amtAccepted': 0}, {'counterpartyType': 'gse', 'amtAccepted': 10000000}, {'counterpartyType': 'mmf', 'amtAccepted': 8685000000}, {'counterpartyType': 'pd', 'amtAccepted': 0}]"
RP 040218 1,2018-04-02,Reverse Repo,,3823000000,"[{'counterpartyType': 'bank', 'amtAccepted': 0}, {'counterpartyType': 'gse', 'amtAccepted': 10000000}, {'counterpartyType': 'mmf', 'amtAccepted': 3813000000}, {'counterpartyType': 'pd', 'amtAccepted': 0}]"
RP 032918 1,2018-03-29,Reverse Repo,,32631000000,
RP 032818 1,2018-03-28,Reverse Repo,,17898000000,"[{'counterpartyType': 'bank', 'amtAccepted': 0}, {'counterpartyType': 'gse', 'amtAccepted': 10000000}, {'counterpartyType': 'mmf', 'amtAccepted': 17888000000}, {'counterpartyType': 'pd', 'amtAccepted': 0}]"
RP 032718 1,2018-03-27,Reverse Repo,,9620000000,"[{'counterpartyType': 'bank', 'amtAccepted': 0}, {'counterpartyType': 'gse', 'amtAccepted': 10000000}, {'counterpartyType': 'mmf', 'amtAccepted': 9610000000}, {'counterpartyType': 'pd', 'amtAccepted': 0}]"
RP 032618 1,2018-03-26,Reverse Repo,,5921000000,"[{'counterpartyType': 'bank', 'amtAccepted': 1000000}, {'counterpartyType': 'gse', 'amtAccepted': 10000000}, {'counterpartyType': 'mmf', 'amtAccepted': 5910000000}, {'counterpartyType': 'pd', 'amtAccepted': 0}]"
RP 032318 1,2018-03-23,Reverse Repo,,10450000000,"[{'counterpartyType': 'bank', 'amtAccepted': 0}, {'counterpartyType': 'gse', 'amtAccepted': 5010000000}, {'counterpartyType': 'mmf', 'amtAccepted': 5440000000}, {'counterpartyType': 'pd', 'amtAccepted': 0}]"
RP 032218 1,2018-03-22,Reverse Repo,,11592000000,"[{'counterpartyType': 'bank', 'amtAccepted': 0}, {'counterpartyType': 'gse', 'amtAccepted': 6010000000}, {'counterpartyType': 'mmf', 'amtAccepted': 5582000000}, {'counterpartyType': 'pd', 'amtAccepted': 0}]"
RP 032118 1,2018-03-21,Reverse Repo,,20586000000,"[{'counterpartyType': 'bank', 'amtAccepted': 2050000000}, {'counterpartyType': 'gse', 'amtAccepted': 810000000}, {'counterpartyType': 'mmf', 'amtAccepted': 17726000000}, {'counterpartyType': 'pd', 'amtAccepted': 0}]"
RP 032018 1,2018-03-20,Reverse Repo,,11950000000,"[{'counterpartyType': 'bank', 'amtAccepted': 0}, {'counterpartyType': 'gse', 'amtAccepted': 4160000000}, {'counterpartyType': 'mmf', 'amtAccepted': 7790000000}, {'counterpartyType': 'pd', 'amtAccepted': 0}]"
RP 031918 1,2018-03-19,Reverse Repo,,7820000000,"[{'counterpartyType': 'bank', 'amtAccepted': 0}, {'counterpartyType': 'gse', 'amtAccepted': 4760000000}, {'counterpartyType': 'mmf', 'amtAccepted': 3060000000}, {'counterpartyType': 'pd', 'amtAccepted': 0}]"
RP 031618 1,2018-03-16,Reverse Repo,,10280000000,"[{'counterpartyType': 'bank', 'amtAccepted': 0}, {'counterpartyType': 'gse', 'amtAccepted': 5510000000}, {'counterpartyType': 'mmf', 'amtAccepted': 4770000000}, {'counterpartyType': 'pd', 'amtAccepted': 0}]"
RP 031518 1,2018-03-15,Reverse Repo,,3746000000,"[{'counterpartyType': 'bank', 'amtAccepted': 0}, {'counterpartyType': 'gse', 'amtAccepted': 10000000}, {'counterpartyType': 'mmf', 'amtAccepted': 3736000000}, {'counterpartyType': 'pd', 'amtAccepted': 0}]"
RP 031418 1,2018-03-14,Reverse Repo,,4970000000,"[{'counterpartyType': 'bank', 'amtAccepted': 0}, {'counterpartyType': 'gse', 'amtAccepted': 60000000}, {'counterpartyType': 'mmf', 'amtAccepted': 4910000000}, {'counterpartyType': 'pd', 'amtAccepted': 0}]"
RP 031318 1,2018-03-13,Reverse Repo,,2145000000,"[{'counterpartyType': 'bank', 'amtAccepted': 0}, {'counterpartyType': 'gse', 'amtAccepted': 10000000}, {'counterpartyType': 'mmf', 'amtAccepted': 2135000000}, {'counterpartyType': 'pd', 'amtAccepted': 0}]"
RP 031218 1,2018-03-12,Reverse Repo,,1770000000,"[{'counterpartyType': 'bank', 'amtAccepted': 0}, {'counterpartyType': 'gse', 'amtAccepted': 10000000}, {'counterpartyType': 'mmf', 'amtAccepted': 1760000000}, {'counterpartyType': 'pd', 'amtAccepted': 0}]"
RP 030918 1,2018-03-09,Reverse Repo,,3247000000,"[{'counterpartyType': 'bank', 'amtAccepted': 0}, {'counterpartyType': 'gse', 'amtAccepted': 10000000}, {'counterpartyType': 'mmf', 'amtAccepted': 3237000000}, {'counterpartyType': 'pd', 'amtAccepted': 0}]"
RP 030818 1,2018-03-08,Reverse Repo,,6963000000,"[{'counterpartyType': 'bank', 'amtAccepted': 0}, {'counterpartyType': 'gse', 'amtAccepted': 10000000}, {'counterpartyType': 'mmf', 'amtAccepted': 6953000000}, {'counterpartyType': 'pd', 'amtAccepted': 0}]"
RP 030718 1,2018-03-07,Reverse Repo,,14295000000,"[{'counterpartyType': 'bank', 'amtAccepted': 0}, {'counterpartyType': 'gse', 'amtAccepted': 1260000000}, {'counterpartyType': 'mmf', 'amtAccepted': 13035000000}, {'counterpartyType': 'pd', 'amtAccepted': 0}]"
RP 030618 1,2018-03-06,Reverse Repo,,11205000000,"[{'counterpartyType': 'bank', 'amtAccepted': 0}, {'counterpartyType': 'gse', 'amtAccepted': 3010000000}, {'counterpartyType': 'mmf', 'amtAccepted': 7195000000}, {'counterpartyType': 'pd', 'amtAccepted': 1000000000}]"
RP 030518 1,2018-03-05,Reverse Repo,,15230000000,"[{'counterpartyType': 'bank', 'amtAccepted': 0}, {'counterpartyType': 'gse', 'amtAccepted': 5510000000}, {'counterpartyType': 'mmf', 'amtAccepted': 7720000000}, {'counterpartyType': 'pd', 'amtAccepted': 2000000000}]"
RP 030218 1,2018-03-02,Reverse Repo,,15642000000,"[{'counterpartyType': 'bank', 'amtAccepted': 0}, {'counterpartyType': 'gse', 'amtAccepted': 5135000000}, {'counterpartyType': 'mmf', 'amtAccepted': 8507000000}, {'counterpartyType': 'pd', 'amtAccepted': 2000000000}]"
RP 030118 1,2018-03-01,Reverse Repo,,14334000000,"[{'counterpartyType': 'bank', 'amtAccepted': 0}, {'counterpartyType': 'gse', 'amtAccepted': 3860000000}, {'counterpartyType': 'mmf', 'amtAccepted': 7474000000}, {'counterpartyType': 'pd', 'amtAccepted': 3000000000}]"
RP 022818 1,2018-02-28,Reverse Repo,,44510000000,"[{'counterpartyType': 'bank', 'amtAccepted': 0}, {'counterpartyType': 'gse', 'amtAccepted': 10460000000}, {'counterpartyType': 'mmf', 'amtAccepted': 31050000000}, {'counterpartyType': 'pd', 'amtAccepted': 3000000000}]"
RP 022718 1,2018-02-27,Reverse Repo,,19729000000,"[{'counterpartyType': 'bank', 'amtAccepted': 2000000}, {'counterpartyType': 'gse', 'amtAccepted': 5010000000}, {'counterpartyType': 'mmf', 'amtAccepted': 11716000000}, {'counterpartyType': 'pd', 'amtAccepted': 3001000000}]"
RP 022618 1,2018-02-26,Reverse Repo,,9360000000,"[{'counterpartyType': 'bank', 'amtAccepted': 0}, {'counterpartyType': 'gse', 'amtAccepted': 110000000}, {'counterpartyType': 'mmf', 'amtAccepted': 6250000000}, {'counterpartyType': 'pd', 'amtAccepted': 3000000000}]"
RP 022318 1,2018-02-23,Reverse Repo,,15875000000,"[{'counterpartyType': 'bank', 'amtAccepted': 0}, {'counterpartyType': 'gse', 'amtAccepted': 5020000000}, {'counterpartyType': 'mmf', 'amtAccepted': 7855000000}, {'counterpartyType': 'pd', 'amtAccepted': 3000000000}]"
RP 022218 1,2018-02-22,Reverse Repo,,36320000000,"[{'counterpartyType': 'bank', 'amtAccepted': 11000000}, {'counterpartyType': 'gse', 'amtAccepted': 13510000000}, {'counterpartyType': 'mmf', 'amtAccepted': 19799000000}, {'counterpartyType': 'pd', 'amtAccepted': 3000000000}]"
RP 022118 1,2018-02-21,Reverse Repo,,45171000000,"[{'counterpartyType': 'bank', 'amtAccepted': 1000000}, {'counterpartyType': 'gse', 'amtAccepted': 14910000000}, {'counterpartyType': 'mmf', 'amtAccepted': 26510000000}, {'counterpartyType': 'pd', 'amtAccepted': 3750000000}]"
RP 022018 1,2018-02-20,Reverse Repo,,32495000000,"[{'counterpartyType': 'bank', 'amtAccepted': 0}, {'counterpartyType': 'gse', 'amtAccepted': 13460000000}, {'counterpartyType': 'mmf', 'amtAccepted': 15535000000}, {'counterpartyType': 'pd', 'amtAccepted': 3500000000}]"
RP 021618 1,2018-02-16,Reverse Repo,The settled amount is $14.050 billion less than the accepted amount due to an unsettled trade.,29615000000,"[{'counterpartyType': 'bank', 'amtAccepted': 0}, {'counterpartyType': 'gse', 'amtAccepted': 14060000000}, {'counterpartyType': 'mmf', 'amtAccepted': 12555000000}, {'counterpartyType': 'pd', 'amtAccepted': 3000000000}]"
RP 021518 1,2018-02-15,Reverse Repo,,29080000000,"[{'counterpartyType': 'bank', 'amtAccepted': 0}, {'counterpartyType': 'gse', 'amtAccepted': 10000000}, {'counterpartyType': 'mmf', 'amtAccepted': 26070000000}, {'counterpartyType': 'pd', 'amtAccepted': 3000000000}]"
RP 021418 1,2018-02-14,Reverse Repo,,38518000000,"[{'counterpartyType': 'bank', 'amtAccepted': 0}, {'counterpartyType': 'gse', 'amtAccepted': 10000000}, {'counterpartyType': 'mmf', 'amtAccepted': 35508000000}, {'counterpartyType': 'pd', 'amtAccepted': 3000000000}]"
RP 021318 1,2018-02-13,Reverse Repo,,43137000000,"[{'counterpartyType': 'bank', 'amtAccepted': 1500000000}, {'counterpartyType': 'gse', 'amtAccepted': 510000000}, {'counterpartyType': 'mmf', 'amtAccepted': 36527000000}, {'counterpartyType': 'pd', 'amtAccepted': 4600000000}]"
RP 021218 1,2018-02-12,Reverse Repo,,30631000000,"[{'counterpartyType': 'bank', 'amtAccepted': 0}, {'counterpartyType': 'gse', 'amtAccepted': 10000000}, {'counterpartyType': 'mmf', 'amtAccepted': 27621000000}, {'counterpartyType': 'pd', 'amtAccepted': 3000000000}]"
RP 020918 1,2018-02-09,Reverse Repo,,36567000000,"[{'counterpartyType': 'bank', 'amtAccepted': 0}, {'counterpartyType': 'gse', 'amtAccepted': 10000000}, {'counterpartyType': 'mmf', 'amtAccepted': 33557000000}, {'counterpartyType': 'pd', 'amtAccepted': 3000000000}]"
RP 020818 1,2018-02-08,Reverse Repo,,33272000000,"[{'counterpartyType': 'bank', 'amtAccepted': 0}, {'counterpartyType': 'gse', 'amtAccepted': 10000000}, {'counterpartyType': 'mmf', 'amtAccepted': 30262000000}, {'counterpartyType': 'pd', 'amtAccepted': 3000000000}]"
RP 020718 1,2018-02-07,Reverse Repo,,48120000000,"[{'counterpartyType': 'bank', 'amtAccepted': 10000000}, {'counterpartyType': 'gse', 'amtAccepted': 10000000}, {'counterpartyType': 'mmf', 'amtAccepted': 45100000000}, {'counterpartyType': 'pd', 'amtAccepted': 3000000000}]"
RP 020618 1,2018-02-06,Reverse Repo,,49214000000,"[{'counterpartyType': 'bank', 'amtAccepted': 0}, {'counterpartyType': 'gse', 'amtAccepted': 385000000}, {'counterpartyType': 'mmf', 'amtAccepted': 45829000000}, {'counterpartyType': 'pd', 'amtAccepted': 3000000000}]"
RP 020518 1,2018-02-05,Reverse Repo,,59008000000,"[{'counterpartyType': 'bank', 'amtAccepted': 0}, {'counterpartyType': 'gse', 'amtAccepted': 1310000000}, {'counterpartyType': 'mmf', 'amtAccepted': 51198000000}, {'counterpartyType': 'pd', 'amtAccepted': 6500000000}]"
RP 020218 1,2018-02-02,Reverse Repo,,43931000000,"[{'counterpartyType': 'bank', 'amtAccepted': 4000000000}, {'counterpartyType': 'gse', 'amtAccepted': 10000000}, {'counterpartyType': 'mmf', 'amtAccepted': 36921000000}, {'counterpartyType': 'pd', 'amtAccepted': 3000000000}]"
RP 020118 1,2018-02-01,Reverse Repo,,31825000000,"[{'counterpartyType': 'bank', 'amtAccepted': 0}, {'counterpartyType': 'gse', 'amtAccepted': 10000000}, {'counterpartyType': 'mmf', 'amtAccepted': 28815000000}, {'counterpartyType': 'pd', 'amtAccepted': 3000000000}]"
RP 013118 1,2018-01-31,Reverse Repo,,65797000000,"[{'counterpartyType': 'bank', 'amtAccepted': 4700000000}, {'counterpartyType': 'gse', 'amtAccepted': 3010000000}, {'counterpartyType': 'mmf', 'amtAccepted': 55087000000}, {'counterpartyType': 'pd', 'amtAccepted': 3000000000}]"
RP 013018 1,2018-01-30,Reverse Repo,,31766000000,"[{'counterpartyType': 'bank', 'amtAccepted': 0}, {'counterpartyType': 'gse', 'amtAccepted': 10000000}, {'counterpartyType': 'mmf', 'amtAccepted': 19756000000}, {'counterpartyType': 'pd', 'amtAccepted': 12000000000}]"
RP 012918 1,2018-01-29,Reverse Repo,,23980000000,"[{'counterpartyType': 'bank', 'amtAccepted': 0}, {'counterpartyType': 'gse', 'amtAccepted': 10000000}, {'counterpartyType': 'mmf', 'amtAccepted': 20970000000}, {'counterpartyType': 'pd', 'amtAccepted': 3000000000}]"
RP 012618 1,2018-01-26,Reverse Repo,,21427000000,"[{'counterpartyType': 'bank', 'amtAccepted': 0}, {'counterpartyType': 'gse', 'amtAccepted': 10000000}, {'counterpartyType': 'mmf', 'amtAccepted': 18417000000}, {'counterpartyType': 'pd', 'amtAccepted': 3000000000}]"
RP 012518 1,2018-01-25,Reverse Repo,,19891000000,"[{'counterpartyType': 'bank', 'amtAccepted': 1000000}, {'counterpartyType': 'gse', 'amtAccepted': 2010000000}, {'counterpartyType': 'mmf', 'amtAccepted': 14880000000}, {'counterpartyType': 'pd', 'amtAccepted': 3000000000}]"
RP 012418 1,2018-01-24,Reverse Repo,,36371000000,"[{'counterpartyType': 'bank', 'amtAccepted': 1000000}, {'counterpartyType': 'gse', 'amtAccepted': 5010000000}, {'counterpartyType': 'mmf', 'amtAccepted': 22360000000}, {'counterpartyType': 'pd', 'amtAccepted': 9000000000}]"
RP 012318 1,2018-01-23,Reverse Repo,,31791000000,"[{'counterpartyType': 'bank', 'amtAccepted': 1006000000}, {'counterpartyType': 'gse', 'amtAccepted': 3360000000}, {'counterpartyType': 'mmf', 'amtAccepted': 24425000000}, {'counterpartyType': 'pd', 'amtAccepted': 3000000000}]"
RP 012218 1,2018-01-22,Reverse Repo,,28706000000,"[{'counterpartyType': 'bank', 'amtAccepted': 1000000}, {'counterpartyType': 'gse', 'amtAccepted': 1260000000}, {'counterpartyType': 'mmf', 'amtAccepted': 24445000000}, {'counterpartyType': 'pd', 'amtAccepted': 3000000000}]"
RP 011918 1,2018-01-19,Reverse Repo,,22196000000,"[{'counterpartyType': 'bank', 'amtAccepted': 0}, {'counterpartyType': 'gse', 'amtAccepted': 910000000}, {'counterpartyType': 'mmf', 'amtAccepted': 18286000000}, {'counterpartyType': 'pd', 'amtAccepted': 3000000000}]"
RP 011818 1,2018-01-18,Reverse Repo,,22804000000,"[{'counterpartyType': 'bank', 'amtAccepted': 0}, {'counterpartyType': 'gse', 'amtAccepted': 1260000000}, {'counterpartyType': 'mmf', 'amtAccepted': 18544000000}, {'counterpartyType': 'pd', 'amtAccepted': 3000000000}]"
RP 011718 1,2018-01-17,Reverse Repo,,20548000000,"[{'counterpartyType': 'bank', 'amtAccepted': 0}, {'counterpartyType': 'gse', 'amtAccepted': 10000000}, {'counterpartyType': 'mmf', 'amtAccepted': 17538000000}, {'counterpartyType': 'pd', 'amtAccepted': 3000000000}]"
RP 011618 1,2018-01-16,Reverse Repo,,22003000000,"[{'counterpartyType': 'bank', 'amtAccepted': 0}, {'counterpartyType': 'gse', 'amtAccepted': 10000000}, {'counterpartyType': 'mmf', 'amtAccepted': 18993000000}, {'counterpartyType': 'pd', 'amtAccepted': 3000000000}]"
RP 011218 1,2018-01-12,Reverse Repo,,21590000000,"[{'counterpartyType': 'bank', 'amtAccepted': 0}, {'counterpartyType': 'gse', 'amtAccepted': 10000000}, {'counterpartyType': 'mmf', 'amtAccepted': 18580000000}, {'counterpartyType': 'pd', 'amtAccepted': 3000000000}]"
RP 011118 1,2018-01-11,Reverse Repo,,33597000000,"[{'counterpartyType': 'bank', 'amtAccepted': 0}, {'counterpartyType': 'gse', 'amtAccepted': 10000000}, {'counterpartyType': 'mmf', 'amtAccepted': 30587000000}, {'counterpartyType': 'pd', 'amtAccepted': 3000000000}]"
RP 011018 1,2018-01-10,Reverse Repo,,57954000000,"[{'counterpartyType': 'bank', 'amtAccepted': 10000000}, {'counterpartyType': 'gse', 'amtAccepted': 10000000}, {'counterpartyType': 'mmf', 'amtAccepted': 54934000000}, {'counterpartyType': 'pd', 'amtAccepted': 3000000000}]"
RP 010918 1,2018-01-09,Reverse Repo,,56468000000,"[{'counterpartyType': 'bank', 'amtAccepted': 0}, {'counterpartyType': 'gse', 'amtAccepted': 10000000}, {'counterpartyType': 'mmf', 'amtAccepted': 53458000000}, {'counterpartyType': 'pd', 'amtAccepted': 3000000000}]"
RP 010818 1,2018-01-08,Reverse Repo,,63531000000,"[{'counterpartyType': 'bank', 'amtAccepted': 0}, {'counterpartyType': 'gse', 'amtAccepted': 10000000}, {'counterpartyType': 'mmf', 'amtAccepted': 60521000000}, {'counterpartyType': 'pd', 'amtAccepted': 3000000000}]"
RP 010518 1,2018-01-05,Reverse Repo,,63804000000,"[{'counterpartyType': 'bank', 'amtAccepted': 20000000}, {'counterpartyType': 'gse', 'amtAccepted': 10000000}, {'counterpartyType': 'mmf', 'amtAccepted': 60774000000}, {'counterpartyType': 'pd', 'amtAccepted': 3000000000}]"
RP 010418 1,2018-01-04,Reverse Repo,,76624000000,"[{'counterpartyType': 'bank', 'amtAccepted': 0}, {'counterpartyType': 'gse', 'amtAccepted': 10000000}, {'counterpartyType': 'mmf', 'amtAccepted': 73614000000}, {'counterpartyType': 'pd', 'amtAccepted': 3000000000}]"
RP 010318 1,2018-01-03,Reverse Repo,,131622000000,"[{'counterpartyType': 'bank', 'amtAccepted': 0}, {'counterpartyType': 'gse', 'amtAccepted': 10000000}, {'counterpartyType': 'mmf', 'amtAccepted': 128612000000}, {'counterpartyType': 'pd', 'amtAccepted': 3000000000}]"
RP 010218 1,2018-01-02,Reverse Repo,,136967000000,"[{'counterpartyType': 'bank', 'amtAccepted': 0}, {'counterpartyType': 'gse', 'amtAccepted': 10000000}, {'counterpartyType': 'mmf', 'amtAccepted': 133957000000}, {'counterpartyType': 'pd', 'amtAccepted': 3000000000}]"
RP 122917 1,2017-12-29,Reverse Repo,,319595000000,"[{'counterpartyType': 'bank', 'amtAccepted': 0}, {'counterpartyType': 'gse', 'amtAccepted': 28460000000}, {'counterpartyType': 'mmf', 'amtAccepted': 288135000000}, {'counterpartyType': 'pd', 'amtAccepted': 3000000000}]"
RP 122817 1,2017-12-28,Reverse Repo,,158478000000,"[{'counterpartyType': 'bank', 'amtAccepted': 0}, {'counterpartyType': 'gse', 'amtAccepted': 1710000000}, {'counterpartyType': 'mmf', 'amtAccepted': 153768000000}, {'counterpartyType': 'pd', 'amtAccepted': 3000000000}]"
RP 122717 1,2017-12-27,Reverse Repo,,147749000000,"[{'counterpartyType': 'bank', 'amtAccepted': 0}, {'counterpartyType': 'gse', 'amtAccepted': 10000000}, {'counterpartyType': 'mmf', 'amtAccepted': 144637000000}, {'counterpartyType': 'pd', 'amtAccepted': 3102000000}]"
RP 122617 1,2017-12-26,Reverse Repo,,119456000000,"[{'counterpartyType': 'bank', 'amtAccepted': 0}, {'counterpartyType': 'gse', 'amtAccepted': 10000000}, {'counterpartyType': 'mmf', 'amtAccepted': 116446000000}, {'counterpartyType': 'pd', 'amtAccepted': 3000000000}]"
RP 122217 1,2017-12-22,Reverse Repo,,113852000000,"[{'counterpartyType': 'bank', 'amtAccepted': 0}, {'counterpartyType': 'gse', 'amtAccepted': 10010000000}, {'counterpartyType': 'mmf', 'amtAccepted': 100742000000}, {'counterpartyType': 'pd', 'amtAccepted': 3100000000}]"
RP 122117 1,2017-12-21,Reverse Repo,,116978000000,"[{'counterpartyType': 'bank', 'amtAccepted': 1000000}, {'counterpartyType': 'gse', 'amtAccepted': 18360000000}, {'counterpartyType': 'mmf', 'amtAccepted': 95516000000}, {'counterpartyType': 'pd', 'amtAccepted': 3101000000}]"
RP 122017 1,2017-12-20,Reverse Repo,,127582000000,"[{'counterpartyType': 'bank', 'amtAccepted': 1000000}, {'counterpartyType': 'gse', 'amtAccepted': 16110000000}, {'counterpartyType': 'mmf', 'amtAccepted': 108471000000}, {'counterpartyType': 'pd', 'amtAccepted': 3000000000}]"
RP 121917 1,2017-12-19,Reverse Repo,,112628000000,"[{'counterpartyType': 'bank', 'amtAccepted': 0}, {'counterpartyType': 'gse', 'amtAccepted': 21460000000}, {'counterpartyType': 'mmf', 'amtAccepted': 88158000000}, {'counterpartyType': 'pd', 'amtAccepted': 3010000000}]"
RP 121817 1,2017-12-18,Reverse Repo,,117276000000,"[{'counterpartyType': 'bank', 'amtAccepted': 0}, {'counterpartyType': 'gse', 'amtAccepted': 20610000000}, {'counterpartyType': 'mmf', 'amtAccepted': 93666000000}, {'counterpartyType': 'pd', 'amtAccepted': 3000000000}]"
RP 121517 1,2017-12-15,Reverse Repo,,80206000000,"[{'counterpartyType': 'bank', 'amtAccepted': 0}, {'counterpartyType': 'gse', 'amtAccepted': 10000000}, {'counterpartyType': 'mmf', 'amtAccepted': 77196000000}, {'counterpartyType': 'pd', 'amtAccepted': 3000000000}]"
RP 121417 1,2017-12-14,Reverse Repo,,107679000000,"[{'counterpartyType': 'bank', 'amtAccepted': 1000000}, {'counterpartyType': 'gse', 'amtAccepted': 110000000}, {'counterpartyType': 'mmf', 'amtAccepted': 104568000000}, {'counterpartyType': 'pd', 'amtAccepted': 3000000000}]"
RP 121317 1,2017-12-13,Reverse Repo,,143392000000,"[{'counterpartyType': 'bank', 'amtAccepted': 0}, {'counterpartyType': 'gse', 'amtAccepted': 10000000}, {'counterpartyType': 'mmf', 'amtAccepted': 140382000000}, {'counterpartyType': 'pd', 'amtAccepted': 3000000000}]"
RP 121217 1,2017-12-12,Reverse Repo,,119090000000,"[{'counterpartyType': 'bank', 'amtAccepted': 0}, {'counterpartyType': 'gse', 'amtAccepted': 10000000}, {'counterpartyType': 'mmf', 'amtAccepted': 116080000000}, {'counterpartyType': 'pd', 'amtAccepted': 3000000000}]"
RP 121117 1,2017-12-11,Reverse Repo,,107473000000,"[{'counterpartyType': 'bank', 'amtAccepted': 0}, {'counterpartyType': 'gse', 'amtAccepted': 10000000}, {'counterpartyType': 'mmf', 'amtAccepted': 104463000000}, {'counterpartyType': 'pd', 'amtAccepted': 3000000000}]"
RP 120817 1,2017-12-08,Reverse Repo,,82714000000,"[{'counterpartyType': 'bank', 'amtAccepted': 0}, {'counterpartyType': 'gse', 'amtAccepted': 10000000}, {'counterpartyType': 'mmf', 'amtAccepted': 79704000000}, {'counterpartyType': 'pd', 'amtAccepted': 3000000000}]"
RP 120717 1,2017-12-07,Reverse Repo,,63552000000,"[{'counterpartyType': 'bank', 'amtAccepted': 11000000}, {'counterpartyType': 'gse', 'amtAccepted': 110000000}, {'counterpartyType': 'mmf', 'amtAccepted': 60431000000}, {'counterpartyType': 'pd', 'amtAccepted': 3000000000}]"
RP 120617 1,2017-12-06,Reverse Repo,,76368000000,"[{'counterpartyType': 'bank', 'amtAccepted': 10000000}, {'counterpartyType': 'gse', 'amtAccepted': 110000000}, {'counterpartyType': 'mmf', 'amtAccepted': 73248000000}, {'counterpartyType': 'pd', 'amtAccepted': 3000000000}]"
RP 120517 1,2017-12-05,Reverse Repo,,68297000000,"[{'counterpartyType': 'bank', 'amtAccepted': 1000000}, {'counterpartyType': 'gse', 'amtAccepted': 10000000}, {'counterpartyType': 'mmf', 'amtAccepted': 65286000000}, {'counterpartyType': 'pd', 'amtAccepted': 3000000000}]"
RP 120417 1,2017-12-04,Reverse Repo,,72389000000,"[{'counterpartyType': 'bank', 'amtAccepted': 0}, {'counterpartyType': 'gse', 'amtAccepted': 10000000}, {'counterpartyType': 'mmf', 'amtAccepted': 69379000000}, {'counterpartyType': 'pd', 'amtAccepted': 3000000000}]"
RP 120117 1,2017-12-01,Reverse Repo,,59030000000,"[{'counterpartyType': 'bank', 'amtAccepted': 0}, {'counterpartyType': 'gse', 'amtAccepted': 1260000000}, {'counterpartyType': 'mmf', 'amtAccepted': 54770000000}, {'counterpartyType': 'pd', 'amtAccepted': 3000000000}]"
RP 113017 1,2017-11-30,Reverse Repo,,102719000000,"[{'counterpartyType': 'bank', 'amtAccepted': 0}, {'counterpartyType': 'gse', 'amtAccepted': 3510000000}, {'counterpartyType': 'mmf', 'amtAccepted': 96209000000}, {'counterpartyType': 'pd', 'amtAccepted': 3000000000}]"
RP 112917 1,2017-11-29,Reverse Repo,,67019000000,"[{'counterpartyType': 'bank', 'amtAccepted': 1000000}, {'counterpartyType': 'gse', 'amtAccepted': 3010000000}, {'counterpartyType': 'mmf', 'amtAccepted': 61007000000}, {'counterpartyType': 'pd', 'amtAccepted': 3001000000}]"
RP 112817 1,2017-11-28,Reverse Repo,,50834000000,"[{'counterpartyType': 'bank', 'amtAccepted': 5001000000}, {'counterpartyType': 'gse', 'amtAccepted': 3660000000}, {'counterpartyType': 'mmf', 'amtAccepted': 39173000000}, {'counterpartyType': 'pd', 'amtAccepted': 3000000000}]"
RP 112717 1,2017-11-27,Reverse Repo,,39381000000,"[{'counterpartyType': 'bank', 'amtAccepted': 0}, {'counterpartyType': 'gse', 'amtAccepted': 8660000000}, {'counterpartyType': 'mmf', 'amtAccepted': 27721000000}, {'counterpartyType': 'pd', 'amtAccepted': 3000000000}]"
RP 112417 1,2017-11-24,Reverse Repo,,40488000000,"[{'counterpartyType': 'bank', 'amtAccepted': 0}, {'counterpartyType': 'gse', 'amtAccepted': 13010000000}, {'counterpartyType': 'mmf', 'amtAccepted': 22478000000}, {'counterpartyType': 'pd', 'amtAccepted': 5000000000}]"
RP 112217 1,2017-11-22,Reverse Repo,,51634000000,"[{'counterpartyType': 'bank', 'amtAccepted': 1000000000}, {'counterpartyType': 'gse', 'amtAccepted': 17010000000}, {'counterpartyType': 'mmf', 'amtAccepted': 30624000000}, {'counterpartyType': 'pd', 'amtAccepted': 3000000000}]"
RP 112117 1,2017-11-21,Reverse Repo,,42899000000,"[{'counterpartyType': 'bank', 'amtAccepted': 0}, {'counterpartyType': 'gse', 'amtAccepted': 18160000000}, {'counterpartyType': 'mmf', 'amtAccepted': 21739000000}, {'counterpartyType': 'pd', 'amtAccepted': 3000000000}]"
RP 112017 2,2017-11-20,Reverse Repo,,34576000000,"[{'counterpartyType': 'bank', 'amtAccepted': 1000000}, {'counterpartyType': 'gse', 'amtAccepted': 17360000000}, {'counterpartyType': 'mmf', 'amtAccepted': 14215000000}, {'counterpartyType': 'pd', 'amtAccepted': 3000000000}]"
RP 111717 1,2017-11-17,Reverse Repo,,38838000000,"[{'counterpartyType': 'bank', 'amtAccepted': 0}, {'counterpartyType': 'gse', 'amtAccepted': 16110000000}, {'counterpartyType': 'mmf', 'amtAccepted': 19728000000}, {'counterpartyType': 'pd', 'amtAccepted': 3000000000}]"
RP 111617 2,2017-11-16,Reverse Repo,,20709000000,"[{'counterpartyType': 'bank', 'amtAccepted': 0}, {'counterpartyType': 'gse', 'amtAccepted': 10000000}, {'counterpartyType': 'mmf', 'amtAccepted': 17699000000}, {'counterpartyType': 'pd', 'amtAccepted': 3000000000}]"
RP 111617 1,2017-11-16,Reverse Repo,"See announcement from <a href=""http://www.newyorkfed.org/markets/opolicy/operating_policy_171106.html""> Nov 6, 2017</a>.",22000000,"[{'counterpartyType': 'bank', 'amtAccepted': 0}, {'counterpartyType': 'gse', 'amtAccepted': 0}, {'counterpartyType': 'mmf', 'amtAccepted': 0}, {'counterpartyType': 'pd', 'amtAccepted': 22000000}]"
RP 111517 1,2017-11-15,Reverse Repo,,35038000000,"[{'counterpartyType': 'bank', 'amtAccepted': 0}, {'counterpartyType': 'gse', 'amtAccepted': 10000000}, {'counterpartyType': 'mmf', 'amtAccepted': 32028000000}, {'counterpartyType': 'pd', 'amtAccepted': 3000000000}]"
RP 111417 1,2017-11-14,Reverse Repo,,32219000000,"[{'counterpartyType': 'bank', 'amtAccepted': 10000000}, {'counterpartyType': 'gse', 'amtAccepted': 10000000}, {'counterpartyType': 'mmf', 'amtAccepted': 29199000000}, {'counterpartyType': 'pd', 'amtAccepted': 3000000000}]"
RP 111317 2,2017-11-13,Reverse Repo,,35243000000,"[{'counterpartyType': 'bank', 'amtAccepted': 0}, {'counterpartyType': 'gse', 'amtAccepted': 10000000}, {'counterpartyType': 'mmf', 'amtAccepted': 32233000000}, {'counterpartyType': 'pd', 'amtAccepted': 3000000000}]"
RP 111317 1,2017-11-13,Reverse Repo,"See announcement from <a href=""http://www.newyorkfed.org/markets/opolicy/operating_policy_171106.html""> Nov 6, 2017</a>.",109000000,"[{'counterpartyType': 'bank', 'amtAccepted': 8000000}, {'counterpartyType': 'gse', 'amtAccepted': 8000000}, {'counterpartyType': 'mmf', 'amtAccepted': 70000000}, {'counterpartyType': 'pd', 'amtAccepted': 23000000}]"
RP 111017 1,2017-11-10,Reverse Repo,,39671000000,"[{'counterpartyType': 'bank', 'amtAccepted': 1000000}, {'counterpartyType': 'gse', 'amtAccepted': 10000000}, {'counterpartyType': 'mmf', 'amtAccepted': 36660000000}, {'counterpartyType': 'pd', 'amtAccepted': 3000000000}]"
RP 110917 1,2017-11-09,Reverse Repo,,46378000000,"[{'counterpartyType': 'bank', 'amtAccepted': 0}, {'counterpartyType': 'gse', 'amtAccepted': 10000000}, {'counterpartyType': 'mmf', 'amtAccepted': 43368000000}, {'counterpartyType': 'pd', 'amtAccepted': 3000000000}]"
RP 110817 2,2017-11-08,Reverse Repo,,74546000000,"[{'counterpartyType': 'bank', 'amtAccepted': 0}, {'counterpartyType': 'gse', 'amtAccepted': 10000000}, {'counterpartyType': 'mmf', 'amtAccepted': 71536000000}, {'counterpartyType': 'pd', 'amtAccepted': 3000000000}]"
RP 110717 1,2017-11-07,Reverse Repo,,58971000000,"[{'counterpartyType': 'bank', 'amtAccepted': 0}, {'counterpartyType': 'gse', 'amtAccepted': 10000000}, {'counterpartyType': 'mmf', 'amtAccepted': 55961000000}, {'counterpartyType': 'pd', 'amtAccepted': 3000000000}]"
RP 110617 1,2017-11-06,Reverse Repo,,70365000000,"[{'counterpartyType': 'bank', 'amtAccepted': 0}, {'counterpartyType': 'gse', 'amtAccepted': 10000000}, {'counterpartyType': 'mmf', 'amtAccepted': 67355000000}, {'counterpartyType': 'pd', 'amtAccepted': 3000000000}]"
RP 110317 1,2017-11-03,Reverse Repo,,60915000000,"[{'counterpartyType': 'bank', 'amtAccepted': 0}, {'counterpartyType': 'gse', 'amtAccepted': 10000000}, {'counterpartyType': 'mmf', 'amtAccepted': 57905000000}, {'counterpartyType': 'pd', 'amtAccepted': 3000000000}]"
RP 110217 1,2017-11-02,Reverse Repo,,58758000000,"[{'counterpartyType': 'bank', 'amtAccepted': 0}, {'counterpartyType': 'gse', 'amtAccepted': 10000000}, {'counterpartyType': 'mmf', 'amtAccepted': 55748000000}, {'counterpartyType': 'pd', 'amtAccepted': 3000000000}]"
RP 110117 1,2017-11-01,Reverse Repo,,87165000000,"[{'counterpartyType': 'bank', 'amtAccepted': 0}, {'counterpartyType': 'gse', 'amtAccepted': 10000000}, {'counterpartyType': 'mmf', 'amtAccepted': 84155000000}, {'counterpartyType': 'pd', 'amtAccepted': 3000000000}]"
RP 103117 1,2017-10-31,Reverse Repo,,173605000000,"[{'counterpartyType': 'bank', 'amtAccepted': 0}, {'counterpartyType': 'gse', 'amtAccepted': 6160000000}, {'counterpartyType': 'mmf', 'amtAccepted': 164445000000}, {'counterpartyType': 'pd', 'amtAccepted': 3000000000}]"
RP 103017 1,2017-10-30,Reverse Repo,,102147000000,"[{'counterpartyType': 'bank', 'amtAccepted': 0}, {'counterpartyType': 'gse', 'amtAccepted': 1610000000}, {'counterpartyType': 'mmf', 'amtAccepted': 97537000000}, {'counterpartyType': 'pd', 'amtAccepted': 3000000000}]"
RP 102717 1,2017-10-27,Reverse Repo,,105903000000,"[{'counterpartyType': 'bank', 'amtAccepted': 1000000}, {'counterpartyType': 'gse', 'amtAccepted': 10000000}, {'counterpartyType': 'mmf', 'amtAccepted': 102892000000}, {'counterpartyType': 'pd', 'amtAccepted': 3000000000}]"
RP 102617 1,2017-10-26,Reverse Repo,,98412000000,"[{'counterpartyType': 'bank', 'amtAccepted': 1000000}, {'counterpartyType': 'gse', 'amtAccepted': 10000000}, {'counterpartyType': 'mmf', 'amtAccepted': 95401000000}, {'counterpartyType': 'pd', 'amtAccepted': 3000000000}]"
RP 102517 1,2017-10-25,Reverse Repo,,112057000000,"[{'counterpartyType': 'bank', 'amtAccepted': 1000000}, {'counterpartyType': 'gse', 'amtAccepted': 10000000}, {'counterpartyType': 'mmf', 'amtAccepted': 109046000000}, {'counterpartyType': 'pd', 'amtAccepted': 3000000000}]"
RP 102417 1,2017-10-24,Reverse Repo,,97202000000,"[{'counterpartyType': 'bank', 'amtAccepted': 0}, {'counterpartyType': 'gse', 'amtAccepted': 5010000000}, {'counterpartyType': 'mmf', 'amtAccepted': 89192000000}, {'counterpartyType': 'pd', 'amtAccepted': 3000000000}]"
RP 102317 1,2017-10-23,Reverse Repo,,110260000000,"[{'counterpartyType': 'bank', 'amtAccepted': 51000000}, {'counterpartyType': 'gse', 'amtAccepted': 19760000000}, {'counterpartyType': 'mmf', 'amtAccepted': 87449000000}, {'counterpartyType': 'pd', 'amtAccepted': 3000000000}]"
RP 102017 1,2017-10-20,Reverse Repo,,102488000000,"[{'counterpartyType': 'bank', 'amtAccepted': 0}, {'counterpartyType': 'gse', 'amtAccepted': 19810000000}, {'counterpartyType': 'mmf', 'amtAccepted': 79678000000}, {'counterpartyType': 'pd', 'amtAccepted': 3000000000}]"
RP 101917 1,2017-10-19,Reverse Repo,,102612000000,"[{'counterpartyType': 'bank', 'amtAccepted': 1000000}, {'counterpartyType': 'gse', 'amtAccepted': 19360000000}, {'counterpartyType': 'mmf', 'amtAccepted': 80251000000}, {'counterpartyType': 'pd', 'amtAccepted': 3000000000}]"
RP 101817 1,2017-10-18,Reverse Repo,,121457000000,"[{'counterpartyType': 'bank', 'amtAccepted': 1000000}, {'counterpartyType': 'gse', 'amtAccepted': 19210000000}, {'counterpartyType': 'mmf', 'amtAccepted': 99246000000}, {'counterpartyType': 'pd', 'amtAccepted': 3000000000}]"
RP 101717 1,2017-10-17,Reverse Repo,,91188000000,"[{'counterpartyType': 'bank', 'amtAccepted': 0}, {'counterpartyType': 'gse', 'amtAccepted': 1110000000}, {'counterpartyType': 'mmf', 'amtAccepted': 87078000000}, {'counterpartyType': 'pd', 'amtAccepted': 3000000000}]"
RP 101617 1,2017-10-16,Reverse Repo,,78531000000,"[{'counterpartyType': 'bank', 'amtAccepted': 0}, {'counterpartyType': 'gse', 'amtAccepted': 1010000000}, {'counterpartyType': 'mmf', 'amtAccepted': 74521000000}, {'counterpartyType': 'pd', 'amtAccepted': 3000000000}]"
RP 101317 1,2017-10-13,Reverse Repo,,99961000000,"[{'counterpartyType': 'bank', 'amtAccepted': 0}, {'counterpartyType': 'gse', 'amtAccepted': 260000000}, {'counterpartyType': 'mmf', 'amtAccepted': 96701000000}, {'counterpartyType': 'pd', 'amtAccepted': 3000000000}]"
RP 101217 1,2017-10-12,Reverse Repo,,102807000000,"[{'counterpartyType': 'bank', 'amtAccepted': 1000000}, {'counterpartyType': 'gse', 'amtAccepted': 10000000}, {'counterpartyType': 'mmf', 'amtAccepted': 99796000000}, {'counterpartyType': 'pd', 'amtAccepted': 3000000000}]"
RP 101117 1,2017-10-11,Reverse Repo,,129805000000,"[{'counterpartyType': 'bank', 'amtAccepted': 5000000}, {'counterpartyType': 'gse', 'amtAccepted': 265000000}, {'counterpartyType': 'mmf', 'amtAccepted': 126535000000}, {'counterpartyType': 'pd', 'amtAccepted': 3000000000}]"
RP 101017 1,2017-10-10,Reverse Repo,,121913000000,"[{'counterpartyType': 'bank', 'amtAccepted': 10000000}, {'counterpartyType': 'gse', 'amtAccepted': 10000000}, {'counterpartyType': 'mmf', 'amtAccepted': 118893000000}, {'counterpartyType': 'pd', 'amtAccepted': 3000000000}]"
RP 100617 1,2017-10-06,Reverse Repo,,119529000000,"[{'counterpartyType': 'bank', 'amtAccepted': 0}, {'counterpartyType': 'gse', 'amtAccepted': 10000000}, {'counterpartyType': 'mmf', 'amtAccepted': 116519000000}, {'counterpartyType': 'pd', 'amtAccepted': 3000000000}]"
RP 100517 1,2017-10-05,Reverse Repo,,132827000000,"[{'counterpartyType': 'bank', 'amtAccepted': 0}, {'counterpartyType': 'gse', 'amtAccepted': 285000000}, {'counterpartyType': 'mmf', 'amtAccepted': 129542000000}, {'counterpartyType': 'pd', 'amtAccepted': 3000000000}]"
RP 100417 1,2017-10-04,Reverse Repo,,178738000000,"[{'counterpartyType': 'bank', 'amtAccepted': 0}, {'counterpartyType': 'gse', 'amtAccepted': 2060000000}, {'counterpartyType': 'mmf', 'amtAccepted': 173678000000}, {'counterpartyType': 'pd', 'amtAccepted': 3000000000}]"
RP 100317 1,2017-10-03,Reverse Repo,,181605000000,"[{'counterpartyType': 'bank', 'amtAccepted': 0}, {'counterpartyType': 'gse', 'amtAccepted': 1510000000}, {'counterpartyType': 'mmf', 'amtAccepted': 177095000000}, {'counterpartyType': 'pd', 'amtAccepted': 3000000000}]"
RP 100217 1,2017-10-02,Reverse Repo,,190377000000,"[{'counterpartyType': 'bank', 'amtAccepted': 50000000}, {'counterpartyType': 'gse', 'amtAccepted': 10000000}, {'counterpartyType': 'mmf', 'amtAccepted': 187317000000}, {'counterpartyType': 'pd', 'amtAccepted': 3000000000}]"
RP 092917 1,2017-09-29,Reverse Repo,,316090000000,"[{'counterpartyType': 'bank', 'amtAccepted': 0}, {'counterpartyType': 'gse', 'amtAccepted': 14610000000}, {'counterpartyType': 'mmf', 'amtAccepted': 298480000000}, {'counterpartyType': 'pd', 'amtAccepted': 3000000000}]"
RP 092817 1,2017-09-28,Reverse Repo,,208936000000,"[{'counterpartyType': 'bank', 'amtAccepted': 0}, {'counterpartyType': 'gse', 'amtAccepted': 3260000000}, {'counterpartyType': 'mmf', 'amtAccepted': 202676000000}, {'counterpartyType': 'pd', 'amtAccepted': 3000000000}]"
RP 092717 1,2017-09-27,Reverse Repo,,220083000000,"[{'counterpartyType': 'bank', 'amtAccepted': 0}, {'counterpartyType': 'gse', 'amtAccepted': 385000000}, {'counterpartyType': 'mmf', 'amtAccepted': 216698000000}, {'counterpartyType': 'pd', 'amtAccepted': 3000000000}]"
RP 092617 1,2017-09-26,Reverse Repo,,173715000000,"[{'counterpartyType': 'bank', 'amtAccepted': 10000000}, {'counterpartyType': 'gse', 'amtAccepted': 635000000}, {'counterpartyType': 'mmf', 'amtAccepted': 161570000000}, {'counterpartyType': 'pd', 'amtAccepted': 11500000000}]"
RP 092517 1,2017-09-25,Reverse Repo,,158503000000,"[{'counterpartyType': 'bank', 'amtAccepted': 6000000000}, {'counterpartyType': 'gse', 'amtAccepted': 5390000000}, {'counterpartyType': 'mmf', 'amtAccepted': 139713000000}, {'counterpartyType': 'pd', 'amtAccepted': 7400000000}]"
RP 092217 1,2017-09-22,Reverse Repo,,157330000000,"[{'counterpartyType': 'bank', 'amtAccepted': 6000000000}, {'counterpartyType': 'gse', 'amtAccepted': 9060000000}, {'counterpartyType': 'mmf', 'amtAccepted': 131570000000}, {'counterpartyType': 'pd', 'amtAccepted': 10700000000}]"
RP 092117 1,2017-09-21,Reverse Repo,,152866000000,"[{'counterpartyType': 'bank', 'amtAccepted': 7300000000}, {'counterpartyType': 'gse', 'amtAccepted': 24960000000}, {'counterpartyType': 'mmf', 'amtAccepted': 111706000000}, {'counterpartyType': 'pd', 'amtAccepted': 8900000000}]"
RP 092017 1,2017-09-20,Reverse Repo,,168025000000,"[{'counterpartyType': 'bank', 'amtAccepted': 0}, {'counterpartyType': 'gse', 'amtAccepted': 28310000000}, {'counterpartyType': 'mmf', 'amtAccepted': 134715000000}, {'counterpartyType': 'pd', 'amtAccepted': 5000000000}]"
RP 091917 1,2017-09-19,Reverse Repo,,156728000000,"[{'counterpartyType': 'bank', 'amtAccepted': 1001000000}, {'counterpartyType': 'gse', 'amtAccepted': 24760000000}, {'counterpartyType': 'mmf', 'amtAccepted': 115967000000}, {'counterpartyType': 'pd', 'amtAccepted': 15000000000}]"
RP 091817 1,2017-09-18,Reverse Repo,,138909000000,"[{'counterpartyType': 'bank', 'amtAccepted': 0}, {'counterpartyType': 'gse', 'amtAccepted': 23960000000}, {'counterpartyType': 'mmf', 'amtAccepted': 107449000000}, {'counterpartyType': 'pd', 'amtAccepted': 7500000000}]"
RP 091517 1,2017-09-15,Reverse Repo,,109645000000,"[{'counterpartyType': 'bank', 'amtAccepted': 0}, {'counterpartyType': 'gse', 'amtAccepted': 10000000}, {'counterpartyType': 'mmf', 'amtAccepted': 106635000000}, {'counterpartyType': 'pd', 'amtAccepted': 3000000000}]"
RP 091417 1,2017-09-14,Reverse Repo,,97564000000,"[{'counterpartyType': 'bank', 'amtAccepted': 0}, {'counterpartyType': 'gse', 'amtAccepted': 60000000}, {'counterpartyType': 'mmf', 'amtAccepted': 94504000000}, {'counterpartyType': 'pd', 'amtAccepted': 3000000000}]"
RP 091317 1,2017-09-13,Reverse Repo,,125668000000,"[{'counterpartyType': 'bank', 'amtAccepted': 1000000}, {'counterpartyType': 'gse', 'amtAccepted': 10000000}, {'counterpartyType': 'mmf', 'amtAccepted': 122657000000}, {'counterpartyType': 'pd', 'amtAccepted': 3000000000}]"
RP 091217 1,2017-09-12,Reverse Repo,,127019000000,"[{'counterpartyType': 'bank', 'amtAccepted': 1000000}, {'counterpartyType': 'gse', 'amtAccepted': 10000000}, {'counterpartyType': 'mmf', 'amtAccepted': 124008000000}, {'counterpartyType': 'pd', 'amtAccepted': 3000000000}]"
RP 091117 1,2017-09-11,Reverse Repo,,115972000000,"[{'counterpartyType': 'bank', 'amtAccepted': 0}, {'counterpartyType': 'gse', 'amtAccepted': 10000000}, {'counterpartyType': 'mmf', 'amtAccepted': 112962000000}, {'counterpartyType': 'pd', 'amtAccepted': 3000000000}]"
RP 090817 1,2017-09-08,Reverse Repo,,113842000000,"[{'counterpartyType': 'bank', 'amtAccepted': 0}, {'counterpartyType': 'gse', 'amtAccepted': 10000000}, {'counterpartyType': 'mmf', 'amtAccepted': 110832000000}, {'counterpartyType': 'pd', 'amtAccepted': 3000000000}]"
RP 090717 1,2017-09-07,Reverse Repo,,126607000000,"[{'counterpartyType': 'bank', 'amtAccepted': 1000000}, {'counterpartyType': 'gse', 'amtAccepted': 15000000}, {'counterpartyType': 'mmf', 'amtAccepted': 123591000000}, {'counterpartyType': 'pd', 'amtAccepted': 3000000000}]"
RP 090617 1,2017-09-06,Reverse Repo,,145128000000,"[{'counterpartyType': 'bank', 'amtAccepted': 1000000}, {'counterpartyType': 'gse', 'amtAccepted': 760000000}, {'counterpartyType': 'mmf', 'amtAccepted': 141367000000}, {'counterpartyType': 'pd', 'amtAccepted': 3000000000}]"
RP 090517 1,2017-09-05,Reverse Repo,,136131000000,"[{'counterpartyType': 'bank', 'amtAccepted': 0}, {'counterpartyType': 'gse', 'amtAccepted': 760000000}, {'counterpartyType': 'mmf', 'amtAccepted': 130871000000}, {'counterpartyType': 'pd', 'amtAccepted': 4500000000}]"
RP 090117 1,2017-09-01,Reverse Repo,,124952000000,"[{'counterpartyType': 'bank', 'amtAccepted': 0}, {'counterpartyType': 'gse', 'amtAccepted': 10000000}, {'counterpartyType': 'mmf', 'amtAccepted': 121942000000}, {'counterpartyType': 'pd', 'amtAccepted': 3000000000}]"
RP 083117 1,2017-08-31,Reverse Repo,,213486000000,"[{'counterpartyType': 'bank', 'amtAccepted': 0}, {'counterpartyType': 'gse', 'amtAccepted': 6210000000}, {'counterpartyType': 'mmf', 'amtAccepted': 204276000000}, {'counterpartyType': 'pd', 'amtAccepted': 3000000000}]"
RP 083017 1,2017-08-30,Reverse Repo,,146086000000,"[{'counterpartyType': 'bank', 'amtAccepted': 0}, {'counterpartyType': 'gse', 'amtAccepted': 1510000000}, {'counterpartyType': 'mmf', 'amtAccepted': 141576000000}, {'counterpartyType': 'pd', 'amtAccepted': 3000000000}]"
RP 082917 1,2017-08-29,Reverse Repo,,127243000000,"[{'counterpartyType': 'bank', 'amtAccepted': 0}, {'counterpartyType': 'gse', 'amtAccepted': 10000000}, {'counterpartyType': 'mmf', 'amtAccepted': 124233000000}, {'counterpartyType': 'pd', 'amtAccepted': 3000000000}]"
RP 082817 1,2017-08-28,Reverse Repo,,121947000000,"[{'counterpartyType': 'bank', 'amtAccepted': 20000000}, {'counterpartyType': 'gse', 'amtAccepted': 10000000}, {'counterpartyType': 'mmf', 'amtAccepted': 118917000000}, {'counterpartyType': 'pd', 'amtAccepted': 3000000000}]"
RP 082517 1,2017-08-25,Reverse Repo,,122167000000,"[{'counterpartyType': 'bank', 'amtAccepted': 2000000}, {'counterpartyType': 'gse', 'amtAccepted': 10000000}, {'counterpartyType': 'mmf', 'amtAccepted': 119155000000}, {'counterpartyType': 'pd', 'amtAccepted': 3000000000}]"
RP 082417 1,2017-08-24,Reverse Repo,,130879000000,"[{'counterpartyType': 'bank', 'amtAccepted': 1000000}, {'counterpartyType': 'gse', 'amtAccepted': 5010000000}, {'counterpartyType': 'mmf', 'amtAccepted': 122868000000}, {'counterpartyType': 'pd', 'amtAccepted': 3000000000}]"
RP 082317 1,2017-08-23,Reverse Repo,,169793000000,"[{'counterpartyType': 'bank', 'amtAccepted': 0}, {'counterpartyType': 'gse', 'amtAccepted': 25060000000}, {'counterpartyType': 'mmf', 'amtAccepted': 141733000000}, {'counterpartyType': 'pd', 'amtAccepted': 3000000000}]"
RP 082217 1,2017-08-22,Reverse Repo,,166094000000,"[{'counterpartyType': 'bank', 'amtAccepted': 0}, {'counterpartyType': 'gse', 'amtAccepted': 24160000000}, {'counterpartyType': 'mmf', 'amtAccepted': 138934000000}, {'counterpartyType': 'pd', 'amtAccepted': 3000000000}]"
RP 082117 1,2017-08-21,Reverse Repo,,144100000000,"[{'counterpartyType': 'bank', 'amtAccepted': 0}, {'counterpartyType': 'gse', 'amtAccepted': 25410000000}, {'counterpartyType': 'mmf', 'amtAccepted': 115690000000}, {'counterpartyType': 'pd', 'amtAccepted': 3000000000}]"
RP 081817 1,2017-08-18,Reverse Repo,,129105000000,"[{'counterpartyType': 'bank', 'amtAccepted': 0}, {'counterpartyType': 'gse', 'amtAccepted': 24510000000}, {'counterpartyType': 'mmf', 'amtAccepted': 101595000000}, {'counterpartyType': 'pd', 'amtAccepted': 3000000000}]"
RP 081717 1,2017-08-17,Reverse Repo,,78582000000,"[{'counterpartyType': 'bank', 'amtAccepted': 0}, {'counterpartyType': 'gse', 'amtAccepted': 10000000}, {'counterpartyType': 'mmf', 'amtAccepted': 75572000000}, {'counterpartyType': 'pd', 'amtAccepted': 3000000000}]"
RP 081617 1,2017-08-16,Reverse Repo,,92840000000,"[{'counterpartyType': 'bank', 'amtAccepted': 0}, {'counterpartyType': 'gse', 'amtAccepted': 10000000}, {'counterpartyType': 'mmf', 'amtAccepted': 89830000000}, {'counterpartyType': 'pd', 'amtAccepted': 3000000000}]"
RP 081517 1,2017-08-15,Reverse Repo,,71382000000,"[{'counterpartyType': 'bank', 'amtAccepted': 0}, {'counterpartyType': 'gse', 'amtAccepted': 10000000}, {'counterpartyType': 'mmf', 'amtAccepted': 68372000000}, {'counterpartyType': 'pd', 'amtAccepted': 3000000000}]"
RP 081417 1,2017-08-14,Reverse Repo,,74682000000,"[{'counterpartyType': 'bank', 'amtAccepted': 0}, {'counterpartyType': 'gse', 'amtAccepted': 10000000}, {'counterpartyType': 'mmf', 'amtAccepted': 71672000000}, {'counterpartyType': 'pd', 'amtAccepted': 3000000000}]"
RP 081117 1,2017-08-11,Reverse Repo,,95534000000,"[{'counterpartyType': 'bank', 'amtAccepted': 0}, {'counterpartyType': 'gse', 'amtAccepted': 10000000}, {'counterpartyType': 'mmf', 'amtAccepted': 92524000000}, {'counterpartyType': 'pd', 'amtAccepted': 3000000000}]"
RP 081017 1,2017-08-10,Reverse Repo,,90273000000,"[{'counterpartyType': 'bank', 'amtAccepted': 0}, {'counterpartyType': 'gse', 'amtAccepted': 10000000}, {'counterpartyType': 'mmf', 'amtAccepted': 87263000000}, {'counterpartyType': 'pd', 'amtAccepted': 3000000000}]"
RP 080917 1,2017-08-09,Reverse Repo,,103950000000,"[{'counterpartyType': 'bank', 'amtAccepted': 20000000}, {'counterpartyType': 'gse', 'amtAccepted': 10000000}, {'counterpartyType': 'mmf', 'amtAccepted': 100920000000}, {'counterpartyType': 'pd', 'amtAccepted': 3000000000}]"
RP 080817 1,2017-08-08,Reverse Repo,,103612000000,"[{'counterpartyType': 'bank', 'amtAccepted': 0}, {'counterpartyType': 'gse', 'amtAccepted': 10000000}, {'counterpartyType': 'mmf', 'amtAccepted': 100602000000}, {'counterpartyType': 'pd', 'amtAccepted': 3000000000}]"
RP 080717 1,2017-08-07,Reverse Repo,,104061000000,"[{'counterpartyType': 'bank', 'amtAccepted': 0}, {'counterpartyType': 'gse', 'amtAccepted': 10000000}, {'counterpartyType': 'mmf', 'amtAccepted': 101051000000}, {'counterpartyType': 'pd', 'amtAccepted': 3000000000}]"
RP 080417 1,2017-08-04,Reverse Repo,,93778000000,"[{'counterpartyType': 'bank', 'amtAccepted': 0}, {'counterpartyType': 'gse', 'amtAccepted': 510000000}, {'counterpartyType': 'mmf', 'amtAccepted': 90268000000}, {'counterpartyType': 'pd', 'amtAccepted': 3000000000}]"
RP 080317 1,2017-08-03,Reverse Repo,,87844000000,"[{'counterpartyType': 'bank', 'amtAccepted': 10000000}, {'counterpartyType': 'gse', 'amtAccepted': 210000000}, {'counterpartyType': 'mmf', 'amtAccepted': 84624000000}, {'counterpartyType': 'pd', 'amtAccepted': 3000000000}]"
RP 080217 1,2017-08-02,Reverse Repo,,119334000000,"[{'counterpartyType': 'bank', 'amtAccepted': 1400000000}, {'counterpartyType': 'gse', 'amtAccepted': 10000000}, {'counterpartyType': 'mmf', 'amtAccepted': 114924000000}, {'counterpartyType': 'pd', 'amtAccepted': 3000000000}]"
RP 080117 1,2017-08-01,Reverse Repo,,98069000000,"[{'counterpartyType': 'bank', 'amtAccepted': 0}, {'counterpartyType': 'gse', 'amtAccepted': 10000000}, {'counterpartyType': 'mmf', 'amtAccepted': 95059000000}, {'counterpartyType': 'pd', 'amtAccepted': 3000000000}]"
RP 073117 1,2017-07-31,Reverse Repo,,204622000000,"[{'counterpartyType': 'bank', 'amtAccepted': 1400000000}, {'counterpartyType': 'gse', 'amtAccepted': 10335000000}, {'counterpartyType': 'mmf', 'amtAccepted': 189887000000}, {'counterpartyType': 'pd', 'amtAccepted': 3000000000}]"
RP 072817 1,2017-07-28,Reverse Repo,,108479000000,"[{'counterpartyType': 'bank', 'amtAccepted': 0}, {'counterpartyType': 'gse', 'amtAccepted': 2510000000}, {'counterpartyType': 'mmf', 'amtAccepted': 102969000000}, {'counterpartyType': 'pd', 'amtAccepted': 3000000000}]"
RP 072717 1,2017-07-27,Reverse Repo,,95636000000,"[{'counterpartyType': 'bank', 'amtAccepted': 4001000000}, {'counterpartyType': 'gse', 'amtAccepted': 10000000}, {'counterpartyType': 'mmf', 'amtAccepted': 88625000000}, {'counterpartyType': 'pd', 'amtAccepted': 3000000000}]"
RP 072617 1,2017-07-26,Reverse Repo,,103311000000,"[{'counterpartyType': 'bank', 'amtAccepted': 1000000}, {'counterpartyType': 'gse', 'amtAccepted': 10000000}, {'counterpartyType': 'mmf', 'amtAccepted': 100300000000}, {'counterpartyType': 'pd', 'amtAccepted': 3000000000}]"
RP 072517 1,2017-07-25,Reverse Repo,,74540000000,"[{'counterpartyType': 'bank', 'amtAccepted': 0}, {'counterpartyType': 'gse', 'amtAccepted': 1810000000}, {'counterpartyType': 'mmf', 'amtAccepted': 69730000000}, {'counterpartyType': 'pd', 'amtAccepted': 3000000000}]"
RP 072417 1,2017-07-24,Reverse Repo,,95123000000,"[{'counterpartyType': 'bank', 'amtAccepted': 1500000000}, {'counterpartyType': 'gse', 'amtAccepted': 5010000000}, {'counterpartyType': 'mmf', 'amtAccepted': 85613000000}, {'counterpartyType': 'pd', 'amtAccepted': 3000000000}]"
RP 072117 1,2017-07-21,Reverse Repo,,122712000000,"[{'counterpartyType': 'bank', 'amtAccepted': 0}, {'counterpartyType': 'gse', 'amtAccepted': 27610000000}, {'counterpartyType': 'mmf', 'amtAccepted': 92102000000}, {'counterpartyType': 'pd', 'amtAccepted': 3000000000}]"
RP 072017 1,2017-07-20,Reverse Repo,,126676000000,"[{'counterpartyType': 'bank', 'amtAccepted': 0}, {'counterpartyType': 'gse', 'amtAccepted': 23360000000}, {'counterpartyType': 'mmf', 'amtAccepted': 97316000000}, {'counterpartyType': 'pd', 'amtAccepted': 6000000000}]"
RP 071917 1,2017-07-19,Reverse Repo,,144731000000,"[{'counterpartyType': 'bank', 'amtAccepted': 0}, {'counterpartyType': 'gse', 'amtAccepted': 26510000000}, {'counterpartyType': 'mmf', 'amtAccepted': 115221000000}, {'counterpartyType': 'pd', 'amtAccepted': 3000000000}]"
RP 071817 1,2017-07-18,Reverse Repo,,157322000000,"[{'counterpartyType': 'bank', 'amtAccepted': 0}, {'counterpartyType': 'gse', 'amtAccepted': 22210000000}, {'counterpartyType': 'mmf', 'amtAccepted': 128612000000}, {'counterpartyType': 'pd', 'amtAccepted': 6500000000}]"
RP 071717 1,2017-07-17,Reverse Repo,,122436000000,"[{'counterpartyType': 'bank', 'amtAccepted': 0}, {'counterpartyType': 'gse', 'amtAccepted': 10000000}, {'counterpartyType': 'mmf', 'amtAccepted': 119426000000}, {'counterpartyType': 'pd', 'amtAccepted': 3000000000}]"
RP 071417 1,2017-07-14,Reverse Repo,,136231000000,"[{'counterpartyType': 'bank', 'amtAccepted': 0}, {'counterpartyType': 'gse', 'amtAccepted': 10000000}, {'counterpartyType': 'mmf', 'amtAccepted': 133221000000}, {'counterpartyType': 'pd', 'amtAccepted': 3000000000}]"
RP 071317 1,2017-07-13,Reverse Repo,,162379000000,"[{'counterpartyType': 'bank', 'amtAccepted': 0}, {'counterpartyType': 'gse', 'amtAccepted': 9810000000}, {'counterpartyType': 'mmf', 'amtAccepted': 148569000000}, {'counterpartyType': 'pd', 'amtAccepted': 4000000000}]"
RP 071217 1,2017-07-12,Reverse Repo,,179172000000,"[{'counterpartyType': 'bank', 'amtAccepted': 0}, {'counterpartyType': 'gse', 'amtAccepted': 110000000}, {'counterpartyType': 'mmf', 'amtAccepted': 172062000000}, {'counterpartyType': 'pd', 'amtAccepted': 7000000000}]"
RP 071117 1,2017-07-11,Reverse Repo,,173774000000,"[{'counterpartyType': 'bank', 'amtAccepted': 10000000}, {'counterpartyType': 'gse', 'amtAccepted': 10000000}, {'counterpartyType': 'mmf', 'amtAccepted': 170754000000}, {'counterpartyType': 'pd', 'amtAccepted': 3000000000}]"
RP 071017 1,2017-07-10,Reverse Repo,,189721000000,"[{'counterpartyType': 'bank', 'amtAccepted': 2510000000}, {'counterpartyType': 'gse', 'amtAccepted': 910000000}, {'counterpartyType': 'mmf', 'amtAccepted': 179801000000}, {'counterpartyType': 'pd', 'amtAccepted': 6500000000}]"
RP 070717 1,2017-07-07,Reverse Repo,,189214000000,"[{'counterpartyType': 'bank', 'amtAccepted': 1300000000}, {'counterpartyType': 'gse', 'amtAccepted': 1010000000}, {'counterpartyType': 'mmf', 'amtAccepted': 181804000000}, {'counterpartyType': 'pd', 'amtAccepted': 5100000000}]"
RP 070617 1,2017-07-06,Reverse Repo,,189992000000,"[{'counterpartyType': 'bank', 'amtAccepted': 10000000}, {'counterpartyType': 'gse', 'amtAccepted': 510000000}, {'counterpartyType': 'mmf', 'amtAccepted': 182472000000}, {'counterpartyType': 'pd', 'amtAccepted': 7000000000}]"
RP 070517 1,2017-07-05,Reverse Repo,,240029000000,"[{'counterpartyType': 'bank', 'amtAccepted': 0}, {'counterpartyType': 'gse', 'amtAccepted': 410000000}, {'counterpartyType': 'mmf', 'amtAccepted': 236619000000}, {'counterpartyType': 'pd', 'amtAccepted': 3000000000}]"
RP 070317 1,2017-07-03,Reverse Repo,,255693000000,"[{'counterpartyType': 'bank', 'amtAccepted': 0}, {'counterpartyType': 'gse', 'amtAccepted': 10000000}, {'counterpartyType': 'mmf', 'amtAccepted': 252683000000}, {'counterpartyType': 'pd', 'amtAccepted': 3000000000}]"
RP 063017 1,2017-06-30,Reverse Repo,,398875000000,"[{'counterpartyType': 'bank', 'amtAccepted': 0}, {'counterpartyType': 'gse', 'amtAccepted': 30760000000}, {'counterpartyType': 'mmf', 'amtAccepted': 365115000000}, {'counterpartyType': 'pd', 'amtAccepted': 3000000000}]"
RP 062917 1,2017-06-29,Reverse Repo,,269565000000,"[{'counterpartyType': 'bank', 'amtAccepted': 0}, {'counterpartyType': 'gse', 'amtAccepted': 7760000000}, {'counterpartyType': 'mmf', 'amtAccepted': 258804000000}, {'counterpartyType': 'pd', 'amtAccepted': 3001000000}]"
RP 062817 1,2017-06-28,Reverse Repo,,263699000000,"[{'counterpartyType': 'bank', 'amtAccepted': 0}, {'counterpartyType': 'gse', 'amtAccepted': 1360000000}, {'counterpartyType': 'mmf', 'amtAccepted': 255089000000}, {'counterpartyType': 'pd', 'amtAccepted': 7250000000}]"
RP 062717 1,2017-06-27,Reverse Repo,,212664000000,"[{'counterpartyType': 'bank', 'amtAccepted': 0}, {'counterpartyType': 'gse', 'amtAccepted': 2110000000}, {'counterpartyType': 'mmf', 'amtAccepted': 201554000000}, {'counterpartyType': 'pd', 'amtAccepted': 9000000000}]"
RP 062617 1,2017-06-26,Reverse Repo,,185227000000,"[{'counterpartyType': 'bank', 'amtAccepted': 0}, {'counterpartyType': 'gse', 'amtAccepted': 1110000000}, {'counterpartyType': 'mmf', 'amtAccepted': 181117000000}, {'counterpartyType': 'pd', 'amtAccepted': 3000000000}]"
RP 062317 1,2017-06-23,Reverse Repo,,201475000000,"[{'counterpartyType': 'bank', 'amtAccepted': 1000000000}, {'counterpartyType': 'gse', 'amtAccepted': 8210000000}, {'counterpartyType': 'mmf', 'amtAccepted': 185915000000}, {'counterpartyType': 'pd', 'amtAccepted': 6350000000}]"
RP 062217 1,2017-06-22,Reverse Repo,,195144000000,"[{'counterpartyType': 'bank', 'amtAccepted': 1000000000}, {'counterpartyType': 'gse', 'amtAccepted': 18460000000}, {'counterpartyType': 'mmf', 'amtAccepted': 165334000000}, {'counterpartyType': 'pd', 'amtAccepted': 10350000000}]"
RP 062117 1,2017-06-21,Reverse Repo,,198769000000,"[{'counterpartyType': 'bank', 'amtAccepted': 0}, {'counterpartyType': 'gse', 'amtAccepted': 19960000000}, {'counterpartyType': 'mmf', 'amtAccepted': 173109000000}, {'counterpartyType': 'pd', 'amtAccepted': 5700000000}]"
RP 062017 1,2017-06-20,Reverse Repo,,192347000000,"[{'counterpartyType': 'bank', 'amtAccepted': 4000000000}, {'counterpartyType': 'gse', 'amtAccepted': 21610000000}, {'counterpartyType': 'mmf', 'amtAccepted': 153987000000}, {'counterpartyType': 'pd', 'amtAccepted': 12750000000}]"
RP 061917 1,2017-06-19,Reverse Repo,,166745000000,"[{'counterpartyType': 'bank', 'amtAccepted': 2500000000}, {'counterpartyType': 'gse', 'amtAccepted': 18060000000}, {'counterpartyType': 'mmf', 'amtAccepted': 143185000000}, {'counterpartyType': 'pd', 'amtAccepted': 3000000000}]"
RP 061617 1,2017-06-16,Reverse Repo,,158566000000,"[{'counterpartyType': 'bank', 'amtAccepted': 0}, {'counterpartyType': 'gse', 'amtAccepted': 20660000000}, {'counterpartyType': 'mmf', 'amtAccepted': 134906000000}, {'counterpartyType': 'pd', 'amtAccepted': 3000000000}]"
RP 061517 1,2017-06-15,Reverse Repo,,131378000000,"[{'counterpartyType': 'bank', 'amtAccepted': 0}, {'counterpartyType': 'gse', 'amtAccepted': 10000000}, {'counterpartyType': 'mmf', 'amtAccepted': 128368000000}, {'counterpartyType': 'pd', 'amtAccepted': 3000000000}]"
RP 061417 1,2017-06-14,Reverse Repo,,163056000000,"[{'counterpartyType': 'bank', 'amtAccepted': 0}, {'counterpartyType': 'gse', 'amtAccepted': 10000000}, {'counterpartyType': 'mmf', 'amtAccepted': 160046000000}, {'counterpartyType': 'pd', 'amtAccepted': 3000000000}]"
RP 061317 1,2017-06-13,Reverse Repo,,172973000000,"[{'counterpartyType': 'bank', 'amtAccepted': 0}, {'counterpartyType': 'gse', 'amtAccepted': 5110000000}, {'counterpartyType': 'mmf', 'amtAccepted': 164863000000}, {'counterpartyType': 'pd', 'amtAccepted': 3000000000}]"
RP 061217 1,2017-06-12,Reverse Repo,,152198000000,"[{'counterpartyType': 'bank', 'amtAccepted': 0}, {'counterpartyType': 'gse', 'amtAccepted': 10000000}, {'counterpartyType': 'mmf', 'amtAccepted': 149188000000}, {'counterpartyType': 'pd', 'amtAccepted': 3000000000}]"
RP 060917 1,2017-06-09,Reverse Repo,,155344000000,"[{'counterpartyType': 'bank', 'amtAccepted': 0}, {'counterpartyType': 'gse', 'amtAccepted': 10000000}, {'counterpartyType': 'mmf', 'amtAccepted': 152334000000}, {'counterpartyType': 'pd', 'amtAccepted': 3000000000}]"
RP 060817 1,2017-06-08,Reverse Repo,,151582000000,"[{'counterpartyType': 'bank', 'amtAccepted': 0}, {'counterpartyType': 'gse', 'amtAccepted': 610000000}, {'counterpartyType': 'mmf', 'amtAccepted': 147972000000}, {'counterpartyType': 'pd', 'amtAccepted': 3000000000}]"
RP 060717 1,2017-06-07,Reverse Repo,,165138000000,"[{'counterpartyType': 'bank', 'amtAccepted': 10000000}, {'counterpartyType': 'gse', 'amtAccepted': 10000000}, {'counterpartyType': 'mmf', 'amtAccepted': 162118000000}, {'counterpartyType': 'pd', 'amtAccepted': 3000000000}]"
RP 060617 1,2017-06-06,Reverse Repo,,160949000000,"[{'counterpartyType': 'bank', 'amtAccepted': 1000000}, {'counterpartyType': 'gse', 'amtAccepted': 160000000}, {'counterpartyType': 'mmf', 'amtAccepted': 157788000000}, {'counterpartyType': 'pd', 'amtAccepted': 3000000000}]"
RP 060517 1,2017-06-05,Reverse Repo,,164208000000,"[{'counterpartyType': 'bank', 'amtAccepted': 50000000}, {'counterpartyType': 'gse', 'amtAccepted': 10000000}, {'counterpartyType': 'mmf', 'amtAccepted': 161148000000}, {'counterpartyType': 'pd', 'amtAccepted': 3000000000}]"
RP 060217 1,2017-06-02,Reverse Repo,,170496000000,"[{'counterpartyType': 'bank', 'amtAccepted': 0}, {'counterpartyType': 'gse', 'amtAccepted': 10000000}, {'counterpartyType': 'mmf', 'amtAccepted': 167486000000}, {'counterpartyType': 'pd', 'amtAccepted': 3000000000}]"
RP 060117 1,2017-06-01,Reverse Repo,,163755000000,"[{'counterpartyType': 'bank', 'amtAccepted': 1000000}, {'counterpartyType': 'gse', 'amtAccepted': 2110000000}, {'counterpartyType': 'mmf', 'amtAccepted': 158643000000}, {'counterpartyType': 'pd', 'amtAccepted': 3001000000}]"
RP 053117 1,2017-05-31,Reverse Repo,,256176000000,"[{'counterpartyType': 'bank', 'amtAccepted': 0}, {'counterpartyType': 'gse', 'amtAccepted': 9010000000}, {'counterpartyType': 'mmf', 'amtAccepted': 244166000000}, {'counterpartyType': 'pd', 'amtAccepted': 3000000000}]"
RP 053017 1,2017-05-30,Reverse Repo,,182065000000,"[{'counterpartyType': 'bank', 'amtAccepted': 0}, {'counterpartyType': 'gse', 'amtAccepted': 10000000}, {'counterpartyType': 'mmf', 'amtAccepted': 177055000000}, {'counterpartyType': 'pd', 'amtAccepted': 5000000000}]"
RP 052617 1,2017-05-26,Reverse Repo,,168041000000,"[{'counterpartyType': 'bank', 'amtAccepted': 1300000000}, {'counterpartyType': 'gse', 'amtAccepted': 310000000}, {'counterpartyType': 'mmf', 'amtAccepted': 163431000000}, {'counterpartyType': 'pd', 'amtAccepted': 3000000000}]"
RP 052517 1,2017-05-25,Reverse Repo,,153451000000,"[{'counterpartyType': 'bank', 'amtAccepted': 0}, {'counterpartyType': 'gse', 'amtAccepted': 10000000}, {'counterpartyType': 'mmf', 'amtAccepted': 150441000000}, {'counterpartyType': 'pd', 'amtAccepted': 3000000000}]"
RP 052417 3,2017-05-24,Reverse Repo,,184946000000,"[{'counterpartyType': 'bank', 'amtAccepted': 1000000000}, {'counterpartyType': 'gse', 'amtAccepted': 5760000000}, {'counterpartyType': 'mmf', 'amtAccepted': 175136000000}, {'counterpartyType': 'pd', 'amtAccepted': 3050000000}]"
RP 052317 1,2017-05-23,Reverse Repo,,198865000000,"[{'counterpartyType': 'bank', 'amtAccepted': 800000000}, {'counterpartyType': 'gse', 'amtAccepted': 18660000000}, {'counterpartyType': 'mmf', 'amtAccepted': 176405000000}, {'counterpartyType': 'pd', 'amtAccepted': 3000000000}]"
RP 052217 1,2017-05-22,Reverse Repo,"See announcement from <a href=""http://www.newyorkfed.org/markets/opolicy/operating_policy_170508a.html""> May 8, 2017</a>.",21000000,"[{'counterpartyType': 'bank', 'amtAccepted': 0}, {'counterpartyType': 'gse', 'amtAccepted': 0}, {'counterpartyType': 'mmf', 'amtAccepted': 0}, {'counterpartyType': 'pd', 'amtAccepted': 21000000}]"
RP 052217 2,2017-05-22,Reverse Repo,,185031000000,"[{'counterpartyType': 'bank', 'amtAccepted': 50000000}, {'counterpartyType': 'gse', 'amtAccepted': 21010000000}, {'counterpartyType': 'mmf', 'amtAccepted': 160971000000}, {'counterpartyType': 'pd', 'amtAccepted': 3000000000}]"
RP 051917 1,2017-05-19,Reverse Repo,,182273000000,"[{'counterpartyType': 'bank', 'amtAccepted': 3100000000}, {'counterpartyType': 'gse', 'amtAccepted': 21710000000}, {'counterpartyType': 'mmf', 'amtAccepted': 154463000000}, {'counterpartyType': 'pd', 'amtAccepted': 3000000000}]"
RP 051817 1,2017-05-18,Reverse Repo,,185287000000,"[{'counterpartyType': 'bank', 'amtAccepted': 1601000000}, {'counterpartyType': 'gse', 'amtAccepted': 25110000000}, {'counterpartyType': 'mmf', 'amtAccepted': 155576000000}, {'counterpartyType': 'pd', 'amtAccepted': 3000000000}]"
RP 051717 1,2017-05-17,Reverse Repo,,167158000000,"[{'counterpartyType': 'bank', 'amtAccepted': 1000000}, {'counterpartyType': 'gse', 'amtAccepted': 9000000}, {'counterpartyType': 'mmf', 'amtAccepted': 164148000000}, {'counterpartyType': 'pd', 'amtAccepted': 3000000000}]"
RP 051617 2,2017-05-16,Reverse Repo,,157693000000,"[{'counterpartyType': 'bank', 'amtAccepted': 23000000}, {'counterpartyType': 'gse', 'amtAccepted': 9000000}, {'counterpartyType': 'mmf', 'amtAccepted': 154661000000}, {'counterpartyType': 'pd', 'amtAccepted': 3000000000}]"
RP 051617 1,2017-05-16,Reverse Repo,"See announcement from <a href=""http://www.newyorkfed.org/markets/opolicy/operating_policy_170508a.html""> May 8, 2017</a>.",112000000,"[{'counterpartyType': 'bank', 'amtAccepted': 12000000}, {'counterpartyType': 'gse', 'amtAccepted': 7000000}, {'counterpartyType': 'mmf', 'amtAccepted': 70000000}, {'counterpartyType': 'pd', 'amtAccepted': 23000000}]"
RP 051517 1,2017-05-15,Reverse Repo,,144990000000,"[{'counterpartyType': 'bank', 'amtAccepted': 1000000}, {'counterpartyType': 'gse', 'amtAccepted': 10000000}, {'counterpartyType': 'mmf', 'amtAccepted': 141979000000}, {'counterpartyType': 'pd', 'amtAccepted': 3000000000}]"
RP 051217 1,2017-05-12,Reverse Repo,,167696000000,"[{'counterpartyType': 'bank', 'amtAccepted': 600000000}, {'counterpartyType': 'gse', 'amtAccepted': 10000000}, {'counterpartyType': 'mmf', 'amtAccepted': 160586000000}, {'counterpartyType': 'pd', 'amtAccepted': 6500000000}]"
RP 051117 1,2017-05-11,Reverse Repo,,161232000000,"[{'counterpartyType': 'bank', 'amtAccepted': 0}, {'counterpartyType': 'gse', 'amtAccepted': 4860000000}, {'counterpartyType': 'mmf', 'amtAccepted': 151372000000}, {'counterpartyType': 'pd', 'amtAccepted': 5000000000}]"
RP 051017 2,2017-05-10,Reverse Repo,,187269000000,"[{'counterpartyType': 'bank', 'amtAccepted': 0}, {'counterpartyType': 'gse', 'amtAccepted': 10000000}, {'counterpartyType': 'mmf', 'amtAccepted': 184259000000}, {'counterpartyType': 'pd', 'amtAccepted': 3000000000}]"
RP 050917 1,2017-05-09,Reverse Repo,,167302000000,"[{'counterpartyType': 'bank', 'amtAccepted': 0}, {'counterpartyType': 'gse', 'amtAccepted': 10000000}, {'counterpartyType': 'mmf', 'amtAccepted': 164291000000}, {'counterpartyType': 'pd', 'amtAccepted': 3001000000}]"
RP 050817 1,2017-05-08,Reverse Repo,,162580000000,"[{'counterpartyType': 'bank', 'amtAccepted': 850000000}, {'counterpartyType': 'gse', 'amtAccepted': 110000000}, {'counterpartyType': 'mmf', 'amtAccepted': 158620000000}, {'counterpartyType': 'pd', 'amtAccepted': 3000000000}]"
RP 050517 1,2017-05-05,Reverse Repo,,156789000000,"[{'counterpartyType': 'bank', 'amtAccepted': 0}, {'counterpartyType': 'gse', 'amtAccepted': 360000000}, {'counterpartyType': 'mmf', 'amtAccepted': 149679000000}, {'counterpartyType': 'pd', 'amtAccepted': 6750000000}]"
RP 050417 1,2017-05-04,Reverse Repo,,152793000000,"[{'counterpartyType': 'bank', 'amtAccepted': 0}, {'counterpartyType': 'gse', 'amtAccepted': 460000000}, {'counterpartyType': 'mmf', 'amtAccepted': 149333000000}, {'counterpartyType': 'pd', 'amtAccepted': 3000000000}]"
RP 050317 1,2017-05-03,Reverse Repo,,186667000000,"[{'counterpartyType': 'bank', 'amtAccepted': 0}, {'counterpartyType': 'gse', 'amtAccepted': 110000000}, {'counterpartyType': 'mmf', 'amtAccepted': 183557000000}, {'counterpartyType': 'pd', 'amtAccepted': 3000000000}]"
RP 050217 1,2017-05-02,Reverse Repo,,183851000000,"[{'counterpartyType': 'bank', 'amtAccepted': 0}, {'counterpartyType': 'gse', 'amtAccepted': 510000000}, {'counterpartyType': 'mmf', 'amtAccepted': 174841000000}, {'counterpartyType': 'pd', 'amtAccepted': 8500000000}]"
RP 050117 1,2017-05-01,Reverse Repo,,162198000000,"[{'counterpartyType': 'bank', 'amtAccepted': 0}, {'counterpartyType': 'gse', 'amtAccepted': 10000000}, {'counterpartyType': 'mmf', 'amtAccepted': 159188000000}, {'counterpartyType': 'pd', 'amtAccepted': 3000000000}]"
RP 042817 1,2017-04-28,Reverse Repo,,181976000000,"[{'counterpartyType': 'bank', 'amtAccepted': 0}, {'counterpartyType': 'gse', 'amtAccepted': 4510000000}, {'counterpartyType': 'mmf', 'amtAccepted': 174466000000}, {'counterpartyType': 'pd', 'amtAccepted': 3000000000}]"
RP 042717 1,2017-04-27,Reverse Repo,,127826000000,"[{'counterpartyType': 'bank', 'amtAccepted': 1000000}, {'counterpartyType': 'gse', 'amtAccepted': 510000000}, {'counterpartyType': 'mmf', 'amtAccepted': 124315000000}, {'counterpartyType': 'pd', 'amtAccepted': 3000000000}]"
RP 042617 1,2017-04-26,Reverse Repo,,122323000000,"[{'counterpartyType': 'bank', 'amtAccepted': 1000000}, {'counterpartyType': 'gse', 'amtAccepted': 10000000}, {'counterpartyType': 'mmf', 'amtAccepted': 119312000000}, {'counterpartyType': 'pd', 'amtAccepted': 3000000000}]"
RP 042517 1,2017-04-25,Reverse Repo,,116956000000,"[{'counterpartyType': 'bank', 'amtAccepted': 1000000}, {'counterpartyType': 'gse', 'amtAccepted': 210000000}, {'counterpartyType': 'mmf', 'amtAccepted': 113745000000}, {'counterpartyType': 'pd', 'amtAccepted': 3000000000}]"
RP 042417 1,2017-04-24,Reverse Repo,,118667000000,"[{'counterpartyType': 'bank', 'amtAccepted': 0}, {'counterpartyType': 'gse', 'amtAccepted': 10000000}, {'counterpartyType': 'mmf', 'amtAccepted': 115657000000}, {'counterpartyType': 'pd', 'amtAccepted': 3000000000}]"
RP 042117 1,2017-04-21,Reverse Repo,,136521000000,"[{'counterpartyType': 'bank', 'amtAccepted': 0}, {'counterpartyType': 'gse', 'amtAccepted': 9560000000}, {'counterpartyType': 'mmf', 'amtAccepted': 124961000000}, {'counterpartyType': 'pd', 'amtAccepted': 2000000000}]"
RP 042017 1,2017-04-20,Reverse Repo,,128726000000,"[{'counterpartyType': 'bank', 'amtAccepted': 11000000}, {'counterpartyType': 'gse', 'amtAccepted': 11510000000}, {'counterpartyType': 'mmf', 'amtAccepted': 115205000000}, {'counterpartyType': 'pd', 'amtAccepted': 2000000000}]"
RP 041917 1,2017-04-19,Reverse Repo,,116567000000,"[{'counterpartyType': 'bank', 'amtAccepted': 0}, {'counterpartyType': 'gse', 'amtAccepted': 13310000000}, {'counterpartyType': 'mmf', 'amtAccepted': 101257000000}, {'counterpartyType': 'pd', 'amtAccepted': 2000000000}]"
RP 041817 1,2017-04-18,Reverse Repo,,109402000000,"[{'counterpartyType': 'bank', 'amtAccepted': 0}, {'counterpartyType': 'gse', 'amtAccepted': 11710000000}, {'counterpartyType': 'mmf', 'amtAccepted': 93692000000}, {'counterpartyType': 'pd', 'amtAccepted': 4000000000}]"
RP 041717 1,2017-04-17,Reverse Repo,,64370000000,"[{'counterpartyType': 'bank', 'amtAccepted': 0}, {'counterpartyType': 'gse', 'amtAccepted': 260000000}, {'counterpartyType': 'mmf', 'amtAccepted': 62110000000}, {'counterpartyType': 'pd', 'amtAccepted': 2000000000}]"
RP 041317 1,2017-04-13,Reverse Repo,,42784000000,
RP 041217 1,2017-04-12,Reverse Repo,,105528000000,"[{'counterpartyType': 'bank', 'amtAccepted': 2000000}, {'counterpartyType': 'gse', 'amtAccepted': 10000000}, {'counterpartyType': 'mmf', 'amtAccepted': 103516000000}, {'counterpartyType': 'pd', 'amtAccepted': 2000000000}]"
RP 041117 1,2017-04-11,Reverse Repo,,114753000000,"[{'counterpartyType': 'bank', 'amtAccepted': 0}, {'counterpartyType': 'gse', 'amtAccepted': 10000000}, {'counterpartyType': 'mmf', 'amtAccepted': 112743000000}, {'counterpartyType': 'pd', 'amtAccepted': 2000000000}]"
RP 041017 1,2017-04-10,Reverse Repo,,120504000000,"[{'counterpartyType': 'bank', 'amtAccepted': 11000000}, {'counterpartyType': 'gse', 'amtAccepted': 10000000}, {'counterpartyType': 'mmf', 'amtAccepted': 120483000000}, {'counterpartyType': 'pd', 'amtAccepted': 0}]"
RP 040717 1,2017-04-07,Reverse Repo,,117774000000,"[{'counterpartyType': 'bank', 'amtAccepted': 0}, {'counterpartyType': 'gse', 'amtAccepted': 610000000}, {'counterpartyType': 'mmf', 'amtAccepted': 115164000000}, {'counterpartyType': 'pd', 'amtAccepted': 2000000000}]"
RP 040617 1,2017-04-06,Reverse Repo,,117337000000,"[{'counterpartyType': 'bank', 'amtAccepted': 0}, {'counterpartyType': 'gse', 'amtAccepted': 10000000}, {'counterpartyType': 'mmf', 'amtAccepted': 115327000000}, {'counterpartyType': 'pd', 'amtAccepted': 2000000000}]"
RP 040517 1,2017-04-05,Reverse Repo,,174644000000,"[{'counterpartyType': 'bank', 'amtAccepted': 0}, {'counterpartyType': 'gse', 'amtAccepted': 10000000}, {'counterpartyType': 'mmf', 'amtAccepted': 172634000000}, {'counterpartyType': 'pd', 'amtAccepted': 2000000000}]"
RP 040417 1,2017-04-04,Reverse Repo,,207711000000,"[{'counterpartyType': 'bank', 'amtAccepted': 0}, {'counterpartyType': 'gse', 'amtAccepted': 10000000}, {'counterpartyType': 'mmf', 'amtAccepted': 205701000000}, {'counterpartyType': 'pd', 'amtAccepted': 2000000000}]"
RP 040317 1,2017-04-03,Reverse Repo,,233582000000,"[{'counterpartyType': 'bank', 'amtAccepted': 110000000}, {'counterpartyType': 'gse', 'amtAccepted': 10000000}, {'counterpartyType': 'mmf', 'amtAccepted': 233462000000}, {'counterpartyType': 'pd', 'amtAccepted': 0}]"
RP 033117 1,2017-03-31,Reverse Repo,,346853000000,"[{'counterpartyType': 'bank', 'amtAccepted': 0}, {'counterpartyType': 'gse', 'amtAccepted': 15560000000}, {'counterpartyType': 'mmf', 'amtAccepted': 328993000000}, {'counterpartyType': 'pd', 'amtAccepted': 2300000000}]"
RP 033017 1,2017-03-30,Reverse Repo,,224134000000,"[{'counterpartyType': 'bank', 'amtAccepted': 100000000}, {'counterpartyType': 'gse', 'amtAccepted': 4010000000}, {'counterpartyType': 'mmf', 'amtAccepted': 220024000000}, {'counterpartyType': 'pd', 'amtAccepted': 0}]"
RP 032917 1,2017-03-29,Reverse Repo,,260357000000,"[{'counterpartyType': 'bank', 'amtAccepted': 120000000}, {'counterpartyType': 'gse', 'amtAccepted': 11661000000}, {'counterpartyType': 'mmf', 'amtAccepted': 246576000000}, {'counterpartyType': 'pd', 'amtAccepted': 2000000000}]"
RP 032817 1,2017-03-28,Reverse Repo,,224475000000,"[{'counterpartyType': 'bank', 'amtAccepted': 0}, {'counterpartyType': 'gse', 'amtAccepted': 10000000}, {'counterpartyType': 'mmf', 'amtAccepted': 222465000000}, {'counterpartyType': 'pd', 'amtAccepted': 2000000000}]"
RP 032717 1,2017-03-27,Reverse Repo,,215473000000,"[{'counterpartyType': 'bank', 'amtAccepted': 3000000000}, {'counterpartyType': 'gse', 'amtAccepted': 10000000}, {'counterpartyType': 'mmf', 'amtAccepted': 207963000000}, {'counterpartyType': 'pd', 'amtAccepted': 4500000000}]"
RP 032417 1,2017-03-24,Reverse Repo,,200237000000,"[{'counterpartyType': 'bank', 'amtAccepted': 0}, {'counterpartyType': 'gse', 'amtAccepted': 210000000}, {'counterpartyType': 'mmf', 'amtAccepted': 196027000000}, {'counterpartyType': 'pd', 'amtAccepted': 4000000000}]"
RP 032317 1,2017-03-23,Reverse Repo,,231463000000,"[{'counterpartyType': 'bank', 'amtAccepted': 8500000000}, {'counterpartyType': 'gse', 'amtAccepted': 21260000000}, {'counterpartyType': 'mmf', 'amtAccepted': 194203000000}, {'counterpartyType': 'pd', 'amtAccepted': 7500000000}]"
RP 032217 1,2017-03-22,Reverse Repo,,251013000000,"[{'counterpartyType': 'bank', 'amtAccepted': 6501000000}, {'counterpartyType': 'gse', 'amtAccepted': 20510000000}, {'counterpartyType': 'mmf', 'amtAccepted': 211702000000}, {'counterpartyType': 'pd', 'amtAccepted': 12300000000}]"
RP 032117 1,2017-03-21,Reverse Repo,,237331000000,"[{'counterpartyType': 'bank', 'amtAccepted': 9000000000}, {'counterpartyType': 'gse', 'amtAccepted': 17710000000}, {'counterpartyType': 'mmf', 'amtAccepted': 206221000000}, {'counterpartyType': 'pd', 'amtAccepted': 4400000000}]"
RP 032017 1,2017-03-20,Reverse Repo,,235827000000,"[{'counterpartyType': 'bank', 'amtAccepted': 9001000000}, {'counterpartyType': 'gse', 'amtAccepted': 24260000000}, {'counterpartyType': 'mmf', 'amtAccepted': 199566000000}, {'counterpartyType': 'pd', 'amtAccepted': 3000000000}]"
RP 031717 1,2017-03-17,Reverse Repo,,240669000000,"[{'counterpartyType': 'bank', 'amtAccepted': 6000000000}, {'counterpartyType': 'gse', 'amtAccepted': 23910000000}, {'counterpartyType': 'mmf', 'amtAccepted': 208759000000}, {'counterpartyType': 'pd', 'amtAccepted': 2000000000}]"
RP 031617 1,2017-03-16,Reverse Repo,,209114000000,"[{'counterpartyType': 'bank', 'amtAccepted': 1000000}, {'counterpartyType': 'gse', 'amtAccepted': 4010000000}, {'counterpartyType': 'mmf', 'amtAccepted': 194103000000}, {'counterpartyType': 'pd', 'amtAccepted': 11000000000}]"
RP 031517 1,2017-03-15,Reverse Repo,,226510000000,"[{'counterpartyType': 'bank', 'amtAccepted': 2500000000}, {'counterpartyType': 'gse', 'amtAccepted': 10000000}, {'counterpartyType': 'mmf', 'amtAccepted': 224000000000}, {'counterpartyType': 'pd', 'amtAccepted': 0}]"
RP 031417 1,2017-03-14,Reverse Repo,,200798000000,"[{'counterpartyType': 'bank', 'amtAccepted': 0}, {'counterpartyType': 'gse', 'amtAccepted': 510000000}, {'counterpartyType': 'mmf', 'amtAccepted': 200288000000}, {'counterpartyType': 'pd', 'amtAccepted': 0}]"
RP 031317 1,2017-03-13,Reverse Repo,,232962000000,"[{'counterpartyType': 'bank', 'amtAccepted': 0}, {'counterpartyType': 'gse', 'amtAccepted': 2610000000}, {'counterpartyType': 'mmf', 'amtAccepted': 230352000000}, {'counterpartyType': 'pd', 'amtAccepted': 0}]"
RP 031017 1,2017-03-10,Reverse Repo,,233046000000,"[{'counterpartyType': 'bank', 'amtAccepted': 100000000}, {'counterpartyType': 'gse', 'amtAccepted': 610000000}, {'counterpartyType': 'mmf', 'amtAccepted': 232336000000}, {'counterpartyType': 'pd', 'amtAccepted': 0}]"
RP 030917 1,2017-03-09,Reverse Repo,,217831000000,"[{'counterpartyType': 'bank', 'amtAccepted': 0}, {'counterpartyType': 'gse', 'amtAccepted': 10000000}, {'counterpartyType': 'mmf', 'amtAccepted': 215821000000}, {'counterpartyType': 'pd', 'amtAccepted': 2000000000}]"
RP 030817 1,2017-03-08,Reverse Repo,,212124000000,"[{'counterpartyType': 'bank', 'amtAccepted': 501000000}, {'counterpartyType': 'gse', 'amtAccepted': 4910000000}, {'counterpartyType': 'mmf', 'amtAccepted': 206703000000}, {'counterpartyType': 'pd', 'amtAccepted': 10000000}]"
RP 030717 1,2017-03-07,Reverse Repo,,208765000000,"[{'counterpartyType': 'bank', 'amtAccepted': 0}, {'counterpartyType': 'gse', 'amtAccepted': 10000000}, {'counterpartyType': 'mmf', 'amtAccepted': 207555000000}, {'counterpartyType': 'pd', 'amtAccepted': 1200000000}]"
RP 030617 1,2017-03-06,Reverse Repo,,205210000000,"[{'counterpartyType': 'bank', 'amtAccepted': 1801000000}, {'counterpartyType': 'gse', 'amtAccepted': 8810000000}, {'counterpartyType': 'mmf', 'amtAccepted': 194599000000}, {'counterpartyType': 'pd', 'amtAccepted': 0}]"
RP 030317 1,2017-03-03,Reverse Repo,,193272000000,"[{'counterpartyType': 'bank', 'amtAccepted': 3200000000}, {'counterpartyType': 'gse', 'amtAccepted': 610000000}, {'counterpartyType': 'mmf', 'amtAccepted': 185462000000}, {'counterpartyType': 'pd', 'amtAccepted': 4000000000}]"
RP 030217 1,2017-03-02,Reverse Repo,,168142000000,"[{'counterpartyType': 'bank', 'amtAccepted': 0}, {'counterpartyType': 'gse', 'amtAccepted': 260000000}, {'counterpartyType': 'mmf', 'amtAccepted': 166182000000}, {'counterpartyType': 'pd', 'amtAccepted': 1700000000}]"
RP 030117 1,2017-03-01,Reverse Repo,,156010000000,"[{'counterpartyType': 'bank', 'amtAccepted': 0}, {'counterpartyType': 'gse', 'amtAccepted': 820000000}, {'counterpartyType': 'mmf', 'amtAccepted': 151440000000}, {'counterpartyType': 'pd', 'amtAccepted': 3750000000}]"
RP 022817 1,2017-02-28,Reverse Repo,,204651000000,"[{'counterpartyType': 'bank', 'amtAccepted': 0}, {'counterpartyType': 'gse', 'amtAccepted': 10610000000}, {'counterpartyType': 'mmf', 'amtAccepted': 194041000000}, {'counterpartyType': 'pd', 'amtAccepted': 0}]"
RP 022717 1,2017-02-27,Reverse Repo,,153382000000,"[{'counterpartyType': 'bank', 'amtAccepted': 3500000000}, {'counterpartyType': 'gse', 'amtAccepted': 4860000000}, {'counterpartyType': 'mmf', 'amtAccepted': 145022000000}, {'counterpartyType': 'pd', 'amtAccepted': 0}]"
RP 022417 1,2017-02-24,Reverse Repo,,160882000000,"[{'counterpartyType': 'bank', 'amtAccepted': 6000000000}, {'counterpartyType': 'gse', 'amtAccepted': 8810000000}, {'counterpartyType': 'mmf', 'amtAccepted': 143972000000}, {'counterpartyType': 'pd', 'amtAccepted': 2100000000}]"
RP 022317 1,2017-02-23,Reverse Repo,,187176000000,"[{'counterpartyType': 'bank', 'amtAccepted': 2000000000}, {'counterpartyType': 'gse', 'amtAccepted': 34260000000}, {'counterpartyType': 'mmf', 'amtAccepted': 150916000000}, {'counterpartyType': 'pd', 'amtAccepted': 0}]"
RP 022217 1,2017-02-22,Reverse Repo,,177833000000,"[{'counterpartyType': 'bank', 'amtAccepted': 4500000000}, {'counterpartyType': 'gse', 'amtAccepted': 32735000000}, {'counterpartyType': 'mmf', 'amtAccepted': 140098000000}, {'counterpartyType': 'pd', 'amtAccepted': 500000000}]"
RP 022117 1,2017-02-21,Reverse Repo,,163259000000,"[{'counterpartyType': 'bank', 'amtAccepted': 2800000000}, {'counterpartyType': 'gse', 'amtAccepted': 31655000000}, {'counterpartyType': 'mmf', 'amtAccepted': 120004000000}, {'counterpartyType': 'pd', 'amtAccepted': 8800000000}]"
RP 021717 1,2017-02-17,Reverse Repo,,147243000000,"[{'counterpartyType': 'bank', 'amtAccepted': 3000000000}, {'counterpartyType': 'gse', 'amtAccepted': 20310000000}, {'counterpartyType': 'mmf', 'amtAccepted': 114683000000}, {'counterpartyType': 'pd', 'amtAccepted': 9250000000}]"
RP 021617 1,2017-02-16,Reverse Repo,,104978000000,"[{'counterpartyType': 'bank', 'amtAccepted': 3400000000}, {'counterpartyType': 'gse', 'amtAccepted': 10000000}, {'counterpartyType': 'mmf', 'amtAccepted': 96918000000}, {'counterpartyType': 'pd', 'amtAccepted': 4650000000}]"
RP 021517 1,2017-02-15,Reverse Repo,,105123000000,"[{'counterpartyType': 'bank', 'amtAccepted': 750000000}, {'counterpartyType': 'gse', 'amtAccepted': 185000000}, {'counterpartyType': 'mmf', 'amtAccepted': 102688000000}, {'counterpartyType': 'pd', 'amtAccepted': 1500000000}]"
RP 021417 1,2017-02-14,Reverse Repo,,87998000000,"[{'counterpartyType': 'bank', 'amtAccepted': 1000000000}, {'counterpartyType': 'gse', 'amtAccepted': 610000000}, {'counterpartyType': 'mmf', 'amtAccepted': 86388000000}, {'counterpartyType': 'pd', 'amtAccepted': 0}]"
RP 021317 1,2017-02-13,Reverse Repo,,98103000000,"[{'counterpartyType': 'bank', 'amtAccepted': 10000000}, {'counterpartyType': 'gse', 'amtAccepted': 8760000000}, {'counterpartyType': 'mmf', 'amtAccepted': 87833000000}, {'counterpartyType': 'pd', 'amtAccepted': 1500000000}]"
RP 021017 1,2017-02-10,Reverse Repo,,74169000000,"[{'counterpartyType': 'bank', 'amtAccepted': 0}, {'counterpartyType': 'gse', 'amtAccepted': 3510000000}, {'counterpartyType': 'mmf', 'amtAccepted': 70659000000}, {'counterpartyType': 'pd', 'amtAccepted': 0}]"
RP 020917 1,2017-02-09,Reverse Repo,,83894000000,"[{'counterpartyType': 'bank', 'amtAccepted': 500000000}, {'counterpartyType': 'gse', 'amtAccepted': 7710000000}, {'counterpartyType': 'mmf', 'amtAccepted': 75684000000}, {'counterpartyType': 'pd', 'amtAccepted': 0}]"
RP 020817 1,2017-02-08,Reverse Repo,,122934000000,"[{'counterpartyType': 'bank', 'amtAccepted': 2351000000}, {'counterpartyType': 'gse', 'amtAccepted': 4710000000}, {'counterpartyType': 'mmf', 'amtAccepted': 115873000000}, {'counterpartyType': 'pd', 'amtAccepted': 0}]"
RP 020717 1,2017-02-07,Reverse Repo,,131659000000,"[{'counterpartyType': 'bank', 'amtAccepted': 4101000000}, {'counterpartyType': 'gse', 'amtAccepted': 7760000000}, {'counterpartyType': 'mmf', 'amtAccepted': 116548000000}, {'counterpartyType': 'pd', 'amtAccepted': 3250000000}]"
RP 020617 1,2017-02-06,Reverse Repo,,125660000000,"[{'counterpartyType': 'bank', 'amtAccepted': 701000000}, {'counterpartyType': 'gse', 'amtAccepted': 3610000000}, {'counterpartyType': 'mmf', 'amtAccepted': 115599000000}, {'counterpartyType': 'pd', 'amtAccepted': 5750000000}]"
RP 020317 1,2017-02-03,Reverse Repo,,117361000000,"[{'counterpartyType': 'bank', 'amtAccepted': 600000000}, {'counterpartyType': 'gse', 'amtAccepted': 2710000000}, {'counterpartyType': 'mmf', 'amtAccepted': 112551000000}, {'counterpartyType': 'pd', 'amtAccepted': 1500000000}]"
RP 020217 1,2017-02-02,Reverse Repo,,111120000000,"[{'counterpartyType': 'bank', 'amtAccepted': 0}, {'counterpartyType': 'gse', 'amtAccepted': 3810000000}, {'counterpartyType': 'mmf', 'amtAccepted': 107310000000}, {'counterpartyType': 'pd', 'amtAccepted': 0}]"
RP 020117 1,2017-02-01,Reverse Repo,,133730000000,"[{'counterpartyType': 'bank', 'amtAccepted': 400000000}, {'counterpartyType': 'gse', 'amtAccepted': 6010000000}, {'counterpartyType': 'mmf', 'amtAccepted': 125820000000}, {'counterpartyType': 'pd', 'amtAccepted': 1500000000}]"
RP 013117 1,2017-01-31,Reverse Repo,,180162000000,"[{'counterpartyType': 'bank', 'amtAccepted': 1000000}, {'counterpartyType': 'gse', 'amtAccepted': 14935000000}, {'counterpartyType': 'mmf', 'amtAccepted': 165226000000}, {'counterpartyType': 'pd', 'amtAccepted': 0}]"
RP 013017 1,2017-01-30,Reverse Repo,,101514000000,"[{'counterpartyType': 'bank', 'amtAccepted': 1000000}, {'counterpartyType': 'gse', 'amtAccepted': 6960000000}, {'counterpartyType': 'mmf', 'amtAccepted': 94553000000}, {'counterpartyType': 'pd', 'amtAccepted': 0}]"
RP 012717 1,2017-01-27,Reverse Repo,,108772000000,"[{'counterpartyType': 'bank', 'amtAccepted': 1000000000}, {'counterpartyType': 'gse', 'amtAccepted': 9510000000}, {'counterpartyType': 'mmf', 'amtAccepted': 93762000000}, {'counterpartyType': 'pd', 'amtAccepted': 4500000000}]"
RP 012617 1,2017-01-26,Reverse Repo,,94670000000,"[{'counterpartyType': 'bank', 'amtAccepted': 351000000}, {'counterpartyType': 'gse', 'amtAccepted': 8310000000}, {'counterpartyType': 'mmf', 'amtAccepted': 86009000000}, {'counterpartyType': 'pd', 'amtAccepted': 0}]"
RP 012517 1,2017-01-25,Reverse Repo,,108360000000,"[{'counterpartyType': 'bank', 'amtAccepted': 0}, {'counterpartyType': 'gse', 'amtAccepted': 6610000000}, {'counterpartyType': 'mmf', 'amtAccepted': 100250000000}, {'counterpartyType': 'pd', 'amtAccepted': 1500000000}]"
RP 012417 1,2017-01-24,Reverse Repo,,110193000000,"[{'counterpartyType': 'bank', 'amtAccepted': 2101000000}, {'counterpartyType': 'gse', 'amtAccepted': 6610000000}, {'counterpartyType': 'mmf', 'amtAccepted': 96982000000}, {'counterpartyType': 'pd', 'amtAccepted': 4500000000}]"
RP 012317 1,2017-01-23,Reverse Repo,,156316000000,"[{'counterpartyType': 'bank', 'amtAccepted': 3301000000}, {'counterpartyType': 'gse', 'amtAccepted': 32260000000}, {'counterpartyType': 'mmf', 'amtAccepted': 113305000000}, {'counterpartyType': 'pd', 'amtAccepted': 7450000000}]"
RP 012017 1,2017-01-20,Reverse Repo,,148785000000,"[{'counterpartyType': 'bank', 'amtAccepted': 7000000000}, {'counterpartyType': 'gse', 'amtAccepted': 25660000000}, {'counterpartyType': 'mmf', 'amtAccepted': 108625000000}, {'counterpartyType': 'pd', 'amtAccepted': 7500000000}]"
RP 011917 1,2017-01-19,Reverse Repo,,138637000000,"[{'counterpartyType': 'bank', 'amtAccepted': 400000000}, {'counterpartyType': 'gse', 'amtAccepted': 33310000000}, {'counterpartyType': 'mmf', 'amtAccepted': 100927000000}, {'counterpartyType': 'pd', 'amtAccepted': 4000000000}]"
RP 011817 1,2017-01-18,Reverse Repo,,130118000000,"[{'counterpartyType': 'bank', 'amtAccepted': 500000000}, {'counterpartyType': 'gse', 'amtAccepted': 23760000000}, {'counterpartyType': 'mmf', 'amtAccepted': 103358000000}, {'counterpartyType': 'pd', 'amtAccepted': 2500000000}]"
RP 011717 1,2017-01-17,Reverse Repo,,96798000000,"[{'counterpartyType': 'bank', 'amtAccepted': 0}, {'counterpartyType': 'gse', 'amtAccepted': 1710000000}, {'counterpartyType': 'mmf', 'amtAccepted': 95088000000}, {'counterpartyType': 'pd', 'amtAccepted': 0}]"
RP 011317 1,2017-01-13,Reverse Repo,,88201000000,"[{'counterpartyType': 'bank', 'amtAccepted': 0}, {'counterpartyType': 'gse', 'amtAccepted': 2260000000}, {'counterpartyType': 'mmf', 'amtAccepted': 85691000000}, {'counterpartyType': 'pd', 'amtAccepted': 250000000}]"
RP 011217 1,2017-01-12,Reverse Repo,,141218000000,"[{'counterpartyType': 'bank', 'amtAccepted': 1000000}, {'counterpartyType': 'gse', 'amtAccepted': 7610000000}, {'counterpartyType': 'mmf', 'amtAccepted': 133507000000}, {'counterpartyType': 'pd', 'amtAccepted': 100000000}]"
RP 011117 1,2017-01-11,Reverse Repo,,158820000000,"[{'counterpartyType': 'bank', 'amtAccepted': 780000000}, {'counterpartyType': 'gse', 'amtAccepted': 5785000000}, {'counterpartyType': 'mmf', 'amtAccepted': 152255000000}, {'counterpartyType': 'pd', 'amtAccepted': 0}]"
RP 011017 1,2017-01-10,Reverse Repo,,180715000000,"[{'counterpartyType': 'bank', 'amtAccepted': 510000000}, {'counterpartyType': 'gse', 'amtAccepted': 5585000000}, {'counterpartyType': 'mmf', 'amtAccepted': 174620000000}, {'counterpartyType': 'pd', 'amtAccepted': 0}]"
RP 010917 1,2017-01-09,Reverse Repo,,191970000000,"[{'counterpartyType': 'bank', 'amtAccepted': 0}, {'counterpartyType': 'gse', 'amtAccepted': 3785000000}, {'counterpartyType': 'mmf', 'amtAccepted': 186685000000}, {'counterpartyType': 'pd', 'amtAccepted': 1500000000}]"
RP 010617 1,2017-01-06,Reverse Repo,,209205000000,"[{'counterpartyType': 'bank', 'amtAccepted': 1400000000}, {'counterpartyType': 'gse', 'amtAccepted': 5560000000}, {'counterpartyType': 'mmf', 'amtAccepted': 200245000000}, {'counterpartyType': 'pd', 'amtAccepted': 2000000000}]"
RP 010517 1,2017-01-05,Reverse Repo,,233430000000,"[{'counterpartyType': 'bank', 'amtAccepted': 0}, {'counterpartyType': 'gse', 'amtAccepted': 5435000000}, {'counterpartyType': 'mmf', 'amtAccepted': 227995000000}, {'counterpartyType': 'pd', 'amtAccepted': 0}]"
RP 010417 1,2017-01-04,Reverse Repo,,266468000000,"[{'counterpartyType': 'bank', 'amtAccepted': 1000000000}, {'counterpartyType': 'gse', 'amtAccepted': 7610000000}, {'counterpartyType': 'mmf', 'amtAccepted': 257858000000}, {'counterpartyType': 'pd', 'amtAccepted': 0}]"
RP 010317 1,2017-01-03,Reverse Repo,,287236000000,"[{'counterpartyType': 'bank', 'amtAccepted': 0}, {'counterpartyType': 'gse', 'amtAccepted': 10310000000}, {'counterpartyType': 'mmf', 'amtAccepted': 276926000000}, {'counterpartyType': 'pd', 'amtAccepted': 0}]"
RP 123016 1,2016-12-30,Reverse Repo,,468355000000,"[{'counterpartyType': 'bank', 'amtAccepted': 600000000}, {'counterpartyType': 'gse', 'amtAccepted': 55085000000}, {'counterpartyType': 'mmf', 'amtAccepted': 403420000000}, {'counterpartyType': 'pd', 'amtAccepted': 9250000000}]"
RP 122916 1,2016-12-29,Reverse Repo,,346472000000,"[{'counterpartyType': 'bank', 'amtAccepted': 1300000000}, {'counterpartyType': 'gse', 'amtAccepted': 35710000000}, {'counterpartyType': 'mmf', 'amtAccepted': 305762000000}, {'counterpartyType': 'pd', 'amtAccepted': 3700000000}]"
RP 122816 1,2016-12-28,Reverse Repo,,323912000000,"[{'counterpartyType': 'bank', 'amtAccepted': 2000000000}, {'counterpartyType': 'gse', 'amtAccepted': 29661000000}, {'counterpartyType': 'mmf', 'amtAccepted': 290501000000}, {'counterpartyType': 'pd', 'amtAccepted': 1750000000}]"
RP 122716 1,2016-12-27,Reverse Repo,,294061000000,"[{'counterpartyType': 'bank', 'amtAccepted': 0}, {'counterpartyType': 'gse', 'amtAccepted': 28810000000}, {'counterpartyType': 'mmf', 'amtAccepted': 265251000000}, {'counterpartyType': 'pd', 'amtAccepted': 0}]"
RP 122316 1,2016-12-23,Reverse Repo,,280643000000,"[{'counterpartyType': 'bank', 'amtAccepted': 0}, {'counterpartyType': 'gse', 'amtAccepted': 17310000000}, {'counterpartyType': 'mmf', 'amtAccepted': 262833000000}, {'counterpartyType': 'pd', 'amtAccepted': 500000000}]"
RP 122216 1,2016-12-22,Reverse Repo,,312338000000,"[{'counterpartyType': 'bank', 'amtAccepted': 2250000000}, {'counterpartyType': 'gse', 'amtAccepted': 50610000000}, {'counterpartyType': 'mmf', 'amtAccepted': 256778000000}, {'counterpartyType': 'pd', 'amtAccepted': 2700000000}]"
RP 122116 1,2016-12-21,Reverse Repo,,307477000000,"[{'counterpartyType': 'bank', 'amtAccepted': 1520000000}, {'counterpartyType': 'gse', 'amtAccepted': 49310000000}, {'counterpartyType': 'mmf', 'amtAccepted': 250347000000}, {'counterpartyType': 'pd', 'amtAccepted': 6300000000}]"
RP 122016 1,2016-12-20,Reverse Repo,,277354000000,"[{'counterpartyType': 'bank', 'amtAccepted': 4500000000}, {'counterpartyType': 'gse', 'amtAccepted': 51760000000}, {'counterpartyType': 'mmf', 'amtAccepted': 214394000000}, {'counterpartyType': 'pd', 'amtAccepted': 6700000000}]"
RP 121916 1,2016-12-19,Reverse Repo,,237525000000,"[{'counterpartyType': 'bank', 'amtAccepted': 3300000000}, {'counterpartyType': 'gse', 'amtAccepted': 36710000000}, {'counterpartyType': 'mmf', 'amtAccepted': 192815000000}, {'counterpartyType': 'pd', 'amtAccepted': 4700000000}]"
RP 121616 1,2016-12-16,Reverse Repo,,213706000000,"[{'counterpartyType': 'bank', 'amtAccepted': 4500000000}, {'counterpartyType': 'gse', 'amtAccepted': 32310000000}, {'counterpartyType': 'mmf', 'amtAccepted': 176896000000}, {'counterpartyType': 'pd', 'amtAccepted': 0}]"
RP 121516 1,2016-12-15,Reverse Repo,,199654000000,"[{'counterpartyType': 'bank', 'amtAccepted': 0}, {'counterpartyType': 'gse', 'amtAccepted': 2320000000}, {'counterpartyType': 'mmf', 'amtAccepted': 197334000000}, {'counterpartyType': 'pd', 'amtAccepted': 0}]"
RP 121416 1,2016-12-14,Reverse Repo,,169563000000,"[{'counterpartyType': 'bank', 'amtAccepted': 7500000000}, {'counterpartyType': 'gse', 'amtAccepted': 10000000}, {'counterpartyType': 'mmf', 'amtAccepted': 158053000000}, {'counterpartyType': 'pd', 'amtAccepted': 4000000000}]"
RP 121316 1,2016-12-13,Reverse Repo,,238460000000,"[{'counterpartyType': 'bank', 'amtAccepted': 15000000000}, {'counterpartyType': 'gse', 'amtAccepted': 37310000000}, {'counterpartyType': 'mmf', 'amtAccepted': 182550000000}, {'counterpartyType': 'pd', 'amtAccepted': 3600000000}]"
RP 121216 1,2016-12-12,Reverse Repo,,189330000000,"[{'counterpartyType': 'bank', 'amtAccepted': 5000000000}, {'counterpartyType': 'gse', 'amtAccepted': 1010000000}, {'counterpartyType': 'mmf', 'amtAccepted': 177820000000}, {'counterpartyType': 'pd', 'amtAccepted': 5500000000}]"
RP 120916 1,2016-12-09,Reverse Repo,,185799000000,"[{'counterpartyType': 'bank', 'amtAccepted': 0}, {'counterpartyType': 'gse', 'amtAccepted': 4710000000}, {'counterpartyType': 'mmf', 'amtAccepted': 181089000000}, {'counterpartyType': 'pd', 'amtAccepted': 0}]"
RP 120816 1,2016-12-08,Reverse Repo,,186313000000,"[{'counterpartyType': 'bank', 'amtAccepted': 0}, {'counterpartyType': 'gse', 'amtAccepted': 9810000000}, {'counterpartyType': 'mmf', 'amtAccepted': 176503000000}, {'counterpartyType': 'pd', 'amtAccepted': 0}]"
RP 120716 3,2016-12-07,Reverse Repo,,185812000000,"[{'counterpartyType': 'bank', 'amtAccepted': 0}, {'counterpartyType': 'gse', 'amtAccepted': 13985000000}, {'counterpartyType': 'mmf', 'amtAccepted': 168826000000}, {'counterpartyType': 'pd', 'amtAccepted': 3001000000}]"
RP 120616 1,2016-12-06,Reverse Repo,,185550000000,"[{'counterpartyType': 'bank', 'amtAccepted': 2000000000}, {'counterpartyType': 'gse', 'amtAccepted': 17110000000}, {'counterpartyType': 'mmf', 'amtAccepted': 164440000000}, {'counterpartyType': 'pd', 'amtAccepted': 2000000000}]"
RP 120516 1,2016-12-05,Reverse Repo,,168369000000,"[{'counterpartyType': 'bank', 'amtAccepted': 5000000000}, {'counterpartyType': 'gse', 'amtAccepted': 18010000000}, {'counterpartyType': 'mmf', 'amtAccepted': 145359000000}, {'counterpartyType': 'pd', 'amtAccepted': 0}]"
RP 120216 1,2016-12-02,Reverse Repo,,167881000000,"[{'counterpartyType': 'bank', 'amtAccepted': 3500000000}, {'counterpartyType': 'gse', 'amtAccepted': 21510000000}, {'counterpartyType': 'mmf', 'amtAccepted': 142871000000}, {'counterpartyType': 'pd', 'amtAccepted': 0}]"
RP 120116 1,2016-12-01,Reverse Repo,,159215000000,"[{'counterpartyType': 'bank', 'amtAccepted': 1100000000}, {'counterpartyType': 'gse', 'amtAccepted': 20460000000}, {'counterpartyType': 'mmf', 'amtAccepted': 137655000000}, {'counterpartyType': 'pd', 'amtAccepted': 0}]"
RP 113016 1,2016-11-30,Reverse Repo,,208524000000,"[{'counterpartyType': 'bank', 'amtAccepted': 0}, {'counterpartyType': 'gse', 'amtAccepted': 31260000000}, {'counterpartyType': 'mmf', 'amtAccepted': 177264000000}, {'counterpartyType': 'pd', 'amtAccepted': 0}]"
RP 112916 1,2016-11-29,Reverse Repo,,138401000000,"[{'counterpartyType': 'bank', 'amtAccepted': 50000000}, {'counterpartyType': 'gse', 'amtAccepted': 22035000000}, {'counterpartyType': 'mmf', 'amtAccepted': 116316000000}, {'counterpartyType': 'pd', 'amtAccepted': 0}]"
RP 112816 1,2016-11-28,Reverse Repo,,146903000000,"[{'counterpartyType': 'bank', 'amtAccepted': 5007000000}, {'counterpartyType': 'gse', 'amtAccepted': 24710000000}, {'counterpartyType': 'mmf', 'amtAccepted': 110686000000}, {'counterpartyType': 'pd', 'amtAccepted': 6500000000}]"
RP 112516 1,2016-11-25,Reverse Repo,,121165000000,"[{'counterpartyType': 'bank', 'amtAccepted': 0}, {'counterpartyType': 'gse', 'amtAccepted': 25210000000}, {'counterpartyType': 'mmf', 'amtAccepted': 92455000000}, {'counterpartyType': 'pd', 'amtAccepted': 3500000000}]"
RP 112316 1,2016-11-23,Reverse Repo,,119371000000,"[{'counterpartyType': 'bank', 'amtAccepted': 5000000000}, {'counterpartyType': 'gse', 'amtAccepted': 22910000000}, {'counterpartyType': 'mmf', 'amtAccepted': 86711000000}, {'counterpartyType': 'pd', 'amtAccepted': 4750000000}]"
RP 112216 1,2016-11-22,Reverse Repo,,128222000000,"[{'counterpartyType': 'bank', 'amtAccepted': 1501000000}, {'counterpartyType': 'gse', 'amtAccepted': 30710000000}, {'counterpartyType': 'mmf', 'amtAccepted': 95011000000}, {'counterpartyType': 'pd', 'amtAccepted': 1000000000}]"
RP 112116 1,2016-11-21,Reverse Repo,,135387000000,"[{'counterpartyType': 'bank', 'amtAccepted': 5007000000}, {'counterpartyType': 'gse', 'amtAccepted': 36410000000}, {'counterpartyType': 'mmf', 'amtAccepted': 90470000000}, {'counterpartyType': 'pd', 'amtAccepted': 3500000000}]"
RP 111816 1,2016-11-18,Reverse Repo,,116091000000,"[{'counterpartyType': 'bank', 'amtAccepted': 1902000000}, {'counterpartyType': 'gse', 'amtAccepted': 37660000000}, {'counterpartyType': 'mmf', 'amtAccepted': 74129000000}, {'counterpartyType': 'pd', 'amtAccepted': 2400000000}]"
RP 111716 1,2016-11-17,Reverse Repo,,92397000000,"[{'counterpartyType': 'bank', 'amtAccepted': 1836000000}, {'counterpartyType': 'gse', 'amtAccepted': 5710000000}, {'counterpartyType': 'mmf', 'amtAccepted': 79601000000}, {'counterpartyType': 'pd', 'amtAccepted': 5250000000}]"
RP 111616 1,2016-11-16,Reverse Repo,,116044000000,"[{'counterpartyType': 'bank', 'amtAccepted': 1801000000}, {'counterpartyType': 'gse', 'amtAccepted': 1610000000}, {'counterpartyType': 'mmf', 'amtAccepted': 110133000000}, {'counterpartyType': 'pd', 'amtAccepted': 2500000000}]"
RP 111516 1,2016-11-15,Reverse Repo,,102247000000,"[{'counterpartyType': 'bank', 'amtAccepted': 0}, {'counterpartyType': 'gse', 'amtAccepted': 5510000000}, {'counterpartyType': 'mmf', 'amtAccepted': 96737000000}, {'counterpartyType': 'pd', 'amtAccepted': 0}]"
RP 111416 1,2016-11-14,Reverse Repo,,81448000000,"[{'counterpartyType': 'bank', 'amtAccepted': 0}, {'counterpartyType': 'gse', 'amtAccepted': 510000000}, {'counterpartyType': 'mmf', 'amtAccepted': 80938000000}, {'counterpartyType': 'pd', 'amtAccepted': 0}]"
RP 111016 1,2016-11-10,Reverse Repo,,99936000000,"[{'counterpartyType': 'bank', 'amtAccepted': 25000000}, {'counterpartyType': 'gse', 'amtAccepted': 10000000}, {'counterpartyType': 'mmf', 'amtAccepted': 99901000000}, {'counterpartyType': 'pd', 'amtAccepted': 0}]"
RP 110916 1,2016-11-09,Reverse Repo,,130993000000,"[{'counterpartyType': 'bank', 'amtAccepted': 0}, {'counterpartyType': 'gse', 'amtAccepted': 8760000000}, {'counterpartyType': 'mmf', 'amtAccepted': 122233000000}, {'counterpartyType': 'pd', 'amtAccepted': 0}]"
RP 110816 1,2016-11-08,Reverse Repo,,127330000000,"[{'counterpartyType': 'bank', 'amtAccepted': 0}, {'counterpartyType': 'gse', 'amtAccepted': 8210000000}, {'counterpartyType': 'mmf', 'amtAccepted': 119120000000}, {'counterpartyType': 'pd', 'amtAccepted': 0}]"
RP 110716 1,2016-11-07,Reverse Repo,,128671000000,"[{'counterpartyType': 'bank', 'amtAccepted': 1000000}, {'counterpartyType': 'gse', 'amtAccepted': 5010000000}, {'counterpartyType': 'mmf', 'amtAccepted': 123660000000}, {'counterpartyType': 'pd', 'amtAccepted': 0}]"
RP 110416 1,2016-11-04,Reverse Repo,,136483000000,"[{'counterpartyType': 'bank', 'amtAccepted': 0}, {'counterpartyType': 'gse', 'amtAccepted': 8060000000}, {'counterpartyType': 'mmf', 'amtAccepted': 128423000000}, {'counterpartyType': 'pd', 'amtAccepted': 0}]"
RP 110316 1,2016-11-03,Reverse Repo,,148543000000,"[{'counterpartyType': 'bank', 'amtAccepted': 0}, {'counterpartyType': 'gse', 'amtAccepted': 8710000000}, {'counterpartyType': 'mmf', 'amtAccepted': 139833000000}, {'counterpartyType': 'pd', 'amtAccepted': 0}]"
RP 110216 1,2016-11-02,Reverse Repo,,176232000000,"[{'counterpartyType': 'bank', 'amtAccepted': 5000000}, {'counterpartyType': 'gse', 'amtAccepted': 8610000000}, {'counterpartyType': 'mmf', 'amtAccepted': 167617000000}, {'counterpartyType': 'pd', 'amtAccepted': 0}]"
RP 110116 1,2016-11-01,Reverse Repo,,171890000000,"[{'counterpartyType': 'bank', 'amtAccepted': 0}, {'counterpartyType': 'gse', 'amtAccepted': 6710000000}, {'counterpartyType': 'mmf', 'amtAccepted': 165180000000}, {'counterpartyType': 'pd', 'amtAccepted': 0}]"
RP 103116 1,2016-10-31,Reverse Repo,,214798000000,"[{'counterpartyType': 'bank', 'amtAccepted': 0}, {'counterpartyType': 'gse', 'amtAccepted': 16710000000}, {'counterpartyType': 'mmf', 'amtAccepted': 198088000000}, {'counterpartyType': 'pd', 'amtAccepted': 0}]"
RP 102816 1,2016-10-28,Reverse Repo,,129983000000,"[{'counterpartyType': 'bank', 'amtAccepted': 0}, {'counterpartyType': 'gse', 'amtAccepted': 3510000000}, {'counterpartyType': 'mmf', 'amtAccepted': 126473000000}, {'counterpartyType': 'pd', 'amtAccepted': 0}]"
RP 102716 1,2016-10-27,Reverse Repo,,135113000000,"[{'counterpartyType': 'bank', 'amtAccepted': 0}, {'counterpartyType': 'gse', 'amtAccepted': 18410000000}, {'counterpartyType': 'mmf', 'amtAccepted': 116703000000}, {'counterpartyType': 'pd', 'amtAccepted': 0}]"
RP 102616 1,2016-10-26,Reverse Repo,,142065000000,"[{'counterpartyType': 'bank', 'amtAccepted': 26000000}, {'counterpartyType': 'gse', 'amtAccepted': 760000000}, {'counterpartyType': 'mmf', 'amtAccepted': 141279000000}, {'counterpartyType': 'pd', 'amtAccepted': 0}]"
RP 102516 1,2016-10-25,Reverse Repo,,132403000000,"[{'counterpartyType': 'bank', 'amtAccepted': 0}, {'counterpartyType': 'gse', 'amtAccepted': 10410000000}, {'counterpartyType': 'mmf', 'amtAccepted': 121993000000}, {'counterpartyType': 'pd', 'amtAccepted': 0}]"
RP 102416 1,2016-10-24,Reverse Repo,,142574000000,"[{'counterpartyType': 'bank', 'amtAccepted': 11000000}, {'counterpartyType': 'gse', 'amtAccepted': 6775000000}, {'counterpartyType': 'mmf', 'amtAccepted': 135788000000}, {'counterpartyType': 'pd', 'amtAccepted': 0}]"
RP 102116 1,2016-10-21,Reverse Repo,,181285000000,"[{'counterpartyType': 'bank', 'amtAccepted': 2000000000}, {'counterpartyType': 'gse', 'amtAccepted': 33325000000}, {'counterpartyType': 'mmf', 'amtAccepted': 145960000000}, {'counterpartyType': 'pd', 'amtAccepted': 0}]"
RP 102016 1,2016-10-20,Reverse Repo,,172312000000,"[{'counterpartyType': 'bank', 'amtAccepted': 1010000000}, {'counterpartyType': 'gse', 'amtAccepted': 33425000000}, {'counterpartyType': 'mmf', 'amtAccepted': 136427000000}, {'counterpartyType': 'pd', 'amtAccepted': 1450000000}]"
RP 101916 1,2016-10-19,Reverse Repo,,191810000000,"[{'counterpartyType': 'bank', 'amtAccepted': 1000000}, {'counterpartyType': 'gse', 'amtAccepted': 36625000000}, {'counterpartyType': 'mmf', 'amtAccepted': 155184000000}, {'counterpartyType': 'pd', 'amtAccepted': 0}]"
RP 101816 1,2016-10-18,Reverse Repo,,174966000000,"[{'counterpartyType': 'bank', 'amtAccepted': 20000000}, {'counterpartyType': 'gse', 'amtAccepted': 29425000000}, {'counterpartyType': 'mmf', 'amtAccepted': 145521000000}, {'counterpartyType': 'pd', 'amtAccepted': 0}]"
RP 101716 1,2016-10-17,Reverse Repo,,124407000000,"[{'counterpartyType': 'bank', 'amtAccepted': 0}, {'counterpartyType': 'gse', 'amtAccepted': 25000000}, {'counterpartyType': 'mmf', 'amtAccepted': 124382000000}, {'counterpartyType': 'pd', 'amtAccepted': 0}]"
RP 101416 1,2016-10-14,Reverse Repo,,133359000000,"[{'counterpartyType': 'bank', 'amtAccepted': 0}, {'counterpartyType': 'gse', 'amtAccepted': 35000000}, {'counterpartyType': 'mmf', 'amtAccepted': 133324000000}, {'counterpartyType': 'pd', 'amtAccepted': 0}]"
RP 101316 1,2016-10-13,Reverse Repo,,180971000000,"[{'counterpartyType': 'bank', 'amtAccepted': 0}, {'counterpartyType': 'gse', 'amtAccepted': 15525000000}, {'counterpartyType': 'mmf', 'amtAccepted': 165446000000}, {'counterpartyType': 'pd', 'amtAccepted': 0}]"
RP 101216 1,2016-10-12,Reverse Repo,,188671000000,"[{'counterpartyType': 'bank', 'amtAccepted': 10000000}, {'counterpartyType': 'gse', 'amtAccepted': 775000000}, {'counterpartyType': 'mmf', 'amtAccepted': 187886000000}, {'counterpartyType': 'pd', 'amtAccepted': 0}]"
RP 101116 1,2016-10-11,Reverse Repo,,201546000000,"[{'counterpartyType': 'bank', 'amtAccepted': 0}, {'counterpartyType': 'gse', 'amtAccepted': 2825000000}, {'counterpartyType': 'mmf', 'amtAccepted': 198721000000}, {'counterpartyType': 'pd', 'amtAccepted': 0}]"
RP 100716 1,2016-10-07,Reverse Repo,,226065000000,"[{'counterpartyType': 'bank', 'amtAccepted': 0}, {'counterpartyType': 'gse', 'amtAccepted': 5625000000}, {'counterpartyType': 'mmf', 'amtAccepted': 220440000000}, {'counterpartyType': 'pd', 'amtAccepted': 0}]"
RP 100616 1,2016-10-06,Reverse Repo,,237619000000,"[{'counterpartyType': 'bank', 'amtAccepted': 0}, {'counterpartyType': 'gse', 'amtAccepted': 6035000000}, {'counterpartyType': 'mmf', 'amtAccepted': 231559000000}, {'counterpartyType': 'pd', 'amtAccepted': 25000000}]"
RP 100516 1,2016-10-05,Reverse Repo,,297964000000,"[{'counterpartyType': 'bank', 'amtAccepted': 1000000}, {'counterpartyType': 'gse', 'amtAccepted': 7925000000}, {'counterpartyType': 'mmf', 'amtAccepted': 290038000000}, {'counterpartyType': 'pd', 'amtAccepted': 0}]"
RP 100416 1,2016-10-04,Reverse Repo,,306041000000,"[{'counterpartyType': 'bank', 'amtAccepted': 0}, {'counterpartyType': 'gse', 'amtAccepted': 7425000000}, {'counterpartyType': 'mmf', 'amtAccepted': 298616000000}, {'counterpartyType': 'pd', 'amtAccepted': 0}]"
RP 100316 1,2016-10-03,Reverse Repo,,320889000000,"[{'counterpartyType': 'bank', 'amtAccepted': 0}, {'counterpartyType': 'gse', 'amtAccepted': 12925000000}, {'counterpartyType': 'mmf', 'amtAccepted': 307964000000}, {'counterpartyType': 'pd', 'amtAccepted': 0}]"
RP 093016 1,2016-09-30,Reverse Repo,,412523000000,"[{'counterpartyType': 'bank', 'amtAccepted': 0}, {'counterpartyType': 'gse', 'amtAccepted': 28175000000}, {'counterpartyType': 'mmf', 'amtAccepted': 384348000000}, {'counterpartyType': 'pd', 'amtAccepted': 0}]"
RP 092916 1,2016-09-29,Reverse Repo,,271847000000,"[{'counterpartyType': 'bank', 'amtAccepted': 0}, {'counterpartyType': 'gse', 'amtAccepted': 11525000000}, {'counterpartyType': 'mmf', 'amtAccepted': 260322000000}, {'counterpartyType': 'pd', 'amtAccepted': 0}]"
RP 092816 1,2016-09-28,Reverse Repo,,272277000000,"[{'counterpartyType': 'bank', 'amtAccepted': 2000000}, {'counterpartyType': 'gse', 'amtAccepted': 21625000000}, {'counterpartyType': 'mmf', 'amtAccepted': 250625000000}, {'counterpartyType': 'pd', 'amtAccepted': 25000000}]"
RP 092716 1,2016-09-27,Reverse Repo,,239700000000,"[{'counterpartyType': 'bank', 'amtAccepted': 2000000}, {'counterpartyType': 'gse', 'amtAccepted': 20025000000}, {'counterpartyType': 'mmf', 'amtAccepted': 219648000000}, {'counterpartyType': 'pd', 'amtAccepted': 25000000}]"
RP 092616 1,2016-09-26,Reverse Repo,,200068000000,"[{'counterpartyType': 'bank', 'amtAccepted': 0}, {'counterpartyType': 'gse', 'amtAccepted': 14250000000}, {'counterpartyType': 'mmf', 'amtAccepted': 185793000000}, {'counterpartyType': 'pd', 'amtAccepted': 25000000}]"
RP 092316 1,2016-09-23,Reverse Repo,,174726000000,"[{'counterpartyType': 'bank', 'amtAccepted': 0}, {'counterpartyType': 'gse', 'amtAccepted': 10200000000}, {'counterpartyType': 'mmf', 'amtAccepted': 164501000000}, {'counterpartyType': 'pd', 'amtAccepted': 25000000}]"
RP 092216 1,2016-09-22,Reverse Repo,,194053000000,"[{'counterpartyType': 'bank', 'amtAccepted': 0}, {'counterpartyType': 'gse', 'amtAccepted': 40450000000}, {'counterpartyType': 'mmf', 'amtAccepted': 153578000000}, {'counterpartyType': 'pd', 'amtAccepted': 25000000}]"
RP 092116 1,2016-09-21,Reverse Repo,,176835000000,"[{'counterpartyType': 'bank', 'amtAccepted': 0}, {'counterpartyType': 'gse', 'amtAccepted': 39250000000}, {'counterpartyType': 'mmf', 'amtAccepted': 137560000000}, {'counterpartyType': 'pd', 'amtAccepted': 25000000}]"
RP 092016 1,2016-09-20,Reverse Repo,,156685000000,"[{'counterpartyType': 'bank', 'amtAccepted': 100000000}, {'counterpartyType': 'gse', 'amtAccepted': 39300000000}, {'counterpartyType': 'mmf', 'amtAccepted': 117255000000}, {'counterpartyType': 'pd', 'amtAccepted': 30000000}]"
RP 091916 1,2016-09-19,Reverse Repo,,125636000000,"[{'counterpartyType': 'bank', 'amtAccepted': 0}, {'counterpartyType': 'gse', 'amtAccepted': 32700000000}, {'counterpartyType': 'mmf', 'amtAccepted': 92811000000}, {'counterpartyType': 'pd', 'amtAccepted': 125000000}]"
RP 091616 1,2016-09-16,Reverse Repo,,100761000000,"[{'counterpartyType': 'bank', 'amtAccepted': 500000000}, {'counterpartyType': 'gse', 'amtAccepted': 22950000000}, {'counterpartyType': 'mmf', 'amtAccepted': 76286000000}, {'counterpartyType': 'pd', 'amtAccepted': 1025000000}]"
RP 091516 1,2016-09-15,Reverse Repo,,55994000000,"[{'counterpartyType': 'bank', 'amtAccepted': 0}, {'counterpartyType': 'gse', 'amtAccepted': 200000000}, {'counterpartyType': 'mmf', 'amtAccepted': 55769000000}, {'counterpartyType': 'pd', 'amtAccepted': 25000000}]"
RP 091416 1,2016-09-14,Reverse Repo,,64485000000,"[{'counterpartyType': 'bank', 'amtAccepted': 0}, {'counterpartyType': 'gse', 'amtAccepted': 100000000}, {'counterpartyType': 'mmf', 'amtAccepted': 64350000000}, {'counterpartyType': 'pd', 'amtAccepted': 35000000}]"
RP 091316 1,2016-09-13,Reverse Repo,,83109000000,"[{'counterpartyType': 'bank', 'amtAccepted': 0}, {'counterpartyType': 'gse', 'amtAccepted': 200000000}, {'counterpartyType': 'mmf', 'amtAccepted': 82884000000}, {'counterpartyType': 'pd', 'amtAccepted': 25000000}]"
RP 091216 1,2016-09-12,Reverse Repo,,86056000000,"[{'counterpartyType': 'bank', 'amtAccepted': 0}, {'counterpartyType': 'gse', 'amtAccepted': 100000000}, {'counterpartyType': 'mmf', 'amtAccepted': 85931000000}, {'counterpartyType': 'pd', 'amtAccepted': 25000000}]"
RP 090916 1,2016-09-09,Reverse Repo,,78784000000,"[{'counterpartyType': 'bank', 'amtAccepted': 0}, {'counterpartyType': 'gse', 'amtAccepted': 250000000}, {'counterpartyType': 'mmf', 'amtAccepted': 78509000000}, {'counterpartyType': 'pd', 'amtAccepted': 25000000}]"
RP 090816 1,2016-09-08,Reverse Repo,,60729000000,"[{'counterpartyType': 'bank', 'amtAccepted': 0}, {'counterpartyType': 'gse', 'amtAccepted': 350000000}, {'counterpartyType': 'mmf', 'amtAccepted': 60354000000}, {'counterpartyType': 'pd', 'amtAccepted': 25000000}]"
RP 090716 1,2016-09-07,Reverse Repo,,79080000000,"[{'counterpartyType': 'bank', 'amtAccepted': 0}, {'counterpartyType': 'gse', 'amtAccepted': 250000000}, {'counterpartyType': 'mmf', 'amtAccepted': 78805000000}, {'counterpartyType': 'pd', 'amtAccepted': 25000000}]"
RP 090616 1,2016-09-06,Reverse Repo,,92733000000,"[{'counterpartyType': 'bank', 'amtAccepted': 0}, {'counterpartyType': 'gse', 'amtAccepted': 1850000000}, {'counterpartyType': 'mmf', 'amtAccepted': 90858000000}, {'counterpartyType': 'pd', 'amtAccepted': 25000000}]"
RP 090216 1,2016-09-02,Reverse Repo,,96194000000,"[{'counterpartyType': 'bank', 'amtAccepted': 0}, {'counterpartyType': 'gse', 'amtAccepted': 600000000}, {'counterpartyType': 'mmf', 'amtAccepted': 95569000000}, {'counterpartyType': 'pd', 'amtAccepted': 25000000}]"
RP 090116 1,2016-09-01,Reverse Repo,,90607000000,"[{'counterpartyType': 'bank', 'amtAccepted': 0}, {'counterpartyType': 'gse', 'amtAccepted': 250000000}, {'counterpartyType': 'mmf', 'amtAccepted': 90332000000}, {'counterpartyType': 'pd', 'amtAccepted': 25000000}]"
RP 083116 1,2016-08-31,Reverse Repo,,171368000000,"[{'counterpartyType': 'bank', 'amtAccepted': 0}, {'counterpartyType': 'gse', 'amtAccepted': 21450000000}, {'counterpartyType': 'mmf', 'amtAccepted': 149893000000}, {'counterpartyType': 'pd', 'amtAccepted': 25000000}]"
RP 083016 1,2016-08-30,Reverse Repo,,101422000000,"[{'counterpartyType': 'bank', 'amtAccepted': 0}, {'counterpartyType': 'gse', 'amtAccepted': 10650000000}, {'counterpartyType': 'mmf', 'amtAccepted': 90747000000}, {'counterpartyType': 'pd', 'amtAccepted': 25000000}]"
RP 082916 1,2016-08-29,Reverse Repo,,79731000000,"[{'counterpartyType': 'bank', 'amtAccepted': 0}, {'counterpartyType': 'gse', 'amtAccepted': 12750000000}, {'counterpartyType': 'mmf', 'amtAccepted': 66955000000}, {'counterpartyType': 'pd', 'amtAccepted': 26000000}]"
RP 082616 1,2016-08-26,Reverse Repo,,76532000000,"[{'counterpartyType': 'bank', 'amtAccepted': 0}, {'counterpartyType': 'gse', 'amtAccepted': 13850000000}, {'counterpartyType': 'mmf', 'amtAccepted': 62657000000}, {'counterpartyType': 'pd', 'amtAccepted': 25000000}]"
RP 082516 1,2016-08-25,Reverse Repo,,72817000000,"[{'counterpartyType': 'bank', 'amtAccepted': 0}, {'counterpartyType': 'gse', 'amtAccepted': 14850000000}, {'counterpartyType': 'mmf', 'amtAccepted': 57942000000}, {'counterpartyType': 'pd', 'amtAccepted': 25000000}]"
RP 082416 1,2016-08-24,Reverse Repo,,95350000000,"[{'counterpartyType': 'bank', 'amtAccepted': 0}, {'counterpartyType': 'gse', 'amtAccepted': 16000000000}, {'counterpartyType': 'mmf', 'amtAccepted': 79325000000}, {'counterpartyType': 'pd', 'amtAccepted': 25000000}]"
RP 082316 1,2016-08-23,Reverse Repo,,121654000000,"[{'counterpartyType': 'bank', 'amtAccepted': 10000000}, {'counterpartyType': 'gse', 'amtAccepted': 52750000000}, {'counterpartyType': 'mmf', 'amtAccepted': 68869000000}, {'counterpartyType': 'pd', 'amtAccepted': 25000000}]"
RP 082216 1,2016-08-22,Reverse Repo,,116124000000,"[{'counterpartyType': 'bank', 'amtAccepted': 0}, {'counterpartyType': 'gse', 'amtAccepted': 49350000000}, {'counterpartyType': 'mmf', 'amtAccepted': 63274000000}, {'counterpartyType': 'pd', 'amtAccepted': 3500000000}]"
RP 081916 1,2016-08-19,Reverse Repo,,101468000000,"[{'counterpartyType': 'bank', 'amtAccepted': 0}, {'counterpartyType': 'gse', 'amtAccepted': 50500000000}, {'counterpartyType': 'mmf', 'amtAccepted': 50943000000}, {'counterpartyType': 'pd', 'amtAccepted': 25000000}]"
RP 081816 1,2016-08-18,Reverse Repo,,95089000000,"[{'counterpartyType': 'bank', 'amtAccepted': 0}, {'counterpartyType': 'gse', 'amtAccepted': 44400000000}, {'counterpartyType': 'mmf', 'amtAccepted': 50689000000}, {'counterpartyType': 'pd', 'amtAccepted': 0}]"
RP 081716 1,2016-08-17,Reverse Repo,,81337000000,"[{'counterpartyType': 'bank', 'amtAccepted': 0}, {'counterpartyType': 'gse', 'amtAccepted': 16850000000}, {'counterpartyType': 'mmf', 'amtAccepted': 64462000000}, {'counterpartyType': 'pd', 'amtAccepted': 25000000}]"
RP 081616 1,2016-08-16,Reverse Repo,,76397000000,"[{'counterpartyType': 'bank', 'amtAccepted': 0}, {'counterpartyType': 'gse', 'amtAccepted': 17150000000}, {'counterpartyType': 'mmf', 'amtAccepted': 59222000000}, {'counterpartyType': 'pd', 'amtAccepted': 25000000}]"
RP 081516 1,2016-08-15,Reverse Repo,,56950000000,"[{'counterpartyType': 'bank', 'amtAccepted': 1000000}, {'counterpartyType': 'gse', 'amtAccepted': 12350000000}, {'counterpartyType': 'mmf', 'amtAccepted': 44574000000}, {'counterpartyType': 'pd', 'amtAccepted': 25000000}]"
RP 081216 1,2016-08-12,Reverse Repo,,37278000000,"[{'counterpartyType': 'bank', 'amtAccepted': 1000000}, {'counterpartyType': 'gse', 'amtAccepted': 3450000000}, {'counterpartyType': 'mmf', 'amtAccepted': 33802000000}, {'counterpartyType': 'pd', 'amtAccepted': 25000000}]"
RP 081116 1,2016-08-11,Reverse Repo,,80145000000,"[{'counterpartyType': 'bank', 'amtAccepted': 1000000}, {'counterpartyType': 'gse', 'amtAccepted': 23450000000}, {'counterpartyType': 'mmf', 'amtAccepted': 56669000000}, {'counterpartyType': 'pd', 'amtAccepted': 25000000}]"
RP 081016 1,2016-08-10,Reverse Repo,,80174000000,"[{'counterpartyType': 'bank', 'amtAccepted': 0}, {'counterpartyType': 'gse', 'amtAccepted': 4050000000}, {'counterpartyType': 'mmf', 'amtAccepted': 75999000000}, {'counterpartyType': 'pd', 'amtAccepted': 125000000}]"
RP 080916 1,2016-08-09,Reverse Repo,,66881000000,"[{'counterpartyType': 'bank', 'amtAccepted': 0}, {'counterpartyType': 'gse', 'amtAccepted': 6250000000}, {'counterpartyType': 'mmf', 'amtAccepted': 60606000000}, {'counterpartyType': 'pd', 'amtAccepted': 25000000}]"
RP 080816 1,2016-08-08,Reverse Repo,,60625000000,"[{'counterpartyType': 'bank', 'amtAccepted': 0}, {'counterpartyType': 'gse', 'amtAccepted': 5250000000}, {'counterpartyType': 'mmf', 'amtAccepted': 55350000000}, {'counterpartyType': 'pd', 'amtAccepted': 25000000}]"
RP 080516 1,2016-08-05,Reverse Repo,,56235000000,"[{'counterpartyType': 'bank', 'amtAccepted': 0}, {'counterpartyType': 'gse', 'amtAccepted': 6550000000}, {'counterpartyType': 'mmf', 'amtAccepted': 49660000000}, {'counterpartyType': 'pd', 'amtAccepted': 25000000}]"
RP 080416 1,2016-08-04,Reverse Repo,,50263000000,"[{'counterpartyType': 'bank', 'amtAccepted': 0}, {'counterpartyType': 'gse', 'amtAccepted': 7750000000}, {'counterpartyType': 'mmf', 'amtAccepted': 42488000000}, {'counterpartyType': 'pd', 'amtAccepted': 25000000}]"
RP 080316 1,2016-08-03,Reverse Repo,,68075000000,"[{'counterpartyType': 'bank', 'amtAccepted': 0}, {'counterpartyType': 'gse', 'amtAccepted': 11050000000}, {'counterpartyType': 'mmf', 'amtAccepted': 57000000000}, {'counterpartyType': 'pd', 'amtAccepted': 25000000}]"
RP 080216 1,2016-08-02,Reverse Repo,,80535000000,"[{'counterpartyType': 'bank', 'amtAccepted': 0}, {'counterpartyType': 'gse', 'amtAccepted': 11550000000}, {'counterpartyType': 'mmf', 'amtAccepted': 68960000000}, {'counterpartyType': 'pd', 'amtAccepted': 25000000}]"
RP 080116 1,2016-08-01,Reverse Repo,,72911000000,"[{'counterpartyType': 'bank', 'amtAccepted': 0}, {'counterpartyType': 'gse', 'amtAccepted': 12450000000}, {'counterpartyType': 'mmf', 'amtAccepted': 60436000000}, {'counterpartyType': 'pd', 'amtAccepted': 25000000}]"
RP 072916 1,2016-07-29,Reverse Repo,,110518000000,"[{'counterpartyType': 'bank', 'amtAccepted': 0}, {'counterpartyType': 'gse', 'amtAccepted': 25450000000}, {'counterpartyType': 'mmf', 'amtAccepted': 85043000000}, {'counterpartyType': 'pd', 'amtAccepted': 25000000}]"
RP 072816 1,2016-07-28,Reverse Repo,,45194000000,"[{'counterpartyType': 'bank', 'amtAccepted': 0}, {'counterpartyType': 'gse', 'amtAccepted': 18350000000}, {'counterpartyType': 'mmf', 'amtAccepted': 26819000000}, {'counterpartyType': 'pd', 'amtAccepted': 25000000}]"
RP 072716 1,2016-07-27,Reverse Repo,,67687000000,"[{'counterpartyType': 'bank', 'amtAccepted': 0}, {'counterpartyType': 'gse', 'amtAccepted': 20550000000}, {'counterpartyType': 'mmf', 'amtAccepted': 47112000000}, {'counterpartyType': 'pd', 'amtAccepted': 25000000}]"
RP 072616 1,2016-07-26,Reverse Repo,,69799000000,"[{'counterpartyType': 'bank', 'amtAccepted': 0}, {'counterpartyType': 'gse', 'amtAccepted': 21250000000}, {'counterpartyType': 'mmf', 'amtAccepted': 48524000000}, {'counterpartyType': 'pd', 'amtAccepted': 25000000}]"
RP 072516 1,2016-07-25,Reverse Repo,,49132000000,"[{'counterpartyType': 'bank', 'amtAccepted': 0}, {'counterpartyType': 'gse', 'amtAccepted': 14400000000}, {'counterpartyType': 'mmf', 'amtAccepted': 34707000000}, {'counterpartyType': 'pd', 'amtAccepted': 25000000}]"
RP 072216 1,2016-07-22,Reverse Repo,,44897000000,"[{'counterpartyType': 'bank', 'amtAccepted': 0}, {'counterpartyType': 'gse', 'amtAccepted': 12000000000}, {'counterpartyType': 'mmf', 'amtAccepted': 32872000000}, {'counterpartyType': 'pd', 'amtAccepted': 25000000}]"
RP 072116 1,2016-07-21,Reverse Repo,,70517000000,"[{'counterpartyType': 'bank', 'amtAccepted': 0}, {'counterpartyType': 'gse', 'amtAccepted': 42351000000}, {'counterpartyType': 'mmf', 'amtAccepted': 28141000000}, {'counterpartyType': 'pd', 'amtAccepted': 25000000}]"
RP 072016 1,2016-07-20,Reverse Repo,,79368000000,"[{'counterpartyType': 'bank', 'amtAccepted': 0}, {'counterpartyType': 'gse', 'amtAccepted': 47500000000}, {'counterpartyType': 'mmf', 'amtAccepted': 31843000000}, {'counterpartyType': 'pd', 'amtAccepted': 25000000}]"
RP 071916 1,2016-07-19,Reverse Repo,,82273000000,"[{'counterpartyType': 'bank', 'amtAccepted': 0}, {'counterpartyType': 'gse', 'amtAccepted': 45550000000}, {'counterpartyType': 'mmf', 'amtAccepted': 36698000000}, {'counterpartyType': 'pd', 'amtAccepted': 25000000}]"
RP 071816 1,2016-07-18,Reverse Repo,,80813000000,"[{'counterpartyType': 'bank', 'amtAccepted': 1000000000}, {'counterpartyType': 'gse', 'amtAccepted': 40550000000}, {'counterpartyType': 'mmf', 'amtAccepted': 39238000000}, {'counterpartyType': 'pd', 'amtAccepted': 25000000}]"
RP 071516 1,2016-07-15,Reverse Repo,,41162000000,"[{'counterpartyType': 'bank', 'amtAccepted': 0}, {'counterpartyType': 'gse', 'amtAccepted': 10050000000}, {'counterpartyType': 'mmf', 'amtAccepted': 31112000000}, {'counterpartyType': 'pd', 'amtAccepted': 0}]"
RP 071416 1,2016-07-14,Reverse Repo,,30358000000,"[{'counterpartyType': 'bank', 'amtAccepted': 0}, {'counterpartyType': 'gse', 'amtAccepted': 9000000000}, {'counterpartyType': 'mmf', 'amtAccepted': 21333000000}, {'counterpartyType': 'pd', 'amtAccepted': 25000000}]"
RP 071316 1,2016-07-13,Reverse Repo,,48357000000,"[{'counterpartyType': 'bank', 'amtAccepted': 0}, {'counterpartyType': 'gse', 'amtAccepted': 5650000000}, {'counterpartyType': 'mmf', 'amtAccepted': 42682000000}, {'counterpartyType': 'pd', 'amtAccepted': 25000000}]"
RP 071216 1,2016-07-12,Reverse Repo,,62640000000,"[{'counterpartyType': 'bank', 'amtAccepted': 0}, {'counterpartyType': 'gse', 'amtAccepted': 14500000000}, {'counterpartyType': 'mmf', 'amtAccepted': 48115000000}, {'counterpartyType': 'pd', 'amtAccepted': 25000000}]"
RP 071116 1,2016-07-11,Reverse Repo,,61876000000,"[{'counterpartyType': 'bank', 'amtAccepted': 0}, {'counterpartyType': 'gse', 'amtAccepted': 12000000000}, {'counterpartyType': 'mmf', 'amtAccepted': 49851000000}, {'counterpartyType': 'pd', 'amtAccepted': 25000000}]"
RP 070816 1,2016-07-08,Reverse Repo,,67516000000,"[{'counterpartyType': 'bank', 'amtAccepted': 0}, {'counterpartyType': 'gse', 'amtAccepted': 9250000000}, {'counterpartyType': 'mmf', 'amtAccepted': 58241000000}, {'counterpartyType': 'pd', 'amtAccepted': 25000000}]"
RP 070716 1,2016-07-07,Reverse Repo,,76407000000,"[{'counterpartyType': 'bank', 'amtAccepted': 0}, {'counterpartyType': 'gse', 'amtAccepted': 8550000000}, {'counterpartyType': 'mmf', 'amtAccepted': 67832000000}, {'counterpartyType': 'pd', 'amtAccepted': 25000000}]"
RP 070616 1,2016-07-06,Reverse Repo,,83401000000,"[{'counterpartyType': 'bank', 'amtAccepted': 0}, {'counterpartyType': 'gse', 'amtAccepted': 8250000000}, {'counterpartyType': 'mmf', 'amtAccepted': 75126000000}, {'counterpartyType': 'pd', 'amtAccepted': 25000000}]"
RP 070516 1,2016-07-05,Reverse Repo,,111242000000,"[{'counterpartyType': 'bank', 'amtAccepted': 0}, {'counterpartyType': 'gse', 'amtAccepted': 11250000000}, {'counterpartyType': 'mmf', 'amtAccepted': 99967000000}, {'counterpartyType': 'pd', 'amtAccepted': 25000000}]"
RP 070116 1,2016-07-01,Reverse Repo,,113428000000,"[{'counterpartyType': 'bank', 'amtAccepted': 0}, {'counterpartyType': 'gse', 'amtAccepted': 11750000000}, {'counterpartyType': 'mmf', 'amtAccepted': 101653000000}, {'counterpartyType': 'pd', 'amtAccepted': 25000000}]"
RP 063016 1,2016-06-30,Reverse Repo,,278809000000,"[{'counterpartyType': 'bank', 'amtAccepted': 0}, {'counterpartyType': 'gse', 'amtAccepted': 36000000000}, {'counterpartyType': 'mmf', 'amtAccepted': 242784000000}, {'counterpartyType': 'pd', 'amtAccepted': 25000000}]"
RP 062916 1,2016-06-29,Reverse Repo,,143206000000,"[{'counterpartyType': 'bank', 'amtAccepted': 20000000}, {'counterpartyType': 'gse', 'amtAccepted': 17500000000}, {'counterpartyType': 'mmf', 'amtAccepted': 125661000000}, {'counterpartyType': 'pd', 'amtAccepted': 25000000}]"
RP 062816 1,2016-06-28,Reverse Repo,,129102000000,"[{'counterpartyType': 'bank', 'amtAccepted': 0}, {'counterpartyType': 'gse', 'amtAccepted': 19050000000}, {'counterpartyType': 'mmf', 'amtAccepted': 110027000000}, {'counterpartyType': 'pd', 'amtAccepted': 25000000}]"
RP 062716 1,2016-06-27,Reverse Repo,,116639000000,"[{'counterpartyType': 'bank', 'amtAccepted': 0}, {'counterpartyType': 'gse', 'amtAccepted': 21650000000}, {'counterpartyType': 'mmf', 'amtAccepted': 94964000000}, {'counterpartyType': 'pd', 'amtAccepted': 25000000}]"
RP 062416 1,2016-06-24,Reverse Repo,,87498000000,"[{'counterpartyType': 'bank', 'amtAccepted': 0}, {'counterpartyType': 'gse', 'amtAccepted': 15250000000}, {'counterpartyType': 'mmf', 'amtAccepted': 72223000000}, {'counterpartyType': 'pd', 'amtAccepted': 25000000}]"
RP 062316 1,2016-06-23,Reverse Repo,,91509000000,"[{'counterpartyType': 'bank', 'amtAccepted': 1000000}, {'counterpartyType': 'gse', 'amtAccepted': 46660000000}, {'counterpartyType': 'mmf', 'amtAccepted': 44823000000}, {'counterpartyType': 'pd', 'amtAccepted': 25000000}]"
RP 062216 1,2016-06-22,Reverse Repo,,90386000000,"[{'counterpartyType': 'bank', 'amtAccepted': 1000000}, {'counterpartyType': 'gse', 'amtAccepted': 46750000000}, {'counterpartyType': 'mmf', 'amtAccepted': 43610000000}, {'counterpartyType': 'pd', 'amtAccepted': 25000000}]"
RP 062116 1,2016-06-21,Reverse Repo,,86546000000,"[{'counterpartyType': 'bank', 'amtAccepted': 0}, {'counterpartyType': 'gse', 'amtAccepted': 44250000000}, {'counterpartyType': 'mmf', 'amtAccepted': 42271000000}, {'counterpartyType': 'pd', 'amtAccepted': 25000000}]"
RP 062016 1,2016-06-20,Reverse Repo,,67757000000,"[{'counterpartyType': 'bank', 'amtAccepted': 0}, {'counterpartyType': 'gse', 'amtAccepted': 39510000000}, {'counterpartyType': 'mmf', 'amtAccepted': 28222000000}, {'counterpartyType': 'pd', 'amtAccepted': 25000000}]"
RP 061716 1,2016-06-17,Reverse Repo,,58606000000,"[{'counterpartyType': 'bank', 'amtAccepted': 0}, {'counterpartyType': 'gse', 'amtAccepted': 31610000000}, {'counterpartyType': 'mmf', 'amtAccepted': 26971000000}, {'counterpartyType': 'pd', 'amtAccepted': 25000000}]"
RP 061616 1,2016-06-16,Reverse Repo,,35100000000,"[{'counterpartyType': 'bank', 'amtAccepted': 0}, {'counterpartyType': 'gse', 'amtAccepted': 1851000000}, {'counterpartyType': 'mmf', 'amtAccepted': 33224000000}, {'counterpartyType': 'pd', 'amtAccepted': 25000000}]"
RP 061516 1,2016-06-15,Reverse Repo,,28313000000,"[{'counterpartyType': 'bank', 'amtAccepted': 0}, {'counterpartyType': 'gse', 'amtAccepted': 750000000}, {'counterpartyType': 'mmf', 'amtAccepted': 27538000000}, {'counterpartyType': 'pd', 'amtAccepted': 25000000}]"
RP 061416 1,2016-06-14,Reverse Repo,,34936000000,"[{'counterpartyType': 'bank', 'amtAccepted': 0}, {'counterpartyType': 'gse', 'amtAccepted': 350000000}, {'counterpartyType': 'mmf', 'amtAccepted': 34461000000}, {'counterpartyType': 'pd', 'amtAccepted': 125000000}]"
RP 061316 1,2016-06-13,Reverse Repo,,46016000000,"[{'counterpartyType': 'bank', 'amtAccepted': 0}, {'counterpartyType': 'gse', 'amtAccepted': 10250000000}, {'counterpartyType': 'mmf', 'amtAccepted': 35741000000}, {'counterpartyType': 'pd', 'amtAccepted': 25000000}]"
RP 061016 1,2016-06-10,Reverse Repo,,40500000000,"[{'counterpartyType': 'bank', 'amtAccepted': 0}, {'counterpartyType': 'gse', 'amtAccepted': 250000000}, {'counterpartyType': 'mmf', 'amtAccepted': 40250000000}, {'counterpartyType': 'pd', 'amtAccepted': 0}]"
RP 060916 1,2016-06-09,Reverse Repo,,41435000000,"[{'counterpartyType': 'bank', 'amtAccepted': 0}, {'counterpartyType': 'gse', 'amtAccepted': 650000000}, {'counterpartyType': 'mmf', 'amtAccepted': 40760000000}, {'counterpartyType': 'pd', 'amtAccepted': 25000000}]"
RP 060816 1,2016-06-08,Reverse Repo,,41445000000,"[{'counterpartyType': 'bank', 'amtAccepted': 0}, {'counterpartyType': 'gse', 'amtAccepted': 400000000}, {'counterpartyType': 'mmf', 'amtAccepted': 41020000000}, {'counterpartyType': 'pd', 'amtAccepted': 25000000}]"
RP 060716 1,2016-06-07,Reverse Repo,,49906000000,"[{'counterpartyType': 'bank', 'amtAccepted': 0}, {'counterpartyType': 'gse', 'amtAccepted': 250000000}, {'counterpartyType': 'mmf', 'amtAccepted': 49631000000}, {'counterpartyType': 'pd', 'amtAccepted': 25000000}]"
RP 060616 1,2016-06-06,Reverse Repo,,53352000000,"[{'counterpartyType': 'bank', 'amtAccepted': 0}, {'counterpartyType': 'gse', 'amtAccepted': 750000000}, {'counterpartyType': 'mmf', 'amtAccepted': 52577000000}, {'counterpartyType': 'pd', 'amtAccepted': 25000000}]"
RP 060316 1,2016-06-03,Reverse Repo,,58183000000,"[{'counterpartyType': 'bank', 'amtAccepted': 0}, {'counterpartyType': 'gse', 'amtAccepted': 650000000}, {'counterpartyType': 'mmf', 'amtAccepted': 57508000000}, {'counterpartyType': 'pd', 'amtAccepted': 25000000}]"
RP 060216 1,2016-06-02,Reverse Repo,,62973000000,"[{'counterpartyType': 'bank', 'amtAccepted': 10000000}, {'counterpartyType': 'gse', 'amtAccepted': 1050000000}, {'counterpartyType': 'mmf', 'amtAccepted': 61888000000}, {'counterpartyType': 'pd', 'amtAccepted': 25000000}]"
RP 060116 1,2016-06-01,Reverse Repo,,61186000000,"[{'counterpartyType': 'bank', 'amtAccepted': 0}, {'counterpartyType': 'gse', 'amtAccepted': 2750000000}, {'counterpartyType': 'mmf', 'amtAccepted': 58411000000}, {'counterpartyType': 'pd', 'amtAccepted': 25000000}]"
RP 053116 1,2016-05-31,Reverse Repo,,102627000000,"[{'counterpartyType': 'bank', 'amtAccepted': 0}, {'counterpartyType': 'gse', 'amtAccepted': 11700000000}, {'counterpartyType': 'mmf', 'amtAccepted': 90902000000}, {'counterpartyType': 'pd', 'amtAccepted': 25000000}]"
RP 052716 1,2016-05-27,Reverse Repo,,40472000000,"[{'counterpartyType': 'bank', 'amtAccepted': 0}, {'counterpartyType': 'gse', 'amtAccepted': 2850000000}, {'counterpartyType': 'mmf', 'amtAccepted': 37597000000}, {'counterpartyType': 'pd', 'amtAccepted': 25000000}]"
RP 052616 1,2016-05-26,Reverse Repo,,58671000000,"[{'counterpartyType': 'bank', 'amtAccepted': 0}, {'counterpartyType': 'gse', 'amtAccepted': 6050000000}, {'counterpartyType': 'mmf', 'amtAccepted': 52596000000}, {'counterpartyType': 'pd', 'amtAccepted': 25000000}]"
RP 052516 2,2016-05-25,Reverse Repo,,65797000000,"[{'counterpartyType': 'bank', 'amtAccepted': 0}, {'counterpartyType': 'gse', 'amtAccepted': 16400000000}, {'counterpartyType': 'mmf', 'amtAccepted': 40072000000}, {'counterpartyType': 'pd', 'amtAccepted': 9325000000}]"
RP 052416 1,2016-05-24,Reverse Repo,,57676000000,"[{'counterpartyType': 'bank', 'amtAccepted': 2500000000}, {'counterpartyType': 'gse', 'amtAccepted': 8720000000}, {'counterpartyType': 'mmf', 'amtAccepted': 43931000000}, {'counterpartyType': 'pd', 'amtAccepted': 2525000000}]"
RP 052316 1,2016-05-23,Reverse Repo,,78109000000,"[{'counterpartyType': 'bank', 'amtAccepted': 0}, {'counterpartyType': 'gse', 'amtAccepted': 29500000000}, {'counterpartyType': 'mmf', 'amtAccepted': 36359000000}, {'counterpartyType': 'pd', 'amtAccepted': 12250000000}]"
RP 052016 1,2016-05-20,Reverse Repo,,60342000000,"[{'counterpartyType': 'bank', 'amtAccepted': 1510000000}, {'counterpartyType': 'gse', 'amtAccepted': 28730000000}, {'counterpartyType': 'mmf', 'amtAccepted': 28602000000}, {'counterpartyType': 'pd', 'amtAccepted': 1500000000}]"
RP 051916 1,2016-05-19,Reverse Repo,,63293000000,"[{'counterpartyType': 'bank', 'amtAccepted': 0}, {'counterpartyType': 'gse', 'amtAccepted': 32771000000}, {'counterpartyType': 'mmf', 'amtAccepted': 30497000000}, {'counterpartyType': 'pd', 'amtAccepted': 25000000}]"
RP 051816 1,2016-05-18,Reverse Repo,,63920000000,"[{'counterpartyType': 'bank', 'amtAccepted': 751000000}, {'counterpartyType': 'gse', 'amtAccepted': 29660000000}, {'counterpartyType': 'mmf', 'amtAccepted': 30484000000}, {'counterpartyType': 'pd', 'amtAccepted': 3025000000}]"
RP 051716 1,2016-05-17,Reverse Repo,,21115000000,"[{'counterpartyType': 'bank', 'amtAccepted': 1000000}, {'counterpartyType': 'gse', 'amtAccepted': 250000000}, {'counterpartyType': 'mmf', 'amtAccepted': 20839000000}, {'counterpartyType': 'pd', 'amtAccepted': 25000000}]"
RP 051616 1,2016-05-16,Reverse Repo,,20123000000,"[{'counterpartyType': 'bank', 'amtAccepted': 0}, {'counterpartyType': 'gse', 'amtAccepted': 250000000}, {'counterpartyType': 'mmf', 'amtAccepted': 19848000000}, {'counterpartyType': 'pd', 'amtAccepted': 25000000}]"
RP 051316 1,2016-05-13,Reverse Repo,,17088000000,"[{'counterpartyType': 'bank', 'amtAccepted': 0}, {'counterpartyType': 'gse', 'amtAccepted': 250000000}, {'counterpartyType': 'mmf', 'amtAccepted': 16813000000}, {'counterpartyType': 'pd', 'amtAccepted': 25000000}]"
RP 051216 1,2016-05-12,Reverse Repo,,34843000000,"[{'counterpartyType': 'bank', 'amtAccepted': 0}, {'counterpartyType': 'gse', 'amtAccepted': 9950000000}, {'counterpartyType': 'mmf', 'amtAccepted': 24868000000}, {'counterpartyType': 'pd', 'amtAccepted': 25000000}]"
RP 051116 1,2016-05-11,Reverse Repo,,31533000000,"[{'counterpartyType': 'bank', 'amtAccepted': 0}, {'counterpartyType': 'gse', 'amtAccepted': 350000000}, {'counterpartyType': 'mmf', 'amtAccepted': 31158000000}, {'counterpartyType': 'pd', 'amtAccepted': 25000000}]"
RP 051016 1,2016-05-10,Reverse Repo,,31035000000,"[{'counterpartyType': 'bank', 'amtAccepted': 0}, {'counterpartyType': 'gse', 'amtAccepted': 1350000000}, {'counterpartyType': 'mmf', 'amtAccepted': 29660000000}, {'counterpartyType': 'pd', 'amtAccepted': 25000000}]"
RP 050916 1,2016-05-09,Reverse Repo,,23238000000,"[{'counterpartyType': 'bank', 'amtAccepted': 0}, {'counterpartyType': 'gse', 'amtAccepted': 250000000}, {'counterpartyType': 'mmf', 'amtAccepted': 22963000000}, {'counterpartyType': 'pd', 'amtAccepted': 25000000}]"
RP 050616 1,2016-05-06,Reverse Repo,,28294000000,"[{'counterpartyType': 'bank', 'amtAccepted': 0}, {'counterpartyType': 'gse', 'amtAccepted': 300000000}, {'counterpartyType': 'mmf', 'amtAccepted': 27969000000}, {'counterpartyType': 'pd', 'amtAccepted': 25000000}]"
RP 050516 1,2016-05-05,Reverse Repo,,30222000000,"[{'counterpartyType': 'bank', 'amtAccepted': 0}, {'counterpartyType': 'gse', 'amtAccepted': 250000000}, {'counterpartyType': 'mmf', 'amtAccepted': 29947000000}, {'counterpartyType': 'pd', 'amtAccepted': 25000000}]"
RP 050416 1,2016-05-04,Reverse Repo,,35592000000,"[{'counterpartyType': 'bank', 'amtAccepted': 100000000}, {'counterpartyType': 'gse', 'amtAccepted': 100000000}, {'counterpartyType': 'mmf', 'amtAccepted': 35367000000}, {'counterpartyType': 'pd', 'amtAccepted': 25000000}]"
RP 050316 1,2016-05-03,Reverse Repo,,38536000000,"[{'counterpartyType': 'bank', 'amtAccepted': 0}, {'counterpartyType': 'gse', 'amtAccepted': 1100000000}, {'counterpartyType': 'mmf', 'amtAccepted': 37411000000}, {'counterpartyType': 'pd', 'amtAccepted': 25000000}]"
RP 050216 1,2016-05-02,Reverse Repo,,38947000000,"[{'counterpartyType': 'bank', 'amtAccepted': 0}, {'counterpartyType': 'gse', 'amtAccepted': 2350000000}, {'counterpartyType': 'mmf', 'amtAccepted': 36572000000}, {'counterpartyType': 'pd', 'amtAccepted': 25000000}]"
RP 042916 1,2016-04-29,Reverse Repo,,65558000000,"[{'counterpartyType': 'bank', 'amtAccepted': 0}, {'counterpartyType': 'gse', 'amtAccepted': 5500000000}, {'counterpartyType': 'mmf', 'amtAccepted': 60033000000}, {'counterpartyType': 'pd', 'amtAccepted': 25000000}]"
RP 042816 1,2016-04-28,Reverse Repo,,25526000000,"[{'counterpartyType': 'bank', 'amtAccepted': 0}, {'counterpartyType': 'gse', 'amtAccepted': 2000000000}, {'counterpartyType': 'mmf', 'amtAccepted': 23501000000}, {'counterpartyType': 'pd', 'amtAccepted': 25000000}]"
RP 042716 1,2016-04-27,Reverse Repo,,31432000000,"[{'counterpartyType': 'bank', 'amtAccepted': 0}, {'counterpartyType': 'gse', 'amtAccepted': 5550000000}, {'counterpartyType': 'mmf', 'amtAccepted': 25857000000}, {'counterpartyType': 'pd', 'amtAccepted': 25000000}]"
RP 042616 1,2016-04-26,Reverse Repo,,29563000000,"[{'counterpartyType': 'bank', 'amtAccepted': 0}, {'counterpartyType': 'gse', 'amtAccepted': 6750000000}, {'counterpartyType': 'mmf', 'amtAccepted': 22788000000}, {'counterpartyType': 'pd', 'amtAccepted': 25000000}]"
RP 042516 1,2016-04-25,Reverse Repo,,24148000000,"[{'counterpartyType': 'bank', 'amtAccepted': 0}, {'counterpartyType': 'gse', 'amtAccepted': 250000000}, {'counterpartyType': 'mmf', 'amtAccepted': 23873000000}, {'counterpartyType': 'pd', 'amtAccepted': 25000000}]"
RP 042216 1,2016-04-22,Reverse Repo,,19084000000,"[{'counterpartyType': 'bank', 'amtAccepted': 0}, {'counterpartyType': 'gse', 'amtAccepted': 250000000}, {'counterpartyType': 'mmf', 'amtAccepted': 18809000000}, {'counterpartyType': 'pd', 'amtAccepted': 25000000}]"
RP 042116 1,2016-04-21,Reverse Repo,,36555000000,"[{'counterpartyType': 'bank', 'amtAccepted': 2000000000}, {'counterpartyType': 'gse', 'amtAccepted': 13051000000}, {'counterpartyType': 'mmf', 'amtAccepted': 21479000000}, {'counterpartyType': 'pd', 'amtAccepted': 25000000}]"
RP 042016 1,2016-04-20,Reverse Repo,,31971000000,"[{'counterpartyType': 'bank', 'amtAccepted': 35000000}, {'counterpartyType': 'gse', 'amtAccepted': 11190000000}, {'counterpartyType': 'mmf', 'amtAccepted': 20721000000}, {'counterpartyType': 'pd', 'amtAccepted': 25000000}]"
RP 041916 1,2016-04-19,Reverse Repo,,40049000000,"[{'counterpartyType': 'bank', 'amtAccepted': 255000000}, {'counterpartyType': 'gse', 'amtAccepted': 10850000000}, {'counterpartyType': 'mmf', 'amtAccepted': 28819000000}, {'counterpartyType': 'pd', 'amtAccepted': 125000000}]"
RP 041816 1,2016-04-18,Reverse Repo,,38607000000,"[{'counterpartyType': 'bank', 'amtAccepted': 0}, {'counterpartyType': 'gse', 'amtAccepted': 11550000000}, {'counterpartyType': 'mmf', 'amtAccepted': 26932000000}, {'counterpartyType': 'pd', 'amtAccepted': 125000000}]"
RP 041516 1,2016-04-15,Reverse Repo,,23479000000,"[{'counterpartyType': 'bank', 'amtAccepted': 0}, {'counterpartyType': 'gse', 'amtAccepted': 250000000}, {'counterpartyType': 'mmf', 'amtAccepted': 23204000000}, {'counterpartyType': 'pd', 'amtAccepted': 25000000}]"
RP 041416 1,2016-04-14,Reverse Repo,,18241000000,"[{'counterpartyType': 'bank', 'amtAccepted': 0}, {'counterpartyType': 'gse', 'amtAccepted': 350000000}, {'counterpartyType': 'mmf', 'amtAccepted': 17866000000}, {'counterpartyType': 'pd', 'amtAccepted': 25000000}]"
RP 041316 1,2016-04-13,Reverse Repo,,16610000000,"[{'counterpartyType': 'bank', 'amtAccepted': 101000000}, {'counterpartyType': 'gse', 'amtAccepted': 4000000000}, {'counterpartyType': 'mmf', 'amtAccepted': 12484000000}, {'counterpartyType': 'pd', 'amtAccepted': 25000000}]"
RP 041216 1,2016-04-12,Reverse Repo,,18711000000,"[{'counterpartyType': 'bank', 'amtAccepted': 1000000}, {'counterpartyType': 'gse', 'amtAccepted': 750000000}, {'counterpartyType': 'mmf', 'amtAccepted': 17935000000}, {'counterpartyType': 'pd', 'amtAccepted': 25000000}]"
RP 041116 1,2016-04-11,Reverse Repo,,22151000000,"[{'counterpartyType': 'bank', 'amtAccepted': 0}, {'counterpartyType': 'gse', 'amtAccepted': 750000000}, {'counterpartyType': 'mmf', 'amtAccepted': 21376000000}, {'counterpartyType': 'pd', 'amtAccepted': 25000000}]"
RP 040816 1,2016-04-08,Reverse Repo,,21618000000,"[{'counterpartyType': 'bank', 'amtAccepted': 0}, {'counterpartyType': 'gse', 'amtAccepted': 750000000}, {'counterpartyType': 'mmf', 'amtAccepted': 20843000000}, {'counterpartyType': 'pd', 'amtAccepted': 25000000}]"
RP 040716 1,2016-04-07,Reverse Repo,,34065000000,"[{'counterpartyType': 'bank', 'amtAccepted': 1500000000}, {'counterpartyType': 'gse', 'amtAccepted': 1000000000}, {'counterpartyType': 'mmf', 'amtAccepted': 31540000000}, {'counterpartyType': 'pd', 'amtAccepted': 25000000}]"
RP 040616 1,2016-04-06,Reverse Repo,,27455000000,"[{'counterpartyType': 'bank', 'amtAccepted': 0}, {'counterpartyType': 'gse', 'amtAccepted': 1100000000}, {'counterpartyType': 'mmf', 'amtAccepted': 26330000000}, {'counterpartyType': 'pd', 'amtAccepted': 25000000}]"
RP 040516 1,2016-04-05,Reverse Repo,,44369000000,"[{'counterpartyType': 'bank', 'amtAccepted': 0}, {'counterpartyType': 'gse', 'amtAccepted': 750000000}, {'counterpartyType': 'mmf', 'amtAccepted': 43594000000}, {'counterpartyType': 'pd', 'amtAccepted': 25000000}]"
RP 040416 1,2016-04-04,Reverse Repo,,65692000000,"[{'counterpartyType': 'bank', 'amtAccepted': 0}, {'counterpartyType': 'gse', 'amtAccepted': 750000000}, {'counterpartyType': 'mmf', 'amtAccepted': 64917000000}, {'counterpartyType': 'pd', 'amtAccepted': 25000000}]"
RP 040116 1,2016-04-01,Reverse Repo,,89118000000,"[{'counterpartyType': 'bank', 'amtAccepted': 0}, {'counterpartyType': 'gse', 'amtAccepted': 1450000000}, {'counterpartyType': 'mmf', 'amtAccepted': 87668000000}, {'counterpartyType': 'pd', 'amtAccepted': 0}]"
RP 033116 1,2016-03-31,Reverse Repo,,303849000000,"[{'counterpartyType': 'bank', 'amtAccepted': 20000000}, {'counterpartyType': 'gse', 'amtAccepted': 36125000000}, {'counterpartyType': 'mmf', 'amtAccepted': 267679000000}, {'counterpartyType': 'pd', 'amtAccepted': 25000000}]"
RP 033016 1,2016-03-30,Reverse Repo,,127119000000,"[{'counterpartyType': 'bank', 'amtAccepted': 0}, {'counterpartyType': 'gse', 'amtAccepted': 8750000000}, {'counterpartyType': 'mmf', 'amtAccepted': 118344000000}, {'counterpartyType': 'pd', 'amtAccepted': 25000000}]"
RP 032916 1,2016-03-29,Reverse Repo,,104770000000,"[{'counterpartyType': 'bank', 'amtAccepted': 1000000000}, {'counterpartyType': 'gse', 'amtAccepted': 4150000000}, {'counterpartyType': 'mmf', 'amtAccepted': 99595000000}, {'counterpartyType': 'pd', 'amtAccepted': 25000000}]"
RP 032816 1,2016-03-28,Reverse Repo,,65481000000,"[{'counterpartyType': 'bank', 'amtAccepted': 60000000}, {'counterpartyType': 'gse', 'amtAccepted': 3750000000}, {'counterpartyType': 'mmf', 'amtAccepted': 61646000000}, {'counterpartyType': 'pd', 'amtAccepted': 25000000}]"
RP 032416 1,2016-03-24,Reverse Repo,,45433000000,
RP 032316 1,2016-03-23,Reverse Repo,,70075000000,"[{'counterpartyType': 'bank', 'amtAccepted': 1000000000}, {'counterpartyType': 'gse', 'amtAccepted': 21600000000}, {'counterpartyType': 'mmf', 'amtAccepted': 47450000000}, {'counterpartyType': 'pd', 'amtAccepted': 25000000}]"
RP 032216 1,2016-03-22,Reverse Repo,,68284000000,"[{'counterpartyType': 'bank', 'amtAccepted': 0}, {'counterpartyType': 'gse', 'amtAccepted': 23400000000}, {'counterpartyType': 'mmf', 'amtAccepted': 44859000000}, {'counterpartyType': 'pd', 'amtAccepted': 25000000}]"
RP 032116 1,2016-03-21,Reverse Repo,,55751000000,"[{'counterpartyType': 'bank', 'amtAccepted': 1500000000}, {'counterpartyType': 'gse', 'amtAccepted': 25100000000}, {'counterpartyType': 'mmf', 'amtAccepted': 29126000000}, {'counterpartyType': 'pd', 'amtAccepted': 25000000}]"
RP 031816 1,2016-03-18,Reverse Repo,,67622000000,"[{'counterpartyType': 'bank', 'amtAccepted': 0}, {'counterpartyType': 'gse', 'amtAccepted': 28800000000}, {'counterpartyType': 'mmf', 'amtAccepted': 37797000000}, {'counterpartyType': 'pd', 'amtAccepted': 1025000000}]"
RP 031716 1,2016-03-17,Reverse Repo,,34869000000,"[{'counterpartyType': 'bank', 'amtAccepted': 1001000000}, {'counterpartyType': 'gse', 'amtAccepted': 1101000000}, {'counterpartyType': 'mmf', 'amtAccepted': 32742000000}, {'counterpartyType': 'pd', 'amtAccepted': 25000000}]"
RP 031616 1,2016-03-16,Reverse Repo,,48389000000,"[{'counterpartyType': 'bank', 'amtAccepted': 1000000}, {'counterpartyType': 'gse', 'amtAccepted': 1250000000}, {'counterpartyType': 'mmf', 'amtAccepted': 47113000000}, {'counterpartyType': 'pd', 'amtAccepted': 25000000}]"
RP 031516 1,2016-03-15,Reverse Repo,,38299000000,"[{'counterpartyType': 'bank', 'amtAccepted': 0}, {'counterpartyType': 'gse', 'amtAccepted': 750000000}, {'counterpartyType': 'mmf', 'amtAccepted': 37524000000}, {'counterpartyType': 'pd', 'amtAccepted': 25000000}]"
RP 031416 1,2016-03-14,Reverse Repo,,40518000000,"[{'counterpartyType': 'bank', 'amtAccepted': 0}, {'counterpartyType': 'gse', 'amtAccepted': 750000000}, {'counterpartyType': 'mmf', 'amtAccepted': 39743000000}, {'counterpartyType': 'pd', 'amtAccepted': 25000000}]"
RP 031116 1,2016-03-11,Reverse Repo,,39730000000,"[{'counterpartyType': 'bank', 'amtAccepted': 1750000000}, {'counterpartyType': 'gse', 'amtAccepted': 750000000}, {'counterpartyType': 'mmf', 'amtAccepted': 37205000000}, {'counterpartyType': 'pd', 'amtAccepted': 25000000}]"
RP 031016 1,2016-03-10,Reverse Repo,,35428000000,"[{'counterpartyType': 'bank', 'amtAccepted': 1000000}, {'counterpartyType': 'gse', 'amtAccepted': 750000000}, {'counterpartyType': 'mmf', 'amtAccepted': 34652000000}, {'counterpartyType': 'pd', 'amtAccepted': 25000000}]"
RP 030916 1,2016-03-09,Reverse Repo,,47346000000,"[{'counterpartyType': 'bank', 'amtAccepted': 0}, {'counterpartyType': 'gse', 'amtAccepted': 950000000}, {'counterpartyType': 'mmf', 'amtAccepted': 46371000000}, {'counterpartyType': 'pd', 'amtAccepted': 25000000}]"
RP 030816 1,2016-03-08,Reverse Repo,,49332000000,"[{'counterpartyType': 'bank', 'amtAccepted': 1000000}, {'counterpartyType': 'gse', 'amtAccepted': 1750000000}, {'counterpartyType': 'mmf', 'amtAccepted': 47556000000}, {'counterpartyType': 'pd', 'amtAccepted': 25000000}]"
RP 030716 1,2016-03-07,Reverse Repo,,53724000000,"[{'counterpartyType': 'bank', 'amtAccepted': 2400000000}, {'counterpartyType': 'gse', 'amtAccepted': 1950000000}, {'counterpartyType': 'mmf', 'amtAccepted': 49349000000}, {'counterpartyType': 'pd', 'amtAccepted': 25000000}]"
RP 030416 1,2016-03-04,Reverse Repo,,51368000000,"[{'counterpartyType': 'bank', 'amtAccepted': 2000000000}, {'counterpartyType': 'gse', 'amtAccepted': 750000000}, {'counterpartyType': 'mmf', 'amtAccepted': 48593000000}, {'counterpartyType': 'pd', 'amtAccepted': 25000000}]"
RP 030316 1,2016-03-03,Reverse Repo,,50384000000,"[{'counterpartyType': 'bank', 'amtAccepted': 1500000000}, {'counterpartyType': 'gse', 'amtAccepted': 1000000000}, {'counterpartyType': 'mmf', 'amtAccepted': 47859000000}, {'counterpartyType': 'pd', 'amtAccepted': 25000000}]"
RP 030216 1,2016-03-02,Reverse Repo,,44546000000,"[{'counterpartyType': 'bank', 'amtAccepted': 10000000}, {'counterpartyType': 'gse', 'amtAccepted': 1000000000}, {'counterpartyType': 'mmf', 'amtAccepted': 43511000000}, {'counterpartyType': 'pd', 'amtAccepted': 25000000}]"
RP 030116 1,2016-03-01,Reverse Repo,,38763000000,"[{'counterpartyType': 'bank', 'amtAccepted': 0}, {'counterpartyType': 'gse', 'amtAccepted': 650000000}, {'counterpartyType': 'mmf', 'amtAccepted': 38088000000}, {'counterpartyType': 'pd', 'amtAccepted': 25000000}]"
RP 022916 1,2016-02-29,Reverse Repo,,94123000000,"[{'counterpartyType': 'bank', 'amtAccepted': 2000000000}, {'counterpartyType': 'gse', 'amtAccepted': 12650000000}, {'counterpartyType': 'mmf', 'amtAccepted': 79448000000}, {'counterpartyType': 'pd', 'amtAccepted': 25000000}]"
RP 022616 1,2016-02-26,Reverse Repo,,56919000000,"[{'counterpartyType': 'bank', 'amtAccepted': 2000000000}, {'counterpartyType': 'gse', 'amtAccepted': 5250000000}, {'counterpartyType': 'mmf', 'amtAccepted': 46569000000}, {'counterpartyType': 'pd', 'amtAccepted': 3100000000}]"
RP 022516 1,2016-02-25,Reverse Repo,,43818000000,"[{'counterpartyType': 'bank', 'amtAccepted': 0}, {'counterpartyType': 'gse', 'amtAccepted': 5000000000}, {'counterpartyType': 'mmf', 'amtAccepted': 38793000000}, {'counterpartyType': 'pd', 'amtAccepted': 25000000}]"
RP 022416 1,2016-02-24,Reverse Repo,,41065000000,"[{'counterpartyType': 'bank', 'amtAccepted': 0}, {'counterpartyType': 'gse', 'amtAccepted': 3750000000}, {'counterpartyType': 'mmf', 'amtAccepted': 37290000000}, {'counterpartyType': 'pd', 'amtAccepted': 25000000}]"
RP 022316 1,2016-02-23,Reverse Repo,,64808000000,"[{'counterpartyType': 'bank', 'amtAccepted': 0}, {'counterpartyType': 'gse', 'amtAccepted': 19950000000}, {'counterpartyType': 'mmf', 'amtAccepted': 44833000000}, {'counterpartyType': 'pd', 'amtAccepted': 25000000}]"
RP 022216 1,2016-02-22,Reverse Repo,,54405000000,"[{'counterpartyType': 'bank', 'amtAccepted': 0}, {'counterpartyType': 'gse', 'amtAccepted': 16450000000}, {'counterpartyType': 'mmf', 'amtAccepted': 37930000000}, {'counterpartyType': 'pd', 'amtAccepted': 25000000}]"
RP 021916 1,2016-02-19,Reverse Repo,,59088000000,"[{'counterpartyType': 'bank', 'amtAccepted': 0}, {'counterpartyType': 'gse', 'amtAccepted': 19450000000}, {'counterpartyType': 'mmf', 'amtAccepted': 39613000000}, {'counterpartyType': 'pd', 'amtAccepted': 25000000}]"
RP 021816 1,2016-02-18,Reverse Repo,,71581000000,"[{'counterpartyType': 'bank', 'amtAccepted': 10000000}, {'counterpartyType': 'gse', 'amtAccepted': 24100000000}, {'counterpartyType': 'mmf', 'amtAccepted': 47446000000}, {'counterpartyType': 'pd', 'amtAccepted': 25000000}]"
RP 021716 1,2016-02-17,Reverse Repo,,52098000000,"[{'counterpartyType': 'bank', 'amtAccepted': 0}, {'counterpartyType': 'gse', 'amtAccepted': 3275000000}, {'counterpartyType': 'mmf', 'amtAccepted': 48798000000}, {'counterpartyType': 'pd', 'amtAccepted': 25000000}]"
RP 021616 1,2016-02-16,Reverse Repo,,34728000000,"[{'counterpartyType': 'bank', 'amtAccepted': 0}, {'counterpartyType': 'gse', 'amtAccepted': 3275000000}, {'counterpartyType': 'mmf', 'amtAccepted': 31428000000}, {'counterpartyType': 'pd', 'amtAccepted': 25000000}]"
RP 021216 1,2016-02-12,Reverse Repo,,35233000000,"[{'counterpartyType': 'bank', 'amtAccepted': 0}, {'counterpartyType': 'gse', 'amtAccepted': 4275000000}, {'counterpartyType': 'mmf', 'amtAccepted': 30933000000}, {'counterpartyType': 'pd', 'amtAccepted': 25000000}]"
RP 021116 1,2016-02-11,Reverse Repo,,44482000000,"[{'counterpartyType': 'bank', 'amtAccepted': 0}, {'counterpartyType': 'gse', 'amtAccepted': 7025000000}, {'counterpartyType': 'mmf', 'amtAccepted': 37432000000}, {'counterpartyType': 'pd', 'amtAccepted': 25000000}]"
RP 021016 1,2016-02-10,Reverse Repo,,47974000000,"[{'counterpartyType': 'bank', 'amtAccepted': 0}, {'counterpartyType': 'gse', 'amtAccepted': 875000000}, {'counterpartyType': 'mmf', 'amtAccepted': 47074000000}, {'counterpartyType': 'pd', 'amtAccepted': 25000000}]"
RP 020916 1,2016-02-09,Reverse Repo,,44123000000,"[{'counterpartyType': 'bank', 'amtAccepted': 0}, {'counterpartyType': 'gse', 'amtAccepted': 475000000}, {'counterpartyType': 'mmf', 'amtAccepted': 43623000000}, {'counterpartyType': 'pd', 'amtAccepted': 25000000}]"
RP 020816 1,2016-02-08,Reverse Repo,,39132000000,"[{'counterpartyType': 'bank', 'amtAccepted': 0}, {'counterpartyType': 'gse', 'amtAccepted': 850000000}, {'counterpartyType': 'mmf', 'amtAccepted': 38257000000}, {'counterpartyType': 'pd', 'amtAccepted': 25000000}]"
RP 020516 1,2016-02-05,Reverse Repo,,50888000000,"[{'counterpartyType': 'bank', 'amtAccepted': 100000000}, {'counterpartyType': 'gse', 'amtAccepted': 275000000}, {'counterpartyType': 'mmf', 'amtAccepted': 50488000000}, {'counterpartyType': 'pd', 'amtAccepted': 25000000}]"
RP 020416 1,2016-02-04,Reverse Repo,,55893000000,"[{'counterpartyType': 'bank', 'amtAccepted': 0}, {'counterpartyType': 'gse', 'amtAccepted': 450000000}, {'counterpartyType': 'mmf', 'amtAccepted': 55418000000}, {'counterpartyType': 'pd', 'amtAccepted': 25000000}]"
RP 020316 1,2016-02-03,Reverse Repo,,62461000000,"[{'counterpartyType': 'bank', 'amtAccepted': 0}, {'counterpartyType': 'gse', 'amtAccepted': 275000000}, {'counterpartyType': 'mmf', 'amtAccepted': 62161000000}, {'counterpartyType': 'pd', 'amtAccepted': 25000000}]"
RP 020216 1,2016-02-02,Reverse Repo,,80127000000,"[{'counterpartyType': 'bank', 'amtAccepted': 0}, {'counterpartyType': 'gse', 'amtAccepted': 275000000}, {'counterpartyType': 'mmf', 'amtAccepted': 79827000000}, {'counterpartyType': 'pd', 'amtAccepted': 25000000}]"
RP 020116 1,2016-02-01,Reverse Repo,,76790000000,"[{'counterpartyType': 'bank', 'amtAccepted': 0}, {'counterpartyType': 'gse', 'amtAccepted': 475000000}, {'counterpartyType': 'mmf', 'amtAccepted': 76290000000}, {'counterpartyType': 'pd', 'amtAccepted': 25000000}]"
RP 012916 1,2016-01-29,Reverse Repo,,114573000000,"[{'counterpartyType': 'bank', 'amtAccepted': 0}, {'counterpartyType': 'gse', 'amtAccepted': 8025000000}, {'counterpartyType': 'mmf', 'amtAccepted': 104048000000}, {'counterpartyType': 'pd', 'amtAccepted': 2500000000}]"
RP 012816 1,2016-01-28,Reverse Repo,,63251000000,"[{'counterpartyType': 'bank', 'amtAccepted': 0}, {'counterpartyType': 'gse', 'amtAccepted': 1375000000}, {'counterpartyType': 'mmf', 'amtAccepted': 61851000000}, {'counterpartyType': 'pd', 'amtAccepted': 25000000}]"
RP 012716 1,2016-01-27,Reverse Repo,,89304000000,"[{'counterpartyType': 'bank', 'amtAccepted': 0}, {'counterpartyType': 'gse', 'amtAccepted': 275000000}, {'counterpartyType': 'mmf', 'amtAccepted': 89004000000}, {'counterpartyType': 'pd', 'amtAccepted': 25000000}]"
RP 012616 1,2016-01-26,Reverse Repo,,83819000000,"[{'counterpartyType': 'bank', 'amtAccepted': 0}, {'counterpartyType': 'gse', 'amtAccepted': 2275000000}, {'counterpartyType': 'mmf', 'amtAccepted': 81519000000}, {'counterpartyType': 'pd', 'amtAccepted': 25000000}]"
RP 012516 1,2016-01-25,Reverse Repo,,80170000000,"[{'counterpartyType': 'bank', 'amtAccepted': 0}, {'counterpartyType': 'gse', 'amtAccepted': 3535000000}, {'counterpartyType': 'mmf', 'amtAccepted': 76610000000}, {'counterpartyType': 'pd', 'amtAccepted': 25000000}]"
RP 012216 1,2016-01-22,Reverse Repo,,60316000000,"[{'counterpartyType': 'bank', 'amtAccepted': 0}, {'counterpartyType': 'gse', 'amtAccepted': 275000000}, {'counterpartyType': 'mmf', 'amtAccepted': 60016000000}, {'counterpartyType': 'pd', 'amtAccepted': 25000000}]"
RP 012116 1,2016-01-21,Reverse Repo,,90440000000,"[{'counterpartyType': 'bank', 'amtAccepted': 0}, {'counterpartyType': 'gse', 'amtAccepted': 17725000000}, {'counterpartyType': 'mmf', 'amtAccepted': 72690000000}, {'counterpartyType': 'pd', 'amtAccepted': 25000000}]"
RP 012016 1,2016-01-20,Reverse Repo,,106627000000,"[{'counterpartyType': 'bank', 'amtAccepted': 0}, {'counterpartyType': 'gse', 'amtAccepted': 11375000000}, {'counterpartyType': 'mmf', 'amtAccepted': 95227000000}, {'counterpartyType': 'pd', 'amtAccepted': 25000000}]"
RP 011916 1,2016-01-19,Reverse Repo,,90221000000,"[{'counterpartyType': 'bank', 'amtAccepted': 0}, {'counterpartyType': 'gse', 'amtAccepted': 10025000000}, {'counterpartyType': 'mmf', 'amtAccepted': 80171000000}, {'counterpartyType': 'pd', 'amtAccepted': 25000000}]"
RP 011516 1,2016-01-15,Reverse Repo,,90534000000,"[{'counterpartyType': 'bank', 'amtAccepted': 0}, {'counterpartyType': 'gse', 'amtAccepted': 9485000000}, {'counterpartyType': 'mmf', 'amtAccepted': 81024000000}, {'counterpartyType': 'pd', 'amtAccepted': 25000000}]"
RP 011416 1,2016-01-14,Reverse Repo,,78422000000,"[{'counterpartyType': 'bank', 'amtAccepted': 0}, {'counterpartyType': 'gse', 'amtAccepted': 275000000}, {'counterpartyType': 'mmf', 'amtAccepted': 78122000000}, {'counterpartyType': 'pd', 'amtAccepted': 25000000}]"
RP 011316 1,2016-01-13,Reverse Repo,,84416000000,"[{'counterpartyType': 'bank', 'amtAccepted': 0}, {'counterpartyType': 'gse', 'amtAccepted': 7275000000}, {'counterpartyType': 'mmf', 'amtAccepted': 77116000000}, {'counterpartyType': 'pd', 'amtAccepted': 25000000}]"
RP 011216 1,2016-01-12,Reverse Repo,,86191000000,"[{'counterpartyType': 'bank', 'amtAccepted': 0}, {'counterpartyType': 'gse', 'amtAccepted': 375000000}, {'counterpartyType': 'mmf', 'amtAccepted': 85791000000}, {'counterpartyType': 'pd', 'amtAccepted': 25000000}]"
RP 011116 1,2016-01-11,Reverse Repo,,97390000000,"[{'counterpartyType': 'bank', 'amtAccepted': 0}, {'counterpartyType': 'gse', 'amtAccepted': 625000000}, {'counterpartyType': 'mmf', 'amtAccepted': 96740000000}, {'counterpartyType': 'pd', 'amtAccepted': 25000000}]"
RP 010816 1,2016-01-08,Reverse Repo,,99971000000,"[{'counterpartyType': 'bank', 'amtAccepted': 0}, {'counterpartyType': 'gse', 'amtAccepted': 1275000000}, {'counterpartyType': 'mmf', 'amtAccepted': 98671000000}, {'counterpartyType': 'pd', 'amtAccepted': 25000000}]"
RP 010716 1,2016-01-07,Reverse Repo,,116843000000,"[{'counterpartyType': 'bank', 'amtAccepted': 0}, {'counterpartyType': 'gse', 'amtAccepted': 2875000000}, {'counterpartyType': 'mmf', 'amtAccepted': 113943000000}, {'counterpartyType': 'pd', 'amtAccepted': 25000000}]"
RP 010616 1,2016-01-06,Reverse Repo,,126584000000,"[{'counterpartyType': 'bank', 'amtAccepted': 0}, {'counterpartyType': 'gse', 'amtAccepted': 8975000000}, {'counterpartyType': 'mmf', 'amtAccepted': 117584000000}, {'counterpartyType': 'pd', 'amtAccepted': 25000000}]"
RP 010516 1,2016-01-05,Reverse Repo,,169615000000,"[{'counterpartyType': 'bank', 'amtAccepted': 0}, {'counterpartyType': 'gse', 'amtAccepted': 9675000000}, {'counterpartyType': 'mmf', 'amtAccepted': 159915000000}, {'counterpartyType': 'pd', 'amtAccepted': 25000000}]"
RP 010416 1,2016-01-04,Reverse Repo,,199670000000,"[{'counterpartyType': 'bank', 'amtAccepted': 0}, {'counterpartyType': 'gse', 'amtAccepted': 13775000000}, {'counterpartyType': 'mmf', 'amtAccepted': 185870000000}, {'counterpartyType': 'pd', 'amtAccepted': 25000000}]"
RP 123115 1,2015-12-31,Reverse Repo,,474591000000,"[{'counterpartyType': 'bank', 'amtAccepted': 0}, {'counterpartyType': 'gse', 'amtAccepted': 50575000000}, {'counterpartyType': 'mmf', 'amtAccepted': 423991000000}, {'counterpartyType': 'pd', 'amtAccepted': 25000000}]"
RP 123015 1,2015-12-30,Reverse Repo,"See announcement from <a href=""http://www.newyorkfed.org/markets/opolicy/operating_policy_151216a.html"" target=""_blank""> December 16, 2015</a>.",0,"[{'counterpartyType': 'bank', 'amtAccepted': 0}, {'counterpartyType': 'gse', 'amtAccepted': 0}, {'counterpartyType': 'mmf', 'amtAccepted': 0}, {'counterpartyType': 'pd', 'amtAccepted': 0}]"
RP 123015 2,2015-12-30,Reverse Repo,,277446000000,"[{'counterpartyType': 'bank', 'amtAccepted': 0}, {'counterpartyType': 'gse', 'amtAccepted': 28025000000}, {'counterpartyType': 'mmf', 'amtAccepted': 249396000000}, {'counterpartyType': 'pd', 'amtAccepted': 25000000}]"
RP 122915 1,2015-12-29,Reverse Repo,,222513000000,"[{'counterpartyType': 'bank', 'amtAccepted': 20000000}, {'counterpartyType': 'gse', 'amtAccepted': 22695000000}, {'counterpartyType': 'mmf', 'amtAccepted': 199773000000}, {'counterpartyType': 'pd', 'amtAccepted': 25000000}]"
RP 122815 1,2015-12-28,Reverse Repo,,177196000000,"[{'counterpartyType': 'bank', 'amtAccepted': 0}, {'counterpartyType': 'gse', 'amtAccepted': 13925000000}, {'counterpartyType': 'mmf', 'amtAccepted': 163246000000}, {'counterpartyType': 'pd', 'amtAccepted': 25000000}]"
RP 122415 1,2015-12-24,Reverse Repo,,161879000000,"[{'counterpartyType': 'bank', 'amtAccepted': 0}, {'counterpartyType': 'gse', 'amtAccepted': 10325000000}, {'counterpartyType': 'mmf', 'amtAccepted': 151529000000}, {'counterpartyType': 'pd', 'amtAccepted': 25000000}]"
RP 122315 2,2015-12-23,Reverse Repo,,178331000000,"[{'counterpartyType': 'bank', 'amtAccepted': 0}, {'counterpartyType': 'gse', 'amtAccepted': 29275000000}, {'counterpartyType': 'mmf', 'amtAccepted': 149031000000}, {'counterpartyType': 'pd', 'amtAccepted': 25000000}]"
RP 122315 1,2015-12-23,Reverse Repo,"See announcement from <a href=""http://www.newyorkfed.org/markets/opolicy/operating_policy_151216a.html"" target=""_blank""> December 16, 2015</a>.",0,"[{'counterpartyType': 'bank', 'amtAccepted': 0}, {'counterpartyType': 'gse', 'amtAccepted': 0}, {'counterpartyType': 'mmf', 'amtAccepted': 0}, {'counterpartyType': 'pd', 'amtAccepted': 0}]"
RP 122215 1,2015-12-22,Reverse Repo,,185350000000,"[{'counterpartyType': 'bank', 'amtAccepted': 10000000}, {'counterpartyType': 'gse', 'amtAccepted': 32725000000}, {'counterpartyType': 'mmf', 'amtAccepted': 152590000000}, {'counterpartyType': 'pd', 'amtAccepted': 25000000}]"
RP 122115 1,2015-12-21,Reverse Repo,,160606000000,"[{'counterpartyType': 'bank', 'amtAccepted': 0}, {'counterpartyType': 'gse', 'amtAccepted': 29875000000}, {'counterpartyType': 'mmf', 'amtAccepted': 130706000000}, {'counterpartyType': 'pd', 'amtAccepted': 25000000}]"
RP 121815 1,2015-12-18,Reverse Repo,"See announcement from <a href=""http://www.newyorkfed.org/markets/opolicy/operating_policy_151216a.html"" target=""_blank""> December 16, 2015</a>.",1000000,"[{'counterpartyType': 'bank', 'amtAccepted': 1000000}, {'counterpartyType': 'gse', 'amtAccepted': 0}, {'counterpartyType': 'mmf', 'amtAccepted': 0}, {'counterpartyType': 'pd', 'amtAccepted': 0}]"
RP 121815 2,2015-12-18,Reverse Repo,,143223000000,"[{'counterpartyType': 'bank', 'amtAccepted': 0}, {'counterpartyType': 'gse', 'amtAccepted': 34525000000}, {'counterpartyType': 'mmf', 'amtAccepted': 108673000000}, {'counterpartyType': 'pd', 'amtAccepted': 25000000}]"
RP 121715 1,2015-12-17,Reverse Repo,,105185000000,"[{'counterpartyType': 'bank', 'amtAccepted': 0}, {'counterpartyType': 'gse', 'amtAccepted': 5975000000}, {'counterpartyType': 'mmf', 'amtAccepted': 99185000000}, {'counterpartyType': 'pd', 'amtAccepted': 25000000}]"
RP 121615 1,2015-12-16,Reverse Repo,"See announcement from <a href=""http://www.newyorkfed.org/markets/opolicy/operating_policy_141212.html"" target=""_blank""> December 12, 2014</a>.",102004000000,"[{'counterpartyType': 'bank', 'amtAccepted': 0}, {'counterpartyType': 'gse', 'amtAccepted': 3575000000}, {'counterpartyType': 'mmf', 'amtAccepted': 98404000000}, {'counterpartyType': 'pd', 'amtAccepted': 25000000}]"
RP 121515 1,2015-12-15,Reverse Repo,"See announcement from <a href=""http://www.newyorkfed.org/markets/opolicy/operating_policy_141212.html"" target=""_blank""> December 12, 2014</a>.",95404000000,"[{'counterpartyType': 'bank', 'amtAccepted': 0}, {'counterpartyType': 'gse', 'amtAccepted': 2825000000}, {'counterpartyType': 'mmf', 'amtAccepted': 92554000000}, {'counterpartyType': 'pd', 'amtAccepted': 25000000}]"
RP 121415 1,2015-12-14,Reverse Repo,"See announcement from <a href=""http://www.newyorkfed.org/markets/opolicy/operating_policy_141212.html"" target=""_blank""> December 12, 2014</a>.",86380000000,"[{'counterpartyType': 'bank', 'amtAccepted': 0}, {'counterpartyType': 'gse', 'amtAccepted': 2775000000}, {'counterpartyType': 'mmf', 'amtAccepted': 83580000000}, {'counterpartyType': 'pd', 'amtAccepted': 25000000}]"
RP 121115 1,2015-12-11,Reverse Repo,"See announcement from <a href=""http://www.newyorkfed.org/markets/opolicy/operating_policy_141212.html"" target=""_blank""> December 12, 2014</a>.",89317000000,"[{'counterpartyType': 'bank', 'amtAccepted': 0}, {'counterpartyType': 'gse', 'amtAccepted': 12875000000}, {'counterpartyType': 'mmf', 'amtAccepted': 76417000000}, {'counterpartyType': 'pd', 'amtAccepted': 25000000}]"
RP 121015 1,2015-12-10,Reverse Repo,"See announcement from <a href=""http://www.newyorkfed.org/markets/opolicy/operating_policy_141212.html"" target=""_blank""> December 12, 2014</a>.",86714000000,"[{'counterpartyType': 'bank', 'amtAccepted': 1000000}, {'counterpartyType': 'gse', 'amtAccepted': 6975000000}, {'counterpartyType': 'mmf', 'amtAccepted': 79713000000}, {'counterpartyType': 'pd', 'amtAccepted': 25000000}]"
RP 120915 1,2015-12-09,Reverse Repo,"See announcement from <a href=""http://www.newyorkfed.org/markets/opolicy/operating_policy_141212.html"" target=""_blank""> December 12, 2014</a>.",87963000000,"[{'counterpartyType': 'bank', 'amtAccepted': 0}, {'counterpartyType': 'gse', 'amtAccepted': 375000000}, {'counterpartyType': 'mmf', 'amtAccepted': 87563000000}, {'counterpartyType': 'pd', 'amtAccepted': 25000000}]"
RP 120815 1,2015-12-08,Reverse Repo,"See announcement from <a href=""http://www.newyorkfed.org/markets/opolicy/operating_policy_141212.html"" target=""_blank""> December 12, 2014</a>.",75817000000,"[{'counterpartyType': 'bank', 'amtAccepted': 1000000}, {'counterpartyType': 'gse', 'amtAccepted': 4625000000}, {'counterpartyType': 'mmf', 'amtAccepted': 71166000000}, {'counterpartyType': 'pd', 'amtAccepted': 25000000}]"
RP 120715 1,2015-12-07,Reverse Repo,"See announcement from <a href=""http://www.newyorkfed.org/markets/opolicy/operating_policy_141212.html"" target=""_blank""> December 12, 2014</a>.",77805000000,"[{'counterpartyType': 'bank', 'amtAccepted': 10000000}, {'counterpartyType': 'gse', 'amtAccepted': 635000000}, {'counterpartyType': 'mmf', 'amtAccepted': 77135000000}, {'counterpartyType': 'pd', 'amtAccepted': 25000000}]"
RP 120415 1,2015-12-04,Reverse Repo,"See announcement from <a href=""http://www.newyorkfed.org/markets/opolicy/operating_policy_141212.html""> December 12, 2014</a>.",69292000000,"[{'counterpartyType': 'bank', 'amtAccepted': 0}, {'counterpartyType': 'gse', 'amtAccepted': 275000000}, {'counterpartyType': 'mmf', 'amtAccepted': 68992000000}, {'counterpartyType': 'pd', 'amtAccepted': 25000000}]"
RP 120315 1,2015-12-03,Reverse Repo,"See announcement from <a href=""http://www.newyorkfed.org/markets/opolicy/operating_policy_141212.html""> December 12, 2014</a>.",74766000000,"[{'counterpartyType': 'bank', 'amtAccepted': 1000000}, {'counterpartyType': 'gse', 'amtAccepted': 275000000}, {'counterpartyType': 'mmf', 'amtAccepted': 74465000000}, {'counterpartyType': 'pd', 'amtAccepted': 25000000}]"
RP 120215 2,2015-12-02,Reverse Repo,"See announcement from <a href=""http://www.newyorkfed.org/markets/opolicy/operating_policy_141212.html""> December 12, 2014</a>.",84184000000,"[{'counterpartyType': 'bank', 'amtAccepted': 1000000}, {'counterpartyType': 'gse', 'amtAccepted': 275000000}, {'counterpartyType': 'mmf', 'amtAccepted': 83883000000}, {'counterpartyType': 'pd', 'amtAccepted': 25000000}]"
RP 120115 1,2015-12-01,Reverse Repo,"See announcement from <a href=""http://www.newyorkfed.org/markets/opolicy/operating_policy_141212.html""> December 12, 2014</a>.",88983000000,"[{'counterpartyType': 'bank', 'amtAccepted': 0}, {'counterpartyType': 'gse', 'amtAccepted': 1775000000}, {'counterpartyType': 'mmf', 'amtAccepted': 87183000000}, {'counterpartyType': 'pd', 'amtAccepted': 25000000}]"
RP 113015 1,2015-11-30,Reverse Repo,"See announcement from <a href=""http://www.newyorkfed.org/markets/opolicy/operating_policy_141212.html""> December 12, 2014</a>.",139594000000,"[{'counterpartyType': 'bank', 'amtAccepted': 20000000}, {'counterpartyType': 'gse', 'amtAccepted': 5625000000}, {'counterpartyType': 'mmf', 'amtAccepted': 133924000000}, {'counterpartyType': 'pd', 'amtAccepted': 25000000}]"
RP 112715 1,2015-11-27,Reverse Repo,"See announcement from <a href=""http://www.newyorkfed.org/markets/opolicy/operating_policy_141212.html""> December 12, 2014</a>.",81785000000,"[{'counterpartyType': 'bank', 'amtAccepted': 0}, {'counterpartyType': 'gse', 'amtAccepted': 1575000000}, {'counterpartyType': 'mmf', 'amtAccepted': 80185000000}, {'counterpartyType': 'pd', 'amtAccepted': 25000000}]"
RP 112515 1,2015-11-25,Reverse Repo,"See announcement from <a href=""http://www.newyorkfed.org/markets/opolicy/operating_policy_141212.html""> December 12, 2014</a>.",100152000000,"[{'counterpartyType': 'bank', 'amtAccepted': 0}, {'counterpartyType': 'gse', 'amtAccepted': 3475000000}, {'counterpartyType': 'mmf', 'amtAccepted': 96652000000}, {'counterpartyType': 'pd', 'amtAccepted': 25000000}]"
RP 112415 1,2015-11-24,Reverse Repo,"See announcement from <a href=""http://www.newyorkfed.org/markets/opolicy/operating_policy_141212.html""> December 12, 2014</a>.",95918000000,"[{'counterpartyType': 'bank', 'amtAccepted': 0}, {'counterpartyType': 'gse', 'amtAccepted': 4075000000}, {'counterpartyType': 'mmf', 'amtAccepted': 91818000000}, {'counterpartyType': 'pd', 'amtAccepted': 25000000}]"
RP 112315 1,2015-11-23,Reverse Repo,"See announcement from <a href=""http://www.newyorkfed.org/markets/opolicy/operating_policy_141212.html""> December 12, 2014</a>.",147598000000,"[{'counterpartyType': 'bank', 'amtAccepted': 2005000000}, {'counterpartyType': 'gse', 'amtAccepted': 30775000000}, {'counterpartyType': 'mmf', 'amtAccepted': 114793000000}, {'counterpartyType': 'pd', 'amtAccepted': 25000000}]"
RP 112015 1,2015-11-20,Reverse Repo,"See announcement from <a href=""http://www.newyorkfed.org/markets/opolicy/operating_policy_141212.html""> December 12, 2014</a>.",122990000000,"[{'counterpartyType': 'bank', 'amtAccepted': 2520000000}, {'counterpartyType': 'gse', 'amtAccepted': 30225000000}, {'counterpartyType': 'mmf', 'amtAccepted': 90220000000}, {'counterpartyType': 'pd', 'amtAccepted': 25000000}]"
RP 111915 1,2015-11-19,Reverse Repo,"See announcement from <a href=""http://www.newyorkfed.org/markets/opolicy/operating_policy_141212.html""> December 12, 2014</a>.",120822000000,"[{'counterpartyType': 'bank', 'amtAccepted': 3710000000}, {'counterpartyType': 'gse', 'amtAccepted': 35400000000}, {'counterpartyType': 'mmf', 'amtAccepted': 81687000000}, {'counterpartyType': 'pd', 'amtAccepted': 25000000}]"
RP 111815 1,2015-11-18,Reverse Repo,"See announcement from <a href=""http://www.newyorkfed.org/markets/opolicy/operating_policy_141212.html""> December 12, 2014</a>.",121961000000,"[{'counterpartyType': 'bank', 'amtAccepted': 3505000000}, {'counterpartyType': 'gse', 'amtAccepted': 33725000000}, {'counterpartyType': 'mmf', 'amtAccepted': 84706000000}, {'counterpartyType': 'pd', 'amtAccepted': 25000000}]"
RP 111715 1,2015-11-17,Reverse Repo,"See announcement from <a href=""http://www.newyorkfed.org/markets/opolicy/operating_policy_141212.html""> December 12, 2014</a>.",86157000000,"[{'counterpartyType': 'bank', 'amtAccepted': 2000000}, {'counterpartyType': 'gse', 'amtAccepted': 1475000000}, {'counterpartyType': 'mmf', 'amtAccepted': 84655000000}, {'counterpartyType': 'pd', 'amtAccepted': 25000000}]"
RP 111615 1,2015-11-16,Reverse Repo,"See announcement from <a href=""http://www.newyorkfed.org/markets/opolicy/operating_policy_141212.html""> December 12, 2014</a>.",67873000000,"[{'counterpartyType': 'bank', 'amtAccepted': 1000000}, {'counterpartyType': 'gse', 'amtAccepted': 1875000000}, {'counterpartyType': 'mmf', 'amtAccepted': 65972000000}, {'counterpartyType': 'pd', 'amtAccepted': 25000000}]"
RP 111315 1,2015-11-13,Reverse Repo,"See announcement from <a href=""http://www.newyorkfed.org/markets/opolicy/operating_policy_141212.html""> December 12, 2014</a>.",60117000000,"[{'counterpartyType': 'bank', 'amtAccepted': 0}, {'counterpartyType': 'gse', 'amtAccepted': 2375000000}, {'counterpartyType': 'mmf', 'amtAccepted': 57717000000}, {'counterpartyType': 'pd', 'amtAccepted': 25000000}]"
RP 111215 1,2015-11-12,Reverse Repo,"See announcement from <a href=""http://www.newyorkfed.org/markets/opolicy/operating_policy_141212.html""> December 12, 2014</a>.",73228000000,"[{'counterpartyType': 'bank', 'amtAccepted': 0}, {'counterpartyType': 'gse', 'amtAccepted': 7275000000}, {'counterpartyType': 'mmf', 'amtAccepted': 65928000000}, {'counterpartyType': 'pd', 'amtAccepted': 25000000}]"
RP 111015 1,2015-11-10,Reverse Repo,"See announcement from <a href=""http://www.newyorkfed.org/markets/opolicy/operating_policy_141212.html""> December 12, 2014</a>.",83130000000,"[{'counterpartyType': 'bank', 'amtAccepted': 1000000}, {'counterpartyType': 'gse', 'amtAccepted': 625000000}, {'counterpartyType': 'mmf', 'amtAccepted': 82479000000}, {'counterpartyType': 'pd', 'amtAccepted': 25000000}]"
RP 110915 1,2015-11-09,Reverse Repo,"See announcement from <a href=""http://www.newyorkfed.org/markets/opolicy/operating_policy_141212.html""> December 12, 2014</a>.",80894000000,"[{'counterpartyType': 'bank', 'amtAccepted': 1000000}, {'counterpartyType': 'gse', 'amtAccepted': 1225000000}, {'counterpartyType': 'mmf', 'amtAccepted': 79643000000}, {'counterpartyType': 'pd', 'amtAccepted': 25000000}]"
RP 110615 1,2015-11-06,Reverse Repo,"See announcement from <a href=""http://www.newyorkfed.org/markets/opolicy/operating_policy_141212.html""> December 12, 2014</a>.",70435000000,"[{'counterpartyType': 'bank', 'amtAccepted': 0}, {'counterpartyType': 'gse', 'amtAccepted': 625000000}, {'counterpartyType': 'mmf', 'amtAccepted': 69785000000}, {'counterpartyType': 'pd', 'amtAccepted': 25000000}]"
RP 110515 1,2015-11-05,Reverse Repo,"See announcement from <a href=""http://www.newyorkfed.org/markets/opolicy/operating_policy_141212.html""> December 12, 2014</a>.",87664000000,"[{'counterpartyType': 'bank', 'amtAccepted': 0}, {'counterpartyType': 'gse', 'amtAccepted': 1025000000}, {'counterpartyType': 'mmf', 'amtAccepted': 86614000000}, {'counterpartyType': 'pd', 'amtAccepted': 25000000}]"
RP 110415 1,2015-11-04,Reverse Repo,"See announcement from <a href=""http://www.newyorkfed.org/markets/opolicy/operating_policy_141212.html""> December 12, 2014</a>.",107406000000,"[{'counterpartyType': 'bank', 'amtAccepted': 0}, {'counterpartyType': 'gse', 'amtAccepted': 3025000000}, {'counterpartyType': 'mmf', 'amtAccepted': 104356000000}, {'counterpartyType': 'pd', 'amtAccepted': 25000000}]"
RP 110315 1,2015-11-03,Reverse Repo,"See announcement from <a href=""http://www.newyorkfed.org/markets/opolicy/operating_policy_141212.html""> December 12, 2014</a>.",117622000000,"[{'counterpartyType': 'bank', 'amtAccepted': 1000000}, {'counterpartyType': 'gse', 'amtAccepted': 5675000000}, {'counterpartyType': 'mmf', 'amtAccepted': 111921000000}, {'counterpartyType': 'pd', 'amtAccepted': 25000000}]"
RP 110215 1,2015-11-02,Reverse Repo,"See announcement from <a href=""http://www.newyorkfed.org/markets/opolicy/operating_policy_141212.html""> December 12, 2014</a>.",132234000000,"[{'counterpartyType': 'bank', 'amtAccepted': 0}, {'counterpartyType': 'gse', 'amtAccepted': 4275000000}, {'counterpartyType': 'mmf', 'amtAccepted': 127934000000}, {'counterpartyType': 'pd', 'amtAccepted': 25000000}]"
RP 103015 1,2015-10-30,Reverse Repo,"See announcement from <a href=""http://www.newyorkfed.org/markets/opolicy/operating_policy_141212.html""> December 12, 2014</a>.",225326000000,"[{'counterpartyType': 'bank', 'amtAccepted': 6000000000}, {'counterpartyType': 'gse', 'amtAccepted': 21775000000}, {'counterpartyType': 'mmf', 'amtAccepted': 188401000000}, {'counterpartyType': 'pd', 'amtAccepted': 9150000000}]"
RP 102915 1,2015-10-29,Reverse Repo,"See announcement from <a href=""http://www.newyorkfed.org/markets/opolicy/operating_policy_141212.html""> December 12, 2014</a>.",172839000000,"[{'counterpartyType': 'bank', 'amtAccepted': 1500000000}, {'counterpartyType': 'gse', 'amtAccepted': 13325000000}, {'counterpartyType': 'mmf', 'amtAccepted': 157989000000}, {'counterpartyType': 'pd', 'amtAccepted': 25000000}]"
RP 102815 1,2015-10-28,Reverse Repo,"See announcement from <a href=""http://www.newyorkfed.org/markets/opolicy/operating_policy_141212.html""> December 12, 2014</a>.",155316000000,"[{'counterpartyType': 'bank', 'amtAccepted': 0}, {'counterpartyType': 'gse', 'amtAccepted': 9675000000}, {'counterpartyType': 'mmf', 'amtAccepted': 145616000000}, {'counterpartyType': 'pd', 'amtAccepted': 25000000}]"
RP 102715 1,2015-10-27,Reverse Repo,"See announcement from <a href=""http://www.newyorkfed.org/markets/opolicy/operating_policy_141212.html""> December 12, 2014</a>.",150968000000,"[{'counterpartyType': 'bank', 'amtAccepted': 0}, {'counterpartyType': 'gse', 'amtAccepted': 12500000000}, {'counterpartyType': 'mmf', 'amtAccepted': 138443000000}, {'counterpartyType': 'pd', 'amtAccepted': 25000000}]"
RP 102615 1,2015-10-26,Reverse Repo,"See announcement from <a href=""http://www.newyorkfed.org/markets/opolicy/operating_policy_141212.html""> December 12, 2014</a>.",134597000000,"[{'counterpartyType': 'bank', 'amtAccepted': 500000000}, {'counterpartyType': 'gse', 'amtAccepted': 10875000000}, {'counterpartyType': 'mmf', 'amtAccepted': 123197000000}, {'counterpartyType': 'pd', 'amtAccepted': 25000000}]"
RP 102315 1,2015-10-23,Reverse Repo,"See announcement from <a href=""http://www.newyorkfed.org/markets/opolicy/operating_policy_141212.html""> December 12, 2014</a>.",125635000000,"[{'counterpartyType': 'bank', 'amtAccepted': 0}, {'counterpartyType': 'gse', 'amtAccepted': 6775000000}, {'counterpartyType': 'mmf', 'amtAccepted': 118835000000}, {'counterpartyType': 'pd', 'amtAccepted': 25000000}]"
RP 102215 1,2015-10-22,Reverse Repo,"See announcement from <a href=""http://www.newyorkfed.org/markets/opolicy/operating_policy_141212.html""> December 12, 2014</a>.",152870000000,"[{'counterpartyType': 'bank', 'amtAccepted': 1001000000}, {'counterpartyType': 'gse', 'amtAccepted': 35175000000}, {'counterpartyType': 'mmf', 'amtAccepted': 114269000000}, {'counterpartyType': 'pd', 'amtAccepted': 2425000000}]"
RP 102115 1,2015-10-21,Reverse Repo,"See announcement from <a href=""http://www.newyorkfed.org/markets/opolicy/operating_policy_141212.html""> December 12, 2014</a>.",151082000000,"[{'counterpartyType': 'bank', 'amtAccepted': 1001000000}, {'counterpartyType': 'gse', 'amtAccepted': 38075000000}, {'counterpartyType': 'mmf', 'amtAccepted': 109981000000}, {'counterpartyType': 'pd', 'amtAccepted': 2025000000}]"
RP 102015 1,2015-10-20,Reverse Repo,"See announcement from <a href=""http://www.newyorkfed.org/markets/opolicy/operating_policy_141212.html""> December 12, 2014</a>.",146257000000,"[{'counterpartyType': 'bank', 'amtAccepted': 0}, {'counterpartyType': 'gse', 'amtAccepted': 40625000000}, {'counterpartyType': 'mmf', 'amtAccepted': 105607000000}, {'counterpartyType': 'pd', 'amtAccepted': 25000000}]"
RP 101915 1,2015-10-19,Reverse Repo,"See announcement from <a href=""http://www.newyorkfed.org/markets/opolicy/operating_policy_141212.html""> December 12, 2014</a>.",136360000000,"[{'counterpartyType': 'bank', 'amtAccepted': 1000000000}, {'counterpartyType': 'gse', 'amtAccepted': 32205000000}, {'counterpartyType': 'mmf', 'amtAccepted': 103130000000}, {'counterpartyType': 'pd', 'amtAccepted': 25000000}]"
RP 101615 1,2015-10-16,Reverse Repo,"See announcement from <a href=""http://www.newyorkfed.org/markets/opolicy/operating_policy_141212.html""> December 12, 2014</a>.",123637000000,"[{'counterpartyType': 'bank', 'amtAccepted': 1250000000}, {'counterpartyType': 'gse', 'amtAccepted': 23225000000}, {'counterpartyType': 'mmf', 'amtAccepted': 99137000000}, {'counterpartyType': 'pd', 'amtAccepted': 25000000}]"
RP 101515 1,2015-10-15,Reverse Repo,"See announcement from <a href=""http://www.newyorkfed.org/markets/opolicy/operating_policy_141212.html""> December 12, 2014</a>.",100247000000,"[{'counterpartyType': 'bank', 'amtAccepted': 1000000000}, {'counterpartyType': 'gse', 'amtAccepted': 3175000000}, {'counterpartyType': 'mmf', 'amtAccepted': 96047000000}, {'counterpartyType': 'pd', 'amtAccepted': 25000000}]"
RP 101415 1,2015-10-14,Reverse Repo,"See announcement from <a href=""http://www.newyorkfed.org/markets/opolicy/operating_policy_141212.html""> December 12, 2014</a>.",90184000000,"[{'counterpartyType': 'bank', 'amtAccepted': 0}, {'counterpartyType': 'gse', 'amtAccepted': 3375000000}, {'counterpartyType': 'mmf', 'amtAccepted': 86784000000}, {'counterpartyType': 'pd', 'amtAccepted': 25000000}]"
RP 101315 1,2015-10-13,Reverse Repo,"See announcement from <a href=""http://www.newyorkfed.org/markets/opolicy/operating_policy_141212.html""> December 12, 2014</a>.",105728000000,"[{'counterpartyType': 'bank', 'amtAccepted': 10000000}, {'counterpartyType': 'gse', 'amtAccepted': 3275000000}, {'counterpartyType': 'mmf', 'amtAccepted': 102418000000}, {'counterpartyType': 'pd', 'amtAccepted': 25000000}]"
RP 100915 1,2015-10-09,Reverse Repo,"See announcement from <a href=""http://www.newyorkfed.org/markets/opolicy/operating_policy_141212.html""> December 12, 2014</a>.",109367000000,"[{'counterpartyType': 'bank', 'amtAccepted': 0}, {'counterpartyType': 'gse', 'amtAccepted': 1875000000}, {'counterpartyType': 'mmf', 'amtAccepted': 107467000000}, {'counterpartyType': 'pd', 'amtAccepted': 25000000}]"
RP 100815 1,2015-10-08,Reverse Repo,"See announcement from <a href=""http://www.newyorkfed.org/markets/opolicy/operating_policy_141212.html""> December 12, 2014</a>.",121144000000,"[{'counterpartyType': 'bank', 'amtAccepted': 5000000}, {'counterpartyType': 'gse', 'amtAccepted': 3525000000}, {'counterpartyType': 'mmf', 'amtAccepted': 117589000000}, {'counterpartyType': 'pd', 'amtAccepted': 25000000}]"
RP 100715 1,2015-10-07,Reverse Repo,"See announcement from <a href=""http://www.newyorkfed.org/markets/opolicy/operating_policy_141212.html""> December 12, 2014</a>.",115434000000,"[{'counterpartyType': 'bank', 'amtAccepted': 10000000}, {'counterpartyType': 'gse', 'amtAccepted': 4725000000}, {'counterpartyType': 'mmf', 'amtAccepted': 110674000000}, {'counterpartyType': 'pd', 'amtAccepted': 25000000}]"
RP 100615 1,2015-10-06,Reverse Repo,"See announcement from <a href=""http://www.newyorkfed.org/markets/opolicy/operating_policy_141212.html""> December 12, 2014</a>.",130247000000,"[{'counterpartyType': 'bank', 'amtAccepted': 10000000}, {'counterpartyType': 'gse', 'amtAccepted': 3475000000}, {'counterpartyType': 'mmf', 'amtAccepted': 126737000000}, {'counterpartyType': 'pd', 'amtAccepted': 25000000}]"
RP 100515 1,2015-10-05,Reverse Repo,"See announcement from <a href=""http://www.newyorkfed.org/markets/opolicy/operating_policy_141212.html""> December 12, 2014</a>.",156558000000,"[{'counterpartyType': 'bank', 'amtAccepted': 0}, {'counterpartyType': 'gse', 'amtAccepted': 5175000000}, {'counterpartyType': 'mmf', 'amtAccepted': 151358000000}, {'counterpartyType': 'pd', 'amtAccepted': 25000000}]"
RP 100215 1,2015-10-02,Reverse Repo,"See announcement from <a href=""http://www.newyorkfed.org/markets/opolicy/operating_policy_141212.html""> December 12, 2014</a>.",173162000000,"[{'counterpartyType': 'bank', 'amtAccepted': 3000000000}, {'counterpartyType': 'gse', 'amtAccepted': 8575000000}, {'counterpartyType': 'mmf', 'amtAccepted': 160062000000}, {'counterpartyType': 'pd', 'amtAccepted': 1525000000}]"
RP 100115 1,2015-10-01,Reverse Repo,"See announcement from <a href=""http://www.newyorkfed.org/markets/opolicy/operating_policy_141212.html""> December 12, 2014</a>.",75143000000,"[{'counterpartyType': 'bank', 'amtAccepted': 0}, {'counterpartyType': 'gse', 'amtAccepted': 275000000}, {'counterpartyType': 'mmf', 'amtAccepted': 74843000000}, {'counterpartyType': 'pd', 'amtAccepted': 25000000}]"
RP 093015 2,2015-09-30,Reverse Repo,"See announcement from <a href=""http://www.newyorkfed.org/markets/opolicy/operating_policy_141212.html""> December 12, 2014</a>.",199614000000,"[{'counterpartyType': 'bank', 'amtAccepted': 20000000}, {'counterpartyType': 'gse', 'amtAccepted': 29200000000}, {'counterpartyType': 'mmf', 'amtAccepted': 170369000000}, {'counterpartyType': 'pd', 'amtAccepted': 25000000}]"
RP 093015 1,2015-09-30,Reverse Repo,"See announcement from <a href=""http://www.newyorkfed.org/markets/opolicy/operating_policy_150922.html""> September 22, 2015</a>.",150000000000,"[{'counterpartyType': 'bank', 'amtAccepted': 0}, {'counterpartyType': 'gse', 'amtAccepted': 3500000000}, {'counterpartyType': 'mmf', 'amtAccepted': 146500000000}, {'counterpartyType': 'pd', 'amtAccepted': 0}]"
RP 092915 1,2015-09-29,Reverse Repo,"See announcement from <a href=""http://www.newyorkfed.org/markets/opolicy/operating_policy_141212.html""> December 12, 2014</a>.",122860000000,"[{'counterpartyType': 'bank', 'amtAccepted': 10000000}, {'counterpartyType': 'gse', 'amtAccepted': 10625000000}, {'counterpartyType': 'mmf', 'amtAccepted': 112200000000}, {'counterpartyType': 'pd', 'amtAccepted': 25000000}]"
RP 092815 1,2015-09-28,Reverse Repo,"See announcement from <a href=""http://www.newyorkfed.org/markets/opolicy/operating_policy_141212.html""> December 12, 2014</a>.",101855000000,"[{'counterpartyType': 'bank', 'amtAccepted': 0}, {'counterpartyType': 'gse', 'amtAccepted': 7725000000}, {'counterpartyType': 'mmf', 'amtAccepted': 94105000000}, {'counterpartyType': 'pd', 'amtAccepted': 25000000}]"
RP 092515 1,2015-09-25,Reverse Repo,"See announcement from <a href=""http://www.newyorkfed.org/markets/opolicy/operating_policy_141212.html""> December 12, 2014</a>.",63966000000,"[{'counterpartyType': 'bank', 'amtAccepted': 0}, {'counterpartyType': 'gse', 'amtAccepted': 2775000000}, {'counterpartyType': 'mmf', 'amtAccepted': 61166000000}, {'counterpartyType': 'pd', 'amtAccepted': 25000000}]"
RP 092415 1,2015-09-24,Reverse Repo,"See announcement from <a href=""http://www.newyorkfed.org/markets/opolicy/operating_policy_150922.html""> September 22, 2015</a>.",100000000000,"[{'counterpartyType': 'bank', 'amtAccepted': 0}, {'counterpartyType': 'gse', 'amtAccepted': 2454000000}, {'counterpartyType': 'mmf', 'amtAccepted': 97546000000}, {'counterpartyType': 'pd', 'amtAccepted': 0}]"
RP 092415 2,2015-09-24,Reverse Repo,"See announcement from <a href=""http://www.newyorkfed.org/markets/opolicy/operating_policy_141212.html""> December 12, 2014</a>.",45671000000,"[{'counterpartyType': 'bank', 'amtAccepted': 0}, {'counterpartyType': 'gse', 'amtAccepted': 2525000000}, {'counterpartyType': 'mmf', 'amtAccepted': 43121000000}, {'counterpartyType': 'pd', 'amtAccepted': 25000000}]"
RP 092315 1,2015-09-23,Reverse Repo,"See announcement from <a href=""http://www.newyorkfed.org/markets/opolicy/operating_policy_141212.html""> December 12, 2014</a>.",144297000000,"[{'counterpartyType': 'bank', 'amtAccepted': 205000000}, {'counterpartyType': 'gse', 'amtAccepted': 34525000000}, {'counterpartyType': 'mmf', 'amtAccepted': 109542000000}, {'counterpartyType': 'pd', 'amtAccepted': 25000000}]"
RP 092215 1,2015-09-22,Reverse Repo,"See announcement from <a href=""http://www.newyorkfed.org/markets/opolicy/operating_policy_141212.html""> December 12, 2014</a>.",139476000000,"[{'counterpartyType': 'bank', 'amtAccepted': 505000000}, {'counterpartyType': 'gse', 'amtAccepted': 34025000000}, {'counterpartyType': 'mmf', 'amtAccepted': 104921000000}, {'counterpartyType': 'pd', 'amtAccepted': 25000000}]"
RP 092115 1,2015-09-21,Reverse Repo,"See announcement from <a href=""http://www.newyorkfed.org/markets/opolicy/operating_policy_141212.html""> December 12, 2014</a>.",134575000000,"[{'counterpartyType': 'bank', 'amtAccepted': 110000000}, {'counterpartyType': 'gse', 'amtAccepted': 34175000000}, {'counterpartyType': 'mmf', 'amtAccepted': 100265000000}, {'counterpartyType': 'pd', 'amtAccepted': 25000000}]"
RP 091815 1,2015-09-18,Reverse Repo,"See announcement from <a href=""http://www.newyorkfed.org/markets/opolicy/operating_policy_141212.html""> December 12, 2014</a>.",131757000000,"[{'counterpartyType': 'bank', 'amtAccepted': 0}, {'counterpartyType': 'gse', 'amtAccepted': 35275000000}, {'counterpartyType': 'mmf', 'amtAccepted': 96457000000}, {'counterpartyType': 'pd', 'amtAccepted': 25000000}]"
RP 091715 1,2015-09-17,Reverse Repo,"See announcement from <a href=""http://www.newyorkfed.org/markets/opolicy/operating_policy_141212.html""> December 12, 2014</a>.",106254000000,"[{'counterpartyType': 'bank', 'amtAccepted': 0}, {'counterpartyType': 'gse', 'amtAccepted': 275000000}, {'counterpartyType': 'mmf', 'amtAccepted': 105954000000}, {'counterpartyType': 'pd', 'amtAccepted': 25000000}]"
RP 091615 1,2015-09-16,Reverse Repo,"See announcement from <a href=""http://www.newyorkfed.org/markets/opolicy/operating_policy_141212.html""> December 12, 2014</a>.",82181000000,"[{'counterpartyType': 'bank', 'amtAccepted': 0}, {'counterpartyType': 'gse', 'amtAccepted': 375000000}, {'counterpartyType': 'mmf', 'amtAccepted': 81781000000}, {'counterpartyType': 'pd', 'amtAccepted': 25000000}]"
RP 091515 1,2015-09-15,Reverse Repo,"See announcement from <a href=""http://www.newyorkfed.org/markets/opolicy/operating_policy_141212.html""> December 12, 2014</a>.",73117000000,"[{'counterpartyType': 'bank', 'amtAccepted': 0}, {'counterpartyType': 'gse', 'amtAccepted': 275000000}, {'counterpartyType': 'mmf', 'amtAccepted': 72817000000}, {'counterpartyType': 'pd', 'amtAccepted': 25000000}]"
RP 091415 1,2015-09-14,Reverse Repo,"See announcement from <a href=""http://www.newyorkfed.org/markets/opolicy/operating_policy_141212.html""> December 12, 2014</a>.",72809000000,"[{'counterpartyType': 'bank', 'amtAccepted': 0}, {'counterpartyType': 'gse', 'amtAccepted': 2175000000}, {'counterpartyType': 'mmf', 'amtAccepted': 70609000000}, {'counterpartyType': 'pd', 'amtAccepted': 25000000}]"
RP 091115 1,2015-09-11,Reverse Repo,"See announcement from <a href=""http://www.newyorkfed.org/markets/opolicy/operating_policy_141212.html""> December 12, 2014</a>.",70782000000,"[{'counterpartyType': 'bank', 'amtAccepted': 0}, {'counterpartyType': 'gse', 'amtAccepted': 1275000000}, {'counterpartyType': 'mmf', 'amtAccepted': 69482000000}, {'counterpartyType': 'pd', 'amtAccepted': 25000000}]"
RP 091015 1,2015-09-10,Reverse Repo,"See announcement from <a href=""http://www.newyorkfed.org/markets/opolicy/operating_policy_141212.html""> December 12, 2014</a>.",66083000000,"[{'counterpartyType': 'bank', 'amtAccepted': 0}, {'counterpartyType': 'gse', 'amtAccepted': 1275000000}, {'counterpartyType': 'mmf', 'amtAccepted': 64783000000}, {'counterpartyType': 'pd', 'amtAccepted': 25000000}]"
RP 090915 1,2015-09-09,Reverse Repo,"See announcement from <a href=""http://www.newyorkfed.org/markets/opolicy/operating_policy_141212.html""> December 12, 2014</a>.",68129000000,"[{'counterpartyType': 'bank', 'amtAccepted': 0}, {'counterpartyType': 'gse', 'amtAccepted': 775000000}, {'counterpartyType': 'mmf', 'amtAccepted': 67329000000}, {'counterpartyType': 'pd', 'amtAccepted': 25000000}]"
RP 090815 1,2015-09-08,Reverse Repo,"See announcement from <a href=""http://www.newyorkfed.org/markets/opolicy/operating_policy_141212.html""> December 12, 2014</a>.",66694000000,"[{'counterpartyType': 'bank', 'amtAccepted': 0}, {'counterpartyType': 'gse', 'amtAccepted': 375000000}, {'counterpartyType': 'mmf', 'amtAccepted': 66294000000}, {'counterpartyType': 'pd', 'amtAccepted': 25000000}]"
RP 090415 1,2015-09-04,Reverse Repo,"See announcement from <a href=""http://www.newyorkfed.org/markets/opolicy/operating_policy_141212.html""> December 12, 2014</a>.",64428000000,"[{'counterpartyType': 'bank', 'amtAccepted': 0}, {'counterpartyType': 'gse', 'amtAccepted': 575000000}, {'counterpartyType': 'mmf', 'amtAccepted': 63828000000}, {'counterpartyType': 'pd', 'amtAccepted': 25000000}]"
RP 090315 1,2015-09-03,Reverse Repo,"See announcement from <a href=""http://www.newyorkfed.org/markets/opolicy/operating_policy_141212.html""> December 12, 2014</a>.",67183000000,"[{'counterpartyType': 'bank', 'amtAccepted': 0}, {'counterpartyType': 'gse', 'amtAccepted': 776000000}, {'counterpartyType': 'mmf', 'amtAccepted': 66382000000}, {'counterpartyType': 'pd', 'amtAccepted': 25000000}]"
RP 090215 1,2015-09-02,Reverse Repo,"See announcement from <a href=""http://www.newyorkfed.org/markets/opolicy/operating_policy_141212.html""> December 12, 2014</a>.",70330000000,"[{'counterpartyType': 'bank', 'amtAccepted': 0}, {'counterpartyType': 'gse', 'amtAccepted': 775000000}, {'counterpartyType': 'mmf', 'amtAccepted': 69530000000}, {'counterpartyType': 'pd', 'amtAccepted': 25000000}]"
RP 090115 1,2015-09-01,Reverse Repo,"See announcement from <a href=""http://www.newyorkfed.org/markets/opolicy/operating_policy_141212.html""> December 12, 2014</a>.",84778000000,"[{'counterpartyType': 'bank', 'amtAccepted': 0}, {'counterpartyType': 'gse', 'amtAccepted': 575000000}, {'counterpartyType': 'mmf', 'amtAccepted': 84178000000}, {'counterpartyType': 'pd', 'amtAccepted': 25000000}]"
RP 083115 1,2015-08-31,Reverse Repo,"See announcement from <a href=""http://www.newyorkfed.org/markets/opolicy/operating_policy_141212.html""> December 12, 2014</a>.",149694000000,"[{'counterpartyType': 'bank', 'amtAccepted': 0}, {'counterpartyType': 'gse', 'amtAccepted': 5775000000}, {'counterpartyType': 'mmf', 'amtAccepted': 143894000000}, {'counterpartyType': 'pd', 'amtAccepted': 25000000}]"
RP 082815 1,2015-08-28,Reverse Repo,"See announcement from <a href=""http://www.newyorkfed.org/markets/opolicy/operating_policy_141212.html""> December 12, 2014</a>.",73547000000,"[{'counterpartyType': 'bank', 'amtAccepted': 0}, {'counterpartyType': 'gse', 'amtAccepted': 575000000}, {'counterpartyType': 'mmf', 'amtAccepted': 72947000000}, {'counterpartyType': 'pd', 'amtAccepted': 25000000}]"
RP 082715 1,2015-08-27,Reverse Repo,"See announcement from <a href=""http://www.newyorkfed.org/markets/opolicy/operating_policy_141212.html""> December 12, 2014</a>.",71312000000,"[{'counterpartyType': 'bank', 'amtAccepted': 0}, {'counterpartyType': 'gse', 'amtAccepted': 575000000}, {'counterpartyType': 'mmf', 'amtAccepted': 70712000000}, {'counterpartyType': 'pd', 'amtAccepted': 25000000}]"
RP 082615 1,2015-08-26,Reverse Repo,"See announcement from <a href=""http://www.newyorkfed.org/markets/opolicy/operating_policy_141212.html""> December 12, 2014</a>.",68719000000,"[{'counterpartyType': 'bank', 'amtAccepted': 0}, {'counterpartyType': 'gse', 'amtAccepted': 1075000000}, {'counterpartyType': 'mmf', 'amtAccepted': 67619000000}, {'counterpartyType': 'pd', 'amtAccepted': 25000000}]"
RP 082515 1,2015-08-25,Reverse Repo,"See announcement from <a href=""http://www.newyorkfed.org/markets/opolicy/operating_policy_141212.html""> December 12, 2014</a>.",73165000000,"[{'counterpartyType': 'bank', 'amtAccepted': 0}, {'counterpartyType': 'gse', 'amtAccepted': 3175000000}, {'counterpartyType': 'mmf', 'amtAccepted': 69965000000}, {'counterpartyType': 'pd', 'amtAccepted': 25000000}]"
RP 082415 1,2015-08-24,Reverse Repo,"See announcement from <a href=""http://www.newyorkfed.org/markets/opolicy/operating_policy_141212.html""> December 12, 2014</a>.",73813000000,"[{'counterpartyType': 'bank', 'amtAccepted': 0}, {'counterpartyType': 'gse', 'amtAccepted': 2775000000}, {'counterpartyType': 'mmf', 'amtAccepted': 71013000000}, {'counterpartyType': 'pd', 'amtAccepted': 25000000}]"
RP 082115 1,2015-08-21,Reverse Repo,"See announcement from <a href=""http://www.newyorkfed.org/markets/opolicy/operating_policy_141212.html""> December 12, 2014</a>.",92353000000,"[{'counterpartyType': 'bank', 'amtAccepted': 1000000000}, {'counterpartyType': 'gse', 'amtAccepted': 18075000000}, {'counterpartyType': 'mmf', 'amtAccepted': 73253000000}, {'counterpartyType': 'pd', 'amtAccepted': 25000000}]"
RP 082015 1,2015-08-20,Reverse Repo,"See announcement from <a href=""http://www.newyorkfed.org/markets/opolicy/operating_policy_141212.html""> December 12, 2014</a>.",93262000000,"[{'counterpartyType': 'bank', 'amtAccepted': 0}, {'counterpartyType': 'gse', 'amtAccepted': 20025000000}, {'counterpartyType': 'mmf', 'amtAccepted': 73212000000}, {'counterpartyType': 'pd', 'amtAccepted': 25000000}]"
RP 081915 1,2015-08-19,Reverse Repo,"See announcement from <a href=""http://www.newyorkfed.org/markets/opolicy/operating_policy_141212.html""> December 12, 2014</a>.",84360000000,"[{'counterpartyType': 'bank', 'amtAccepted': 0}, {'counterpartyType': 'gse', 'amtAccepted': 18775000000}, {'counterpartyType': 'mmf', 'amtAccepted': 65560000000}, {'counterpartyType': 'pd', 'amtAccepted': 25000000}]"
RP 081815 1,2015-08-18,Reverse Repo,"See announcement from <a href=""http://www.newyorkfed.org/markets/opolicy/operating_policy_141212.html""> December 12, 2014</a>.",88144000000,"[{'counterpartyType': 'bank', 'amtAccepted': 0}, {'counterpartyType': 'gse', 'amtAccepted': 18375000000}, {'counterpartyType': 'mmf', 'amtAccepted': 69744000000}, {'counterpartyType': 'pd', 'amtAccepted': 25000000}]"
RP 081715 1,2015-08-17,Reverse Repo,"See announcement from <a href=""http://www.newyorkfed.org/markets/opolicy/operating_policy_141212.html""> December 12, 2014</a>.",66540000000,"[{'counterpartyType': 'bank', 'amtAccepted': 0}, {'counterpartyType': 'gse', 'amtAccepted': 1275000000}, {'counterpartyType': 'mmf', 'amtAccepted': 65240000000}, {'counterpartyType': 'pd', 'amtAccepted': 25000000}]"
RP 081415 1,2015-08-14,Reverse Repo,"See announcement from <a href=""http://www.newyorkfed.org/markets/opolicy/operating_policy_141212.html""> December 12, 2014</a>.",64557000000,"[{'counterpartyType': 'bank', 'amtAccepted': 0}, {'counterpartyType': 'gse', 'amtAccepted': 575000000}, {'counterpartyType': 'mmf', 'amtAccepted': 63957000000}, {'counterpartyType': 'pd', 'amtAccepted': 25000000}]"
RP 081315 1,2015-08-13,Reverse Repo,"See announcement from <a href=""http://www.newyorkfed.org/markets/opolicy/operating_policy_141212.html""> December 12, 2014</a>.",77057000000,"[{'counterpartyType': 'bank', 'amtAccepted': 0}, {'counterpartyType': 'gse', 'amtAccepted': 1575000000}, {'counterpartyType': 'mmf', 'amtAccepted': 75457000000}, {'counterpartyType': 'pd', 'amtAccepted': 25000000}]"
RP 081215 1,2015-08-12,Reverse Repo,"See announcement from <a href=""http://www.newyorkfed.org/markets/opolicy/operating_policy_141212.html""> December 12, 2014</a>.",64411000000,"[{'counterpartyType': 'bank', 'amtAccepted': 10000000}, {'counterpartyType': 'gse', 'amtAccepted': 675000000}, {'counterpartyType': 'mmf', 'amtAccepted': 63701000000}, {'counterpartyType': 'pd', 'amtAccepted': 25000000}]"
RP 081115 1,2015-08-11,Reverse Repo,"See announcement from <a href=""http://www.newyorkfed.org/markets/opolicy/operating_policy_141212.html""> December 12, 2014</a>.",78367000000,"[{'counterpartyType': 'bank', 'amtAccepted': 0}, {'counterpartyType': 'gse', 'amtAccepted': 475000000}, {'counterpartyType': 'mmf', 'amtAccepted': 77867000000}, {'counterpartyType': 'pd', 'amtAccepted': 25000000}]"
RP 081015 1,2015-08-10,Reverse Repo,"See announcement from <a href=""http://www.newyorkfed.org/markets/opolicy/operating_policy_141212.html""> December 12, 2014</a>.",81806000000,"[{'counterpartyType': 'bank', 'amtAccepted': 0}, {'counterpartyType': 'gse', 'amtAccepted': 475000000}, {'counterpartyType': 'mmf', 'amtAccepted': 81306000000}, {'counterpartyType': 'pd', 'amtAccepted': 25000000}]"
RP 080715 1,2015-08-07,Reverse Repo,"See announcement from <a href=""http://www.newyorkfed.org/markets/opolicy/operating_policy_141212.html""> December 12, 2014</a>.",84994000000,"[{'counterpartyType': 'bank', 'amtAccepted': 0}, {'counterpartyType': 'gse', 'amtAccepted': 700000000}, {'counterpartyType': 'mmf', 'amtAccepted': 84269000000}, {'counterpartyType': 'pd', 'amtAccepted': 25000000}]"
RP 080615 1,2015-08-06,Reverse Repo,"See announcement from <a href=""http://www.newyorkfed.org/markets/opolicy/operating_policy_141212.html""> December 12, 2014</a>.",93508000000,"[{'counterpartyType': 'bank', 'amtAccepted': 0}, {'counterpartyType': 'gse', 'amtAccepted': 725000000}, {'counterpartyType': 'mmf', 'amtAccepted': 92758000000}, {'counterpartyType': 'pd', 'amtAccepted': 25000000}]"
RP 080515 1,2015-08-05,Reverse Repo,"See announcement from <a href=""http://www.newyorkfed.org/markets/opolicy/operating_policy_141212.html""> December 12, 2014</a>.",86869000000,"[{'counterpartyType': 'bank', 'amtAccepted': 0}, {'counterpartyType': 'gse', 'amtAccepted': 275000000}, {'counterpartyType': 'mmf', 'amtAccepted': 86569000000}, {'counterpartyType': 'pd', 'amtAccepted': 25000000}]"
RP 080415 1,2015-08-04,Reverse Repo,"See announcement from <a href=""http://www.newyorkfed.org/markets/opolicy/operating_policy_141212.html""> December 12, 2014</a>.",88841000000,"[{'counterpartyType': 'bank', 'amtAccepted': 0}, {'counterpartyType': 'gse', 'amtAccepted': 275000000}, {'counterpartyType': 'mmf', 'amtAccepted': 88541000000}, {'counterpartyType': 'pd', 'amtAccepted': 25000000}]"
RP 080315 1,2015-08-03,Reverse Repo,"See announcement from <a href=""http://www.newyorkfed.org/markets/opolicy/operating_policy_141212.html""> December 12, 2014</a>.",95005000000,"[{'counterpartyType': 'bank', 'amtAccepted': 0}, {'counterpartyType': 'gse', 'amtAccepted': 1825000000}, {'counterpartyType': 'mmf', 'amtAccepted': 93155000000}, {'counterpartyType': 'pd', 'amtAccepted': 25000000}]"
RP 073115 1,2015-07-31,Reverse Repo,"See announcement from <a href=""http://www.newyorkfed.org/markets/opolicy/operating_policy_141212.html""> December 12, 2014</a>.",131978000000,"[{'counterpartyType': 'bank', 'amtAccepted': 1000000}, {'counterpartyType': 'gse', 'amtAccepted': 2525000000}, {'counterpartyType': 'mmf', 'amtAccepted': 129427000000}, {'counterpartyType': 'pd', 'amtAccepted': 25000000}]"
RP 073015 1,2015-07-30,Reverse Repo,"See announcement from <a href=""http://www.newyorkfed.org/markets/opolicy/operating_policy_141212.html""> December 12, 2014</a>.",87405000000,"[{'counterpartyType': 'bank', 'amtAccepted': 1000000}, {'counterpartyType': 'gse', 'amtAccepted': 2375000000}, {'counterpartyType': 'mmf', 'amtAccepted': 85004000000}, {'counterpartyType': 'pd', 'amtAccepted': 25000000}]"
RP 072915 1,2015-07-29,Reverse Repo,"See announcement from <a href=""http://www.newyorkfed.org/markets/opolicy/operating_policy_141212.html""> December 12, 2014</a>.",86429000000,"[{'counterpartyType': 'bank', 'amtAccepted': 1000000}, {'counterpartyType': 'gse', 'amtAccepted': 1525000000}, {'counterpartyType': 'mmf', 'amtAccepted': 84878000000}, {'counterpartyType': 'pd', 'amtAccepted': 25000000}]"
RP 072815 1,2015-07-28,Reverse Repo,"See announcement from <a href=""http://www.newyorkfed.org/markets/opolicy/operating_policy_141212.html""> December 12, 2014</a>.",81882000000,"[{'counterpartyType': 'bank', 'amtAccepted': 0}, {'counterpartyType': 'gse', 'amtAccepted': 275000000}, {'counterpartyType': 'mmf', 'amtAccepted': 81582000000}, {'counterpartyType': 'pd', 'amtAccepted': 25000000}]"
RP 072715 1,2015-07-27,Reverse Repo,"See announcement from <a href=""http://www.newyorkfed.org/markets/opolicy/operating_policy_141212.html""> December 12, 2014</a>.",85122000000,"[{'counterpartyType': 'bank', 'amtAccepted': 0}, {'counterpartyType': 'gse', 'amtAccepted': 1275000000}, {'counterpartyType': 'mmf', 'amtAccepted': 83822000000}, {'counterpartyType': 'pd', 'amtAccepted': 25000000}]"
RP 072415 1,2015-07-24,Reverse Repo,"See announcement from <a href=""http://www.newyorkfed.org/markets/opolicy/operating_policy_141212.html""> December 12, 2014</a>.",79416000000,"[{'counterpartyType': 'bank', 'amtAccepted': 0}, {'counterpartyType': 'gse', 'amtAccepted': 275000000}, {'counterpartyType': 'mmf', 'amtAccepted': 79116000000}, {'counterpartyType': 'pd', 'amtAccepted': 25000000}]"
RP 072315 1,2015-07-23,Reverse Repo,"See announcement from <a href=""http://www.newyorkfed.org/markets/opolicy/operating_policy_141212.html""> December 12, 2014</a>.",112052000000,"[{'counterpartyType': 'bank', 'amtAccepted': 25000000}, {'counterpartyType': 'gse', 'amtAccepted': 13475000000}, {'counterpartyType': 'mmf', 'amtAccepted': 98527000000}, {'counterpartyType': 'pd', 'amtAccepted': 25000000}]"
RP 072215 1,2015-07-22,Reverse Repo,"See announcement from <a href=""http://www.newyorkfed.org/markets/opolicy/operating_policy_141212.html""> December 12, 2014</a>.",112695000000,"[{'counterpartyType': 'bank', 'amtAccepted': 0}, {'counterpartyType': 'gse', 'amtAccepted': 13575000000}, {'counterpartyType': 'mmf', 'amtAccepted': 99095000000}, {'counterpartyType': 'pd', 'amtAccepted': 25000000}]"
RP 072115 1,2015-07-21,Reverse Repo,"See announcement from <a href=""http://www.newyorkfed.org/markets/opolicy/operating_policy_141212.html""> December 12, 2014</a>.",110141000000,"[{'counterpartyType': 'bank', 'amtAccepted': 0}, {'counterpartyType': 'gse', 'amtAccepted': 11775000000}, {'counterpartyType': 'mmf', 'amtAccepted': 98341000000}, {'counterpartyType': 'pd', 'amtAccepted': 25000000}]"
RP 072015 1,2015-07-20,Reverse Repo,"See announcement from <a href=""http://www.newyorkfed.org/markets/opolicy/operating_policy_141212.html""> December 12, 2014</a>.",126570000000,"[{'counterpartyType': 'bank', 'amtAccepted': 0}, {'counterpartyType': 'gse', 'amtAccepted': 13425000000}, {'counterpartyType': 'mmf', 'amtAccepted': 111120000000}, {'counterpartyType': 'pd', 'amtAccepted': 2025000000}]"
RP 071715 1,2015-07-17,Reverse Repo,"See announcement from <a href=""http://www.newyorkfed.org/markets/opolicy/operating_policy_141212.html""> December 12, 2014</a>.",116519000000,"[{'counterpartyType': 'bank', 'amtAccepted': 0}, {'counterpartyType': 'gse', 'amtAccepted': 12075000000}, {'counterpartyType': 'mmf', 'amtAccepted': 102419000000}, {'counterpartyType': 'pd', 'amtAccepted': 2025000000}]"
RP 071615 1,2015-07-16,Reverse Repo,"See announcement from <a href=""http://www.newyorkfed.org/markets/opolicy/operating_policy_141212.html""> December 12, 2014</a>.",104580000000,"[{'counterpartyType': 'bank', 'amtAccepted': 1000000}, {'counterpartyType': 'gse', 'amtAccepted': 2025000000}, {'counterpartyType': 'mmf', 'amtAccepted': 102554000000}, {'counterpartyType': 'pd', 'amtAccepted': 0}]"
RP 071515 1,2015-07-15,Reverse Repo,"See announcement from <a href=""http://www.newyorkfed.org/markets/opolicy/operating_policy_141212.html""> December 12, 2014</a>.",103217000000,"[{'counterpartyType': 'bank', 'amtAccepted': 0}, {'counterpartyType': 'gse', 'amtAccepted': 1525000000}, {'counterpartyType': 'mmf', 'amtAccepted': 101667000000}, {'counterpartyType': 'pd', 'amtAccepted': 25000000}]"
RP 071415 1,2015-07-14,Reverse Repo,"See announcement from <a href=""http://www.newyorkfed.org/markets/opolicy/operating_policy_141212.html""> December 12, 2014</a>.",106218000000,"[{'counterpartyType': 'bank', 'amtAccepted': 0}, {'counterpartyType': 'gse', 'amtAccepted': 2075000000}, {'counterpartyType': 'mmf', 'amtAccepted': 104118000000}, {'counterpartyType': 'pd', 'amtAccepted': 25000000}]"
RP 071315 1,2015-07-13,Reverse Repo,"See announcement from <a href=""http://www.newyorkfed.org/markets/opolicy/operating_policy_141212.html""> December 12, 2014</a>.",115323000000,"[{'counterpartyType': 'bank', 'amtAccepted': 0}, {'counterpartyType': 'gse', 'amtAccepted': 3175000000}, {'counterpartyType': 'mmf', 'amtAccepted': 112123000000}, {'counterpartyType': 'pd', 'amtAccepted': 25000000}]"
RP 071015 1,2015-07-10,Reverse Repo,"See announcement from <a href=""http://www.newyorkfed.org/markets/opolicy/operating_policy_141212.html""> December 12, 2014</a>.",119629000000,"[{'counterpartyType': 'bank', 'amtAccepted': 0}, {'counterpartyType': 'gse', 'amtAccepted': 3725000000}, {'counterpartyType': 'mmf', 'amtAccepted': 115904000000}, {'counterpartyType': 'pd', 'amtAccepted': 0}]"
RP 070915 1,2015-07-09,Reverse Repo,"See announcement from <a href=""http://www.newyorkfed.org/markets/opolicy/operating_policy_141212.html""> December 12, 2014</a>.",129671000000,"[{'counterpartyType': 'bank', 'amtAccepted': 0}, {'counterpartyType': 'gse', 'amtAccepted': 2475000000}, {'counterpartyType': 'mmf', 'amtAccepted': 127171000000}, {'counterpartyType': 'pd', 'amtAccepted': 25000000}]"
RP 070815 1,2015-07-08,Reverse Repo,"See announcement from <a href=""http://www.newyorkfed.org/markets/opolicy/operating_policy_141212.html""> December 12, 2014</a>.",145470000000,"[{'counterpartyType': 'bank', 'amtAccepted': 0}, {'counterpartyType': 'gse', 'amtAccepted': 2075000000}, {'counterpartyType': 'mmf', 'amtAccepted': 143370000000}, {'counterpartyType': 'pd', 'amtAccepted': 25000000}]"
RP 070715 1,2015-07-07,Reverse Repo,"See announcement from <a href=""http://www.newyorkfed.org/markets/opolicy/operating_policy_141212.html""> December 12, 2014</a>.",159651000000,"[{'counterpartyType': 'bank', 'amtAccepted': 0}, {'counterpartyType': 'gse', 'amtAccepted': 4925000000}, {'counterpartyType': 'mmf', 'amtAccepted': 154726000000}, {'counterpartyType': 'pd', 'amtAccepted': 0}]"
RP 070615 1,2015-07-06,Reverse Repo,"See announcement from <a href=""http://www.newyorkfed.org/markets/opolicy/operating_policy_141212.html""> December 12, 2014</a>.",169851000000,"[{'counterpartyType': 'bank', 'amtAccepted': 0}, {'counterpartyType': 'gse', 'amtAccepted': 1675000000}, {'counterpartyType': 'mmf', 'amtAccepted': 168151000000}, {'counterpartyType': 'pd', 'amtAccepted': 25000000}]"
RP 070215 1,2015-07-02,Reverse Repo,"See announcement from <a href=""http://www.newyorkfed.org/markets/opolicy/operating_policy_141212.html""> December 12, 2014</a>.",176063000000,"[{'counterpartyType': 'bank', 'amtAccepted': 0}, {'counterpartyType': 'gse', 'amtAccepted': 2275000000}, {'counterpartyType': 'mmf', 'amtAccepted': 173763000000}, {'counterpartyType': 'pd', 'amtAccepted': 25000000}]"
RP 070115 1,2015-07-01,Reverse Repo,"See announcement from <a href=""http://www.newyorkfed.org/markets/opolicy/operating_policy_141212.html""> December 12, 2014</a>.",93411000000,"[{'counterpartyType': 'bank', 'amtAccepted': 0}, {'counterpartyType': 'gse', 'amtAccepted': 375000000}, {'counterpartyType': 'mmf', 'amtAccepted': 93011000000}, {'counterpartyType': 'pd', 'amtAccepted': 25000000}]"
RP 063015 1,2015-06-30,Reverse Repo,"See announcement from <a href=""http://www.newyorkfed.org/markets/opolicy/operating_policy_141212.html""> December 12, 2014</a>.",192602000000,"[{'counterpartyType': 'bank', 'amtAccepted': 0}, {'counterpartyType': 'gse', 'amtAccepted': 12925000000}, {'counterpartyType': 'mmf', 'amtAccepted': 179652000000}, {'counterpartyType': 'pd', 'amtAccepted': 25000000}]"
RP 062915 1,2015-06-29,Reverse Repo,"See announcement from <a href=""http://www.newyorkfed.org/markets/opolicy/operating_policy_150622.html""> June 22, 2015</a>.",100000000000,"[{'counterpartyType': 'bank', 'amtAccepted': 0}, {'counterpartyType': 'gse', 'amtAccepted': 5500000000}, {'counterpartyType': 'mmf', 'amtAccepted': 94500000000}, {'counterpartyType': 'pd', 'amtAccepted': 0}]"
RP 062915 2,2015-06-29,Reverse Repo,"See announcement from <a href=""http://www.newyorkfed.org/markets/opolicy/operating_policy_141212.html""> December 12, 2014</a>.",45063000000,"[{'counterpartyType': 'bank', 'amtAccepted': 0}, {'counterpartyType': 'gse', 'amtAccepted': 1425000000}, {'counterpartyType': 'mmf', 'amtAccepted': 43613000000}, {'counterpartyType': 'pd', 'amtAccepted': 25000000}]"
RP 062615 1,2015-06-26,Reverse Repo,"See announcement from <a href=""http://www.newyorkfed.org/markets/opolicy/operating_policy_141212.html""> December 12, 2014</a>.",86539000000,"[{'counterpartyType': 'bank', 'amtAccepted': 0}, {'counterpartyType': 'gse', 'amtAccepted': 526000000}, {'counterpartyType': 'mmf', 'amtAccepted': 85988000000}, {'counterpartyType': 'pd', 'amtAccepted': 25000000}]"
RP 062515 1,2015-06-25,Reverse Repo,"See announcement from <a href=""http://www.newyorkfed.org/markets/opolicy/operating_policy_150622.html""> June 22, 2015</a>.",100000000000,"[{'counterpartyType': 'bank', 'amtAccepted': 0}, {'counterpartyType': 'gse', 'amtAccepted': 2000000000}, {'counterpartyType': 'mmf', 'amtAccepted': 98000000000}, {'counterpartyType': 'pd', 'amtAccepted': 0}]"
RP 062515 2,2015-06-25,Reverse Repo,"See announcement from <a href=""http://www.newyorkfed.org/markets/opolicy/operating_policy_141212.html""> December 12, 2014</a>.",64918000000,"[{'counterpartyType': 'bank', 'amtAccepted': 20000000}, {'counterpartyType': 'gse', 'amtAccepted': 7375000000}, {'counterpartyType': 'mmf', 'amtAccepted': 57498000000}, {'counterpartyType': 'pd', 'amtAccepted': 25000000}]"
RP 062415 1,2015-06-24,Reverse Repo,"See announcement from <a href=""http://www.newyorkfed.org/markets/opolicy/operating_policy_141212.html""> December 12, 2014</a>.",136642000000,"[{'counterpartyType': 'bank', 'amtAccepted': 0}, {'counterpartyType': 'gse', 'amtAccepted': 11175000000}, {'counterpartyType': 'mmf', 'amtAccepted': 125442000000}, {'counterpartyType': 'pd', 'amtAccepted': 25000000}]"
RP 062315 1,2015-06-23,Reverse Repo,"See announcement from <a href=""http://www.newyorkfed.org/markets/opolicy/operating_policy_141212.html""> December 12, 2014</a>.",181548000000,"[{'counterpartyType': 'bank', 'amtAccepted': 0}, {'counterpartyType': 'gse', 'amtAccepted': 40225000000}, {'counterpartyType': 'mmf', 'amtAccepted': 141298000000}, {'counterpartyType': 'pd', 'amtAccepted': 25000000}]"
RP 062215 1,2015-06-22,Reverse Repo,"See announcement from <a href=""http://www.newyorkfed.org/markets/opolicy/operating_policy_141212.html""> December 12, 2014</a>.",171906000000,"[{'counterpartyType': 'bank', 'amtAccepted': 4000000000}, {'counterpartyType': 'gse', 'amtAccepted': 37525000000}, {'counterpartyType': 'mmf', 'amtAccepted': 130356000000}, {'counterpartyType': 'pd', 'amtAccepted': 25000000}]"
RP 061915 1,2015-06-19,Reverse Repo,"See announcement from <a href=""http://www.newyorkfed.org/markets/opolicy/operating_policy_141212.html""> December 12, 2014</a>.",158541000000,"[{'counterpartyType': 'bank', 'amtAccepted': 0}, {'counterpartyType': 'gse', 'amtAccepted': 35875000000}, {'counterpartyType': 'mmf', 'amtAccepted': 122641000000}, {'counterpartyType': 'pd', 'amtAccepted': 25000000}]"
RP 061815 1,2015-06-18,Reverse Repo,"See announcement from <a href=""http://www.newyorkfed.org/markets/opolicy/operating_policy_141212.html""> December 12, 2014</a>.",151135000000,"[{'counterpartyType': 'bank', 'amtAccepted': 0}, {'counterpartyType': 'gse', 'amtAccepted': 37175000000}, {'counterpartyType': 'mmf', 'amtAccepted': 113935000000}, {'counterpartyType': 'pd', 'amtAccepted': 25000000}]"
RP 061715 1,2015-06-17,Reverse Repo,"See announcement from <a href=""http://www.newyorkfed.org/markets/opolicy/operating_policy_141212.html""> December 12, 2014</a>.",110708000000,"[{'counterpartyType': 'bank', 'amtAccepted': 0}, {'counterpartyType': 'gse', 'amtAccepted': 6875000000}, {'counterpartyType': 'mmf', 'amtAccepted': 103808000000}, {'counterpartyType': 'pd', 'amtAccepted': 25000000}]"
RP 061615 1,2015-06-16,Reverse Repo,"See announcement from <a href=""http://www.newyorkfed.org/markets/opolicy/operating_policy_141212.html""> December 12, 2014</a>.",113979000000,"[{'counterpartyType': 'bank', 'amtAccepted': 0}, {'counterpartyType': 'gse', 'amtAccepted': 5375000000}, {'counterpartyType': 'mmf', 'amtAccepted': 108579000000}, {'counterpartyType': 'pd', 'amtAccepted': 25000000}]"
RP 061515 1,2015-06-15,Reverse Repo,"See announcement from <a href=""http://www.newyorkfed.org/markets/opolicy/operating_policy_141212.html""> December 12, 2014</a>.",104635000000,"[{'counterpartyType': 'bank', 'amtAccepted': 0}, {'counterpartyType': 'gse', 'amtAccepted': 4425000000}, {'counterpartyType': 'mmf', 'amtAccepted': 100185000000}, {'counterpartyType': 'pd', 'amtAccepted': 25000000}]"
RP 061215 1,2015-06-12,Reverse Repo,"See announcement from <a href=""http://www.newyorkfed.org/markets/opolicy/operating_policy_141212.html""> December 12, 2014</a>.",81745000000,"[{'counterpartyType': 'bank', 'amtAccepted': 0}, {'counterpartyType': 'gse', 'amtAccepted': 725000000}, {'counterpartyType': 'mmf', 'amtAccepted': 80995000000}, {'counterpartyType': 'pd', 'amtAccepted': 25000000}]"
RP 061115 1,2015-06-11,Reverse Repo,"See announcement from <a href=""http://www.newyorkfed.org/markets/opolicy/operating_policy_141212.html""> December 12, 2014</a>.",90833000000,"[{'counterpartyType': 'bank', 'amtAccepted': 10000000}, {'counterpartyType': 'gse', 'amtAccepted': 8525000000}, {'counterpartyType': 'mmf', 'amtAccepted': 82273000000}, {'counterpartyType': 'pd', 'amtAccepted': 25000000}]"
RP 061015 1,2015-06-10,Reverse Repo,"See announcement from <a href=""http://www.newyorkfed.org/markets/opolicy/operating_policy_141212.html""> December 12, 2014</a>.",80453000000,"[{'counterpartyType': 'bank', 'amtAccepted': 0}, {'counterpartyType': 'gse', 'amtAccepted': 375000000}, {'counterpartyType': 'mmf', 'amtAccepted': 80053000000}, {'counterpartyType': 'pd', 'amtAccepted': 25000000}]"
RP 060915 1,2015-06-09,Reverse Repo,"See announcement from <a href=""http://www.newyorkfed.org/markets/opolicy/operating_policy_141212.html""> December 12, 2014</a>.",76043000000,"[{'counterpartyType': 'bank', 'amtAccepted': 0}, {'counterpartyType': 'gse', 'amtAccepted': 3150000000}, {'counterpartyType': 'mmf', 'amtAccepted': 72868000000}, {'counterpartyType': 'pd', 'amtAccepted': 25000000}]"
RP 060815 1,2015-06-08,Reverse Repo,"See announcement from <a href=""http://www.newyorkfed.org/markets/opolicy/operating_policy_141212.html""> December 12, 2014</a>.",83323000000,"[{'counterpartyType': 'bank', 'amtAccepted': 0}, {'counterpartyType': 'gse', 'amtAccepted': 5075000000}, {'counterpartyType': 'mmf', 'amtAccepted': 78223000000}, {'counterpartyType': 'pd', 'amtAccepted': 25000000}]"
RP 060515 1,2015-06-05,Reverse Repo,"See announcement from <a href=""http://www.newyorkfed.org/markets/opolicy/operating_policy_141212.html""> December 12, 2014</a>.",83637000000,"[{'counterpartyType': 'bank', 'amtAccepted': 0}, {'counterpartyType': 'gse', 'amtAccepted': 7575000000}, {'counterpartyType': 'mmf', 'amtAccepted': 76037000000}, {'counterpartyType': 'pd', 'amtAccepted': 25000000}]"
RP 060415 1,2015-06-04,Reverse Repo,"See announcement from <a href=""http://www.newyorkfed.org/markets/opolicy/operating_policy_141212.html""> December 12, 2014</a>.",96429000000,"[{'counterpartyType': 'bank', 'amtAccepted': 0}, {'counterpartyType': 'gse', 'amtAccepted': 7275000000}, {'counterpartyType': 'mmf', 'amtAccepted': 89129000000}, {'counterpartyType': 'pd', 'amtAccepted': 25000000}]"
RP 060315 1,2015-06-03,Reverse Repo,"See announcement from <a href=""http://www.newyorkfed.org/markets/opolicy/operating_policy_141212.html""> December 12, 2014</a>.",95389000000,"[{'counterpartyType': 'bank', 'amtAccepted': 0}, {'counterpartyType': 'gse', 'amtAccepted': 8925000000}, {'counterpartyType': 'mmf', 'amtAccepted': 86439000000}, {'counterpartyType': 'pd', 'amtAccepted': 25000000}]"
RP 060215 1,2015-06-02,Reverse Repo,"See announcement from <a href=""http://www.newyorkfed.org/markets/opolicy/operating_policy_141212.html""> December 12, 2014</a>.",105031000000,"[{'counterpartyType': 'bank', 'amtAccepted': 0}, {'counterpartyType': 'gse', 'amtAccepted': 5575000000}, {'counterpartyType': 'mmf', 'amtAccepted': 99431000000}, {'counterpartyType': 'pd', 'amtAccepted': 25000000}]"
RP 060115 1,2015-06-01,Reverse Repo,"See announcement from <a href=""http://www.newyorkfed.org/markets/opolicy/operating_policy_141212.html""> December 12, 2014</a>.",115206000000,"[{'counterpartyType': 'bank', 'amtAccepted': 0}, {'counterpartyType': 'gse', 'amtAccepted': 5525000000}, {'counterpartyType': 'mmf', 'amtAccepted': 109656000000}, {'counterpartyType': 'pd', 'amtAccepted': 25000000}]"
RP 052915 1,2015-05-29,Reverse Repo,"See announcement from <a href=""http://www.newyorkfed.org/markets/opolicy/operating_policy_141212.html""> December 12, 2014</a>.",160201000000,"[{'counterpartyType': 'bank', 'amtAccepted': 0}, {'counterpartyType': 'gse', 'amtAccepted': 11175000000}, {'counterpartyType': 'mmf', 'amtAccepted': 149001000000}, {'counterpartyType': 'pd', 'amtAccepted': 25000000}]"
RP 052815 1,2015-05-28,Reverse Repo,"See announcement from <a href=""http://www.newyorkfed.org/markets/opolicy/operating_policy_141212.html""> December 12, 2014</a>.",135300000000,"[{'counterpartyType': 'bank', 'amtAccepted': 1000000}, {'counterpartyType': 'gse', 'amtAccepted': 9875000000}, {'counterpartyType': 'mmf', 'amtAccepted': 125399000000}, {'counterpartyType': 'pd', 'amtAccepted': 25000000}]"
RP 052715 1,2015-05-27,Reverse Repo,"See announcement from <a href=""http://www.newyorkfed.org/markets/opolicy/operating_policy_141212.html""> December 12, 2014</a>.",128828000000,"[{'counterpartyType': 'bank', 'amtAccepted': 500000000}, {'counterpartyType': 'gse', 'amtAccepted': 8625000000}, {'counterpartyType': 'mmf', 'amtAccepted': 119678000000}, {'counterpartyType': 'pd', 'amtAccepted': 25000000}]"
RP 052615 1,2015-05-26,Reverse Repo,"See announcement from <a href=""http://www.newyorkfed.org/markets/opolicy/operating_policy_141212.html""> December 12, 2014</a>.",111048000000,"[{'counterpartyType': 'bank', 'amtAccepted': 0}, {'counterpartyType': 'gse', 'amtAccepted': 5875000000}, {'counterpartyType': 'mmf', 'amtAccepted': 105148000000}, {'counterpartyType': 'pd', 'amtAccepted': 25000000}]"
RP 052215 1,2015-05-22,Reverse Repo,"See announcement from <a href=""http://www.newyorkfed.org/markets/opolicy/operating_policy_141212.html""> December 12, 2014</a>.",105844000000,"[{'counterpartyType': 'bank', 'amtAccepted': 0}, {'counterpartyType': 'gse', 'amtAccepted': 7625000000}, {'counterpartyType': 'mmf', 'amtAccepted': 98194000000}, {'counterpartyType': 'pd', 'amtAccepted': 25000000}]"
RP 052115 1,2015-05-21,Reverse Repo,"See announcement from <a href=""http://www.newyorkfed.org/markets/opolicy/operating_policy_141212.html""> December 12, 2014</a>.",141963000000,"[{'counterpartyType': 'bank', 'amtAccepted': 0}, {'counterpartyType': 'gse', 'amtAccepted': 40425000000}, {'counterpartyType': 'mmf', 'amtAccepted': 101513000000}, {'counterpartyType': 'pd', 'amtAccepted': 25000000}]"
RP 052015 2,2015-05-20,Reverse Repo,"See announcement from <a href=""http://www.newyorkfed.org/markets/opolicy/operating_policy_141212.html""> December 12, 2014</a>.",154345000000,"[{'counterpartyType': 'bank', 'amtAccepted': 5150000000}, {'counterpartyType': 'gse', 'amtAccepted': 41975000000}, {'counterpartyType': 'mmf', 'amtAccepted': 104695000000}, {'counterpartyType': 'pd', 'amtAccepted': 2525000000}]"
RP 051915 2,2015-05-19,Reverse Repo,"See announcement from <a href=""http://www.newyorkfed.org/markets/opolicy/operating_policy_141212.html""> December 12, 2014</a>.",131900000000,"[{'counterpartyType': 'bank', 'amtAccepted': 4400000000}, {'counterpartyType': 'gse', 'amtAccepted': 32775000000}, {'counterpartyType': 'mmf', 'amtAccepted': 94700000000}, {'counterpartyType': 'pd', 'amtAccepted': 25000000}]"
RP 051815 1,2015-05-18,Reverse Repo,"See announcement from <a href=""http://www.newyorkfed.org/markets/opolicy/operating_policy_141212.html""> December 12, 2014</a>.",135397000000,"[{'counterpartyType': 'bank', 'amtAccepted': 4700000000}, {'counterpartyType': 'gse', 'amtAccepted': 33875000000}, {'counterpartyType': 'mmf', 'amtAccepted': 96797000000}, {'counterpartyType': 'pd', 'amtAccepted': 25000000}]"
RP 051515 1,2015-05-15,Reverse Repo,"See announcement from <a href=""http://www.newyorkfed.org/markets/opolicy/operating_policy_141212.html""> December 12, 2014</a>.",76249000000,"[{'counterpartyType': 'bank', 'amtAccepted': 4300000000}, {'counterpartyType': 'gse', 'amtAccepted': 3475000000}, {'counterpartyType': 'mmf', 'amtAccepted': 68449000000}, {'counterpartyType': 'pd', 'amtAccepted': 25000000}]"
RP 051415 1,2015-05-14,Reverse Repo,"See announcement from <a href=""http://www.newyorkfed.org/markets/opolicy/operating_policy_141212.html""> December 12, 2014</a>.",61513000000,"[{'counterpartyType': 'bank', 'amtAccepted': 4300000000}, {'counterpartyType': 'gse', 'amtAccepted': 925000000}, {'counterpartyType': 'mmf', 'amtAccepted': 56263000000}, {'counterpartyType': 'pd', 'amtAccepted': 25000000}]"
RP 051315 1,2015-05-13,Reverse Repo,"See announcement from <a href=""http://www.newyorkfed.org/markets/opolicy/operating_policy_141212.html""> December 12, 2014</a>.",92129000000,"[{'counterpartyType': 'bank', 'amtAccepted': 4100000000}, {'counterpartyType': 'gse', 'amtAccepted': 12050000000}, {'counterpartyType': 'mmf', 'amtAccepted': 75954000000}, {'counterpartyType': 'pd', 'amtAccepted': 25000000}]"
RP 051215 1,2015-05-12,Reverse Repo,"See announcement from <a href=""http://www.newyorkfed.org/markets/opolicy/operating_policy_141212.html""> December 12, 2014</a>.",81378000000,"[{'counterpartyType': 'bank', 'amtAccepted': 4100000000}, {'counterpartyType': 'gse', 'amtAccepted': 375000000}, {'counterpartyType': 'mmf', 'amtAccepted': 76878000000}, {'counterpartyType': 'pd', 'amtAccepted': 25000000}]"
RP 051115 1,2015-05-11,Reverse Repo,"See announcement from <a href=""http://www.newyorkfed.org/markets/opolicy/operating_policy_141212.html""> December 12, 2014</a>.",87331000000,"[{'counterpartyType': 'bank', 'amtAccepted': 6600000000}, {'counterpartyType': 'gse', 'amtAccepted': 1175000000}, {'counterpartyType': 'mmf', 'amtAccepted': 79531000000}, {'counterpartyType': 'pd', 'amtAccepted': 25000000}]"
RP 050815 1,2015-05-08,Reverse Repo,"See announcement from <a href=""http://www.newyorkfed.org/markets/opolicy/operating_policy_141212.html""> December 12, 2014</a>.",91484000000,"[{'counterpartyType': 'bank', 'amtAccepted': 6600000000}, {'counterpartyType': 'gse', 'amtAccepted': 625000000}, {'counterpartyType': 'mmf', 'amtAccepted': 84234000000}, {'counterpartyType': 'pd', 'amtAccepted': 25000000}]"
RP 050715 1,2015-05-07,Reverse Repo,"See announcement from <a href=""http://www.newyorkfed.org/markets/opolicy/operating_policy_141212.html""> December 12, 2014</a>.",94505000000,"[{'counterpartyType': 'bank', 'amtAccepted': 7100000000}, {'counterpartyType': 'gse', 'amtAccepted': 1275000000}, {'counterpartyType': 'mmf', 'amtAccepted': 86105000000}, {'counterpartyType': 'pd', 'amtAccepted': 25000000}]"
RP 050615 1,2015-05-06,Reverse Repo,"See announcement from <a href=""http://www.newyorkfed.org/markets/opolicy/operating_policy_141212.html""> December 12, 2014</a>.",84722000000,"[{'counterpartyType': 'bank', 'amtAccepted': 4100000000}, {'counterpartyType': 'gse', 'amtAccepted': 1475000000}, {'counterpartyType': 'mmf', 'amtAccepted': 79122000000}, {'counterpartyType': 'pd', 'amtAccepted': 25000000}]"
RP 050515 1,2015-05-05,Reverse Repo,"See announcement from <a href=""http://www.newyorkfed.org/markets/opolicy/operating_policy_141212.html""> December 12, 2014</a>.",93162000000,"[{'counterpartyType': 'bank', 'amtAccepted': 4100000000}, {'counterpartyType': 'gse', 'amtAccepted': 1775000000}, {'counterpartyType': 'mmf', 'amtAccepted': 87262000000}, {'counterpartyType': 'pd', 'amtAccepted': 25000000}]"
RP 050415 1,2015-05-04,Reverse Repo,"See announcement from <a href=""http://www.newyorkfed.org/markets/opolicy/operating_policy_141212.html""> December 12, 2014</a>.",92311000000,"[{'counterpartyType': 'bank', 'amtAccepted': 4100000000}, {'counterpartyType': 'gse', 'amtAccepted': 2125000000}, {'counterpartyType': 'mmf', 'amtAccepted': 86061000000}, {'counterpartyType': 'pd', 'amtAccepted': 25000000}]"
RP 050115 1,2015-05-01,Reverse Repo,"See announcement from <a href=""http://www.newyorkfed.org/markets/opolicy/operating_policy_141212.html""> December 12, 2014</a>.",86212000000,"[{'counterpartyType': 'bank', 'amtAccepted': 4200000000}, {'counterpartyType': 'gse', 'amtAccepted': 975000000}, {'counterpartyType': 'mmf', 'amtAccepted': 81012000000}, {'counterpartyType': 'pd', 'amtAccepted': 25000000}]"
RP 043015 1,2015-04-30,Reverse Repo,"See announcement from <a href=""http://www.newyorkfed.org/markets/opolicy/operating_policy_141212.html""> December 12, 2014</a>.",130464000000,"[{'counterpartyType': 'bank', 'amtAccepted': 4200000000}, {'counterpartyType': 'gse', 'amtAccepted': 4175000000}, {'counterpartyType': 'mmf', 'amtAccepted': 122064000000}, {'counterpartyType': 'pd', 'amtAccepted': 25000000}]"
RP 042915 1,2015-04-29,Reverse Repo,"See announcement from <a href=""http://www.newyorkfed.org/markets/opolicy/operating_policy_141212.html""> December 12, 2014</a>.",92224000000,"[{'counterpartyType': 'bank', 'amtAccepted': 4700000000}, {'counterpartyType': 'gse', 'amtAccepted': 3425000000}, {'counterpartyType': 'mmf', 'amtAccepted': 84074000000}, {'counterpartyType': 'pd', 'amtAccepted': 25000000}]"
RP 042815 1,2015-04-28,Reverse Repo,"See announcement from <a href=""http://www.newyorkfed.org/markets/opolicy/operating_policy_141212.html""> December 12, 2014</a>.",87169000000,"[{'counterpartyType': 'bank', 'amtAccepted': 4700000000}, {'counterpartyType': 'gse', 'amtAccepted': 2675000000}, {'counterpartyType': 'mmf', 'amtAccepted': 79769000000}, {'counterpartyType': 'pd', 'amtAccepted': 25000000}]"
RP 042715 1,2015-04-27,Reverse Repo,"See announcement from <a href=""http://www.newyorkfed.org/markets/opolicy/operating_policy_141212.html""> December 12, 2014</a>.",82790000000,"[{'counterpartyType': 'bank', 'amtAccepted': 4700000000}, {'counterpartyType': 'gse', 'amtAccepted': 625000000}, {'counterpartyType': 'mmf', 'amtAccepted': 77440000000}, {'counterpartyType': 'pd', 'amtAccepted': 25000000}]"
RP 042415 1,2015-04-24,Reverse Repo,"See announcement from <a href=""http://www.newyorkfed.org/markets/opolicy/operating_policy_141212.html""> December 12, 2014</a>.",73512000000,"[{'counterpartyType': 'bank', 'amtAccepted': 4700000000}, {'counterpartyType': 'gse', 'amtAccepted': 975000000}, {'counterpartyType': 'mmf', 'amtAccepted': 67812000000}, {'counterpartyType': 'pd', 'amtAccepted': 25000000}]"
RP 042315 1,2015-04-23,Reverse Repo,"See announcement from <a href=""http://www.newyorkfed.org/markets/opolicy/operating_policy_141212.html""> December 12, 2014</a>.",113993000000,"[{'counterpartyType': 'bank', 'amtAccepted': 4700000000}, {'counterpartyType': 'gse', 'amtAccepted': 30625000000}, {'counterpartyType': 'mmf', 'amtAccepted': 78643000000}, {'counterpartyType': 'pd', 'amtAccepted': 25000000}]"
RP 042215 1,2015-04-22,Reverse Repo,"See announcement from <a href=""http://www.newyorkfed.org/markets/opolicy/operating_policy_141212.html""> December 12, 2014</a>.",114148000000,"[{'counterpartyType': 'bank', 'amtAccepted': 4700000000}, {'counterpartyType': 'gse', 'amtAccepted': 30725000000}, {'counterpartyType': 'mmf', 'amtAccepted': 78698000000}, {'counterpartyType': 'pd', 'amtAccepted': 25000000}]"
RP 042115 1,2015-04-21,Reverse Repo,"See announcement from <a href=""http://www.newyorkfed.org/markets/opolicy/operating_policy_141212.html""> December 12, 2014</a>.",114800000000,"[{'counterpartyType': 'bank', 'amtAccepted': 4700000000}, {'counterpartyType': 'gse', 'amtAccepted': 31375000000}, {'counterpartyType': 'mmf', 'amtAccepted': 78700000000}, {'counterpartyType': 'pd', 'amtAccepted': 25000000}]"
RP 042015 1,2015-04-20,Reverse Repo,"See announcement from <a href=""http://www.newyorkfed.org/markets/opolicy/operating_policy_141212.html""> December 12, 2014</a>.",111416000000,"[{'counterpartyType': 'bank', 'amtAccepted': 4700000000}, {'counterpartyType': 'gse', 'amtAccepted': 32375000000}, {'counterpartyType': 'mmf', 'amtAccepted': 74316000000}, {'counterpartyType': 'pd', 'amtAccepted': 25000000}]"
RP 041715 1,2015-04-17,Reverse Repo,"See announcement from <a href=""http://www.newyorkfed.org/markets/opolicy/operating_policy_141212.html""> December 12, 2014</a>.",103383000000,"[{'counterpartyType': 'bank', 'amtAccepted': 4700000000}, {'counterpartyType': 'gse', 'amtAccepted': 30675000000}, {'counterpartyType': 'mmf', 'amtAccepted': 67983000000}, {'counterpartyType': 'pd', 'amtAccepted': 25000000}]"
RP 041615 1,2015-04-16,Reverse Repo,"See announcement from <a href=""http://www.newyorkfed.org/markets/opolicy/operating_policy_141212.html""> December 12, 2014</a>.",78293000000,"[{'counterpartyType': 'bank', 'amtAccepted': 4700000000}, {'counterpartyType': 'gse', 'amtAccepted': 1375000000}, {'counterpartyType': 'mmf', 'amtAccepted': 72193000000}, {'counterpartyType': 'pd', 'amtAccepted': 25000000}]"
RP 041515 1,2015-04-15,Reverse Repo,"See announcement from <a href=""http://www.newyorkfed.org/markets/opolicy/operating_policy_141212.html""> December 12, 2014</a>.",69829000000,"[{'counterpartyType': 'bank', 'amtAccepted': 4700000000}, {'counterpartyType': 'gse', 'amtAccepted': 1375000000}, {'counterpartyType': 'mmf', 'amtAccepted': 63729000000}, {'counterpartyType': 'pd', 'amtAccepted': 25000000}]"
RP 041415 1,2015-04-14,Reverse Repo,"See announcement from <a href=""http://www.newyorkfed.org/markets/opolicy/operating_policy_141212.html""> December 12, 2014</a>.",75874000000,"[{'counterpartyType': 'bank', 'amtAccepted': 4700000000}, {'counterpartyType': 'gse', 'amtAccepted': 1225000000}, {'counterpartyType': 'mmf', 'amtAccepted': 69924000000}, {'counterpartyType': 'pd', 'amtAccepted': 25000000}]"
RP 041315 1,2015-04-13,Reverse Repo,"See announcement from <a href=""http://www.newyorkfed.org/markets/opolicy/operating_policy_141212.html""> December 12, 2014</a>.",89878000000,"[{'counterpartyType': 'bank', 'amtAccepted': 4700000000}, {'counterpartyType': 'gse', 'amtAccepted': 3925000000}, {'counterpartyType': 'mmf', 'amtAccepted': 81228000000}, {'counterpartyType': 'pd', 'amtAccepted': 25000000}]"
RP 041015 1,2015-04-10,Reverse Repo,"See announcement from <a href=""http://www.newyorkfed.org/markets/opolicy/operating_policy_141212.html""> December 12, 2014</a>.",90933000000,"[{'counterpartyType': 'bank', 'amtAccepted': 4600000000}, {'counterpartyType': 'gse', 'amtAccepted': 2875000000}, {'counterpartyType': 'mmf', 'amtAccepted': 83433000000}, {'counterpartyType': 'pd', 'amtAccepted': 25000000}]"
RP 040915 1,2015-04-09,Reverse Repo,"See announcement from <a href=""http://www.newyorkfed.org/markets/opolicy/operating_policy_141212.html""> December 12, 2014</a>.",87069000000,"[{'counterpartyType': 'bank', 'amtAccepted': 4800000000}, {'counterpartyType': 'gse', 'amtAccepted': 2825000000}, {'counterpartyType': 'mmf', 'amtAccepted': 79419000000}, {'counterpartyType': 'pd', 'amtAccepted': 25000000}]"
RP 040815 1,2015-04-08,Reverse Repo,"See announcement from <a href=""http://www.newyorkfed.org/markets/opolicy/operating_policy_141212.html""> December 12, 2014</a>.",96443000000,"[{'counterpartyType': 'bank', 'amtAccepted': 5000000000}, {'counterpartyType': 'gse', 'amtAccepted': 4625000000}, {'counterpartyType': 'mmf', 'amtAccepted': 86793000000}, {'counterpartyType': 'pd', 'amtAccepted': 25000000}]"
RP 040715 1,2015-04-07,Reverse Repo,"See announcement from <a href=""http://www.newyorkfed.org/markets/opolicy/operating_policy_141212.html""> December 12, 2014</a>.",125880000000,"[{'counterpartyType': 'bank', 'amtAccepted': 5000000000}, {'counterpartyType': 'gse', 'amtAccepted': 5425000000}, {'counterpartyType': 'mmf', 'amtAccepted': 115430000000}, {'counterpartyType': 'pd', 'amtAccepted': 25000000}]"
RP 040615 1,2015-04-06,Reverse Repo,"See announcement from <a href=""http://www.newyorkfed.org/markets/opolicy/operating_policy_141212.html""> December 12, 2014</a>.",119369000000,"[{'counterpartyType': 'bank', 'amtAccepted': 5000000000}, {'counterpartyType': 'gse', 'amtAccepted': 7175000000}, {'counterpartyType': 'mmf', 'amtAccepted': 107169000000}, {'counterpartyType': 'pd', 'amtAccepted': 25000000}]"
RP 040215 2,2015-04-02,Reverse Repo,"See announcement from <a href=""http://www.newyorkfed.org/markets/opolicy/operating_policy_141212.html""> December 12, 2014</a>.",51563000000,
RP 040115 1,2015-04-01,Reverse Repo,"See announcement from <a href=""http://www.newyorkfed.org/markets/opolicy/operating_policy_141212.html""> December 12, 2014</a>.",31623000000,"[{'counterpartyType': 'bank', 'amtAccepted': 4450000000}, {'counterpartyType': 'gse', 'amtAccepted': 875000000}, {'counterpartyType': 'mmf', 'amtAccepted': 26273000000}, {'counterpartyType': 'pd', 'amtAccepted': 25000000}]"
RP 033115 1,2015-03-31,Reverse Repo,"See announcement from <a href=""http://www.newyorkfed.org/markets/opolicy/operating_policy_141212.html""> December 12, 2014</a>.",202235000000,"[{'counterpartyType': 'bank', 'amtAccepted': 4450000000}, {'counterpartyType': 'gse', 'amtAccepted': 16400000000}, {'counterpartyType': 'mmf', 'amtAccepted': 181360000000}, {'counterpartyType': 'pd', 'amtAccepted': 25000000}]"
RP 033015 2,2015-03-30,Reverse Repo,"See announcement from <a href=""http://www.newyorkfed.org/markets/opolicy/operating_policy_141212.html""> December 12, 2014</a>.",29522000000,"[{'counterpartyType': 'bank', 'amtAccepted': 4450000000}, {'counterpartyType': 'gse', 'amtAccepted': 3337000000}, {'counterpartyType': 'mmf', 'amtAccepted': 21710000000}, {'counterpartyType': 'pd', 'amtAccepted': 25000000}]"
RP 033015 1,2015-03-30,Reverse Repo,"See announcement from <a href=""http://www.newyorkfed.org/markets/opolicy/operating_policy_150302a.html""> March 2, 2015</a>.",101255000000,"[{'counterpartyType': 'bank', 'amtAccepted': 0}, {'counterpartyType': 'gse', 'amtAccepted': 8500000000}, {'counterpartyType': 'mmf', 'amtAccepted': 92755000000}, {'counterpartyType': 'pd', 'amtAccepted': 0}]"
RP 032715 1,2015-03-27,Reverse Repo,"See announcement from <a href=""http://www.newyorkfed.org/markets/opolicy/operating_policy_141212.html""> December 12, 2014</a>.",69638000000,"[{'counterpartyType': 'bank', 'amtAccepted': 4450000000}, {'counterpartyType': 'gse', 'amtAccepted': 4875000000}, {'counterpartyType': 'mmf', 'amtAccepted': 60288000000}, {'counterpartyType': 'pd', 'amtAccepted': 25000000}]"
RP 032615 1,2015-03-26,Reverse Repo,"See announcement from <a href=""http://www.newyorkfed.org/markets/opolicy/operating_policy_141212.html""> December 12, 2014</a>.",80866000000,"[{'counterpartyType': 'bank', 'amtAccepted': 4950000000}, {'counterpartyType': 'gse', 'amtAccepted': 8225000000}, {'counterpartyType': 'mmf', 'amtAccepted': 67666000000}, {'counterpartyType': 'pd', 'amtAccepted': 25000000}]"
RP 032515 1,2015-03-25,Reverse Repo,"See announcement from <a href=""http://www.newyorkfed.org/markets/opolicy/operating_policy_141212.html""> December 12, 2014</a>.",65389000000,"[{'counterpartyType': 'bank', 'amtAccepted': 4450000000}, {'counterpartyType': 'gse', 'amtAccepted': 8075000000}, {'counterpartyType': 'mmf', 'amtAccepted': 52839000000}, {'counterpartyType': 'pd', 'amtAccepted': 25000000}]"
RP 032415 1,2015-03-24,Reverse Repo,"See announcement from <a href=""http://www.newyorkfed.org/markets/opolicy/operating_policy_141212.html""> December 12, 2014</a>.",60115000000,"[{'counterpartyType': 'bank', 'amtAccepted': 4450000000}, {'counterpartyType': 'gse', 'amtAccepted': 8825000000}, {'counterpartyType': 'mmf', 'amtAccepted': 46815000000}, {'counterpartyType': 'pd', 'amtAccepted': 25000000}]"
RP 032315 1,2015-03-23,Reverse Repo,"See announcement from <a href=""http://www.newyorkfed.org/markets/opolicy/operating_policy_141212.html""> December 12, 2014</a>.",99572000000,"[{'counterpartyType': 'bank', 'amtAccepted': 4450000000}, {'counterpartyType': 'gse', 'amtAccepted': 33225000000}, {'counterpartyType': 'mmf', 'amtAccepted': 61872000000}, {'counterpartyType': 'pd', 'amtAccepted': 25000000}]"
RP 032015 1,2015-03-20,Reverse Repo,"See announcement from <a href=""http://www.newyorkfed.org/markets/opolicy/operating_policy_141212.html""> December 12, 2014</a>.",91207000000,"[{'counterpartyType': 'bank', 'amtAccepted': 4450000000}, {'counterpartyType': 'gse', 'amtAccepted': 33625000000}, {'counterpartyType': 'mmf', 'amtAccepted': 53107000000}, {'counterpartyType': 'pd', 'amtAccepted': 25000000}]"
RP 031915 2,2015-03-19,Reverse Repo,"See announcement from <a href=""http://www.newyorkfed.org/markets/opolicy/operating_policy_141212.html""> December 12, 2014</a>.",83108000000,"[{'counterpartyType': 'bank', 'amtAccepted': 4550000000}, {'counterpartyType': 'gse', 'amtAccepted': 30025000000}, {'counterpartyType': 'mmf', 'amtAccepted': 48508000000}, {'counterpartyType': 'pd', 'amtAccepted': 25000000}]"
RP 031915 1,2015-03-19,Reverse Repo,"See announcement from <a href=""http://www.newyorkfed.org/markets/opolicy/operating_policy_150302a.html""> March 2, 2015</a>.",75000000000,"[{'counterpartyType': 'bank', 'amtAccepted': 50000000}, {'counterpartyType': 'gse', 'amtAccepted': 3793000000}, {'counterpartyType': 'mmf', 'amtAccepted': 71157000000}, {'counterpartyType': 'pd', 'amtAccepted': 0}]"
RP 031815 1,2015-03-18,Reverse Repo,"See announcement from <a href=""http://www.newyorkfed.org/markets/opolicy/operating_policy_141212.html""> December 12, 2014</a>.",151424000000,"[{'counterpartyType': 'bank', 'amtAccepted': 4550000000}, {'counterpartyType': 'gse', 'amtAccepted': 32375000000}, {'counterpartyType': 'mmf', 'amtAccepted': 114474000000}, {'counterpartyType': 'pd', 'amtAccepted': 25000000}]"
RP 031715 1,2015-03-17,Reverse Repo,"See announcement from <a href=""http://www.newyorkfed.org/markets/opolicy/operating_policy_141212.html""> December 12, 2014</a>.",106300000000,"[{'counterpartyType': 'bank', 'amtAccepted': 4550000000}, {'counterpartyType': 'gse', 'amtAccepted': 7075000000}, {'counterpartyType': 'mmf', 'amtAccepted': 94650000000}, {'counterpartyType': 'pd', 'amtAccepted': 25000000}]"
RP 031615 1,2015-03-16,Reverse Repo,"See announcement from <a href=""http://www.newyorkfed.org/markets/opolicy/operating_policy_141212.html""> December 12, 2014</a>.",112056000000,"[{'counterpartyType': 'bank', 'amtAccepted': 4700000000}, {'counterpartyType': 'gse', 'amtAccepted': 8775000000}, {'counterpartyType': 'mmf', 'amtAccepted': 98556000000}, {'counterpartyType': 'pd', 'amtAccepted': 25000000}]"
RP 031315 1,2015-03-13,Reverse Repo,"See announcement from <a href=""http://www.newyorkfed.org/markets/opolicy/operating_policy_141212.html""> December 12, 2014</a>.",98042000000,"[{'counterpartyType': 'bank', 'amtAccepted': 4700000000}, {'counterpartyType': 'gse', 'amtAccepted': 5950000000}, {'counterpartyType': 'mmf', 'amtAccepted': 87367000000}, {'counterpartyType': 'pd', 'amtAccepted': 25000000}]"
RP 031215 1,2015-03-12,Reverse Repo,"See announcement from <a href=""http://www.newyorkfed.org/markets/opolicy/operating_policy_141212.html""> December 12, 2014</a>.",132708000000,"[{'counterpartyType': 'bank', 'amtAccepted': 4700000000}, {'counterpartyType': 'gse', 'amtAccepted': 10550000000}, {'counterpartyType': 'mmf', 'amtAccepted': 117433000000}, {'counterpartyType': 'pd', 'amtAccepted': 25000000}]"
RP 031115 1,2015-03-11,Reverse Repo,"See announcement from <a href=""http://www.newyorkfed.org/markets/opolicy/operating_policy_141212.html""> December 12, 2014</a>.",84389000000,"[{'counterpartyType': 'bank', 'amtAccepted': 2207000000}, {'counterpartyType': 'gse', 'amtAccepted': 4900000000}, {'counterpartyType': 'mmf', 'amtAccepted': 77257000000}, {'counterpartyType': 'pd', 'amtAccepted': 25000000}]"
RP 031015 1,2015-03-10,Reverse Repo,"See announcement from <a href=""http://www.newyorkfed.org/markets/opolicy/operating_policy_141212.html""> December 12, 2014</a>.",84535000000,"[{'counterpartyType': 'bank', 'amtAccepted': 2200000000}, {'counterpartyType': 'gse', 'amtAccepted': 7706000000}, {'counterpartyType': 'mmf', 'amtAccepted': 74604000000}, {'counterpartyType': 'pd', 'amtAccepted': 25000000}]"
RP 030915 1,2015-03-09,Reverse Repo,"See announcement from <a href=""http://www.newyorkfed.org/markets/opolicy/operating_policy_141212.html""> December 12, 2014</a>.",85648000000,"[{'counterpartyType': 'bank', 'amtAccepted': 2200000000}, {'counterpartyType': 'gse', 'amtAccepted': 9850000000}, {'counterpartyType': 'mmf', 'amtAccepted': 73573000000}, {'counterpartyType': 'pd', 'amtAccepted': 25000000}]"
RP 030615 1,2015-03-06,Reverse Repo,"See announcement from <a href=""http://www.newyorkfed.org/markets/opolicy/operating_policy_141212.html""> December 12, 2014</a>.",80862000000,"[{'counterpartyType': 'bank', 'amtAccepted': 2200000000}, {'counterpartyType': 'gse', 'amtAccepted': 8100000000}, {'counterpartyType': 'mmf', 'amtAccepted': 70537000000}, {'counterpartyType': 'pd', 'amtAccepted': 25000000}]"
RP 030515 2,2015-03-05,Reverse Repo,"See announcement from <a href=""http://www.newyorkfed.org/markets/opolicy/operating_policy_141212.html""> December 12, 2014</a>.",73924000000,"[{'counterpartyType': 'bank', 'amtAccepted': 3500000000}, {'counterpartyType': 'gse', 'amtAccepted': 7550000000}, {'counterpartyType': 'mmf', 'amtAccepted': 62849000000}, {'counterpartyType': 'pd', 'amtAccepted': 25000000}]"
RP 030515 1,2015-03-05,Reverse Repo,"See announcement from <a href=""http://www.newyorkfed.org/markets/opolicy/operating_policy_150302.html""> March 2, 2015</a>.",50000000000,"[{'counterpartyType': 'bank', 'amtAccepted': 0}, {'counterpartyType': 'gse', 'amtAccepted': 2156000000}, {'counterpartyType': 'mmf', 'amtAccepted': 47844000000}, {'counterpartyType': 'pd', 'amtAccepted': 0}]"
RP 030415 1,2015-03-04,Reverse Repo,"See announcement from <a href=""http://www.newyorkfed.org/markets/opolicy/operating_policy_141212.html""> December 12, 2014</a>.",95100000000,"[{'counterpartyType': 'bank', 'amtAccepted': 1200000000}, {'counterpartyType': 'gse', 'amtAccepted': 9050000000}, {'counterpartyType': 'mmf', 'amtAccepted': 84825000000}, {'counterpartyType': 'pd', 'amtAccepted': 25000000}]"
RP 030315 1,2015-03-03,Reverse Repo,"See announcement from <a href=""http://www.newyorkfed.org/markets/opolicy/operating_policy_141212.html""> December 12, 2014</a>.",110872000000,"[{'counterpartyType': 'bank', 'amtAccepted': 1500000000}, {'counterpartyType': 'gse', 'amtAccepted': 11800000000}, {'counterpartyType': 'mmf', 'amtAccepted': 97547000000}, {'counterpartyType': 'pd', 'amtAccepted': 25000000}]"
RP 030215 1,2015-03-02,Reverse Repo,"See announcement from <a href=""http://www.newyorkfed.org/markets/opolicy/operating_policy_141212.html""> December 12, 2014</a>.",118208000000,"[{'counterpartyType': 'bank', 'amtAccepted': 2000000000}, {'counterpartyType': 'gse', 'amtAccepted': 11850000000}, {'counterpartyType': 'mmf', 'amtAccepted': 104333000000}, {'counterpartyType': 'pd', 'amtAccepted': 25000000}]"
RP 022715 1,2015-02-27,Reverse Repo,"See announcement from <a href=""http://www.newyorkfed.org/markets/opolicy/operating_policy_141212.html""> December 12, 2014</a>.",155001000000,"[{'counterpartyType': 'bank', 'amtAccepted': 3000000000}, {'counterpartyType': 'gse', 'amtAccepted': 15350000000}, {'counterpartyType': 'mmf', 'amtAccepted': 136626000000}, {'counterpartyType': 'pd', 'amtAccepted': 25000000}]"
RP 022615 2,2015-02-26,Reverse Repo,"See announcement from <a href=""http://www.newyorkfed.org/markets/opolicy/operating_policy_141212.html""> December 12, 2014</a>.",130583000000,"[{'counterpartyType': 'bank', 'amtAccepted': 2500000000}, {'counterpartyType': 'gse', 'amtAccepted': 15950000000}, {'counterpartyType': 'mmf', 'amtAccepted': 112108000000}, {'counterpartyType': 'pd', 'amtAccepted': 25000000}]"
RP 022615 1,2015-02-26,Reverse Repo,"See announcement from <a href=""http://www.newyorkfed.org/markets/opolicy/operating_policy_150223.html""> February 23, 2015</a>.",50000000000,"[{'counterpartyType': 'bank', 'amtAccepted': 0}, {'counterpartyType': 'gse', 'amtAccepted': 2226000000}, {'counterpartyType': 'mmf', 'amtAccepted': 47774000000}, {'counterpartyType': 'pd', 'amtAccepted': 0}]"
RP 022515 1,2015-02-25,Reverse Repo,"See announcement from <a href=""http://www.newyorkfed.org/markets/opolicy/operating_policy_141212.html""> December 12, 2014</a>.",149750000000,"[{'counterpartyType': 'bank', 'amtAccepted': 1500000000}, {'counterpartyType': 'gse', 'amtAccepted': 19900000000}, {'counterpartyType': 'mmf', 'amtAccepted': 124325000000}, {'counterpartyType': 'pd', 'amtAccepted': 4025000000}]"
RP 022415 1,2015-02-24,Reverse Repo,"See announcement from <a href=""http://www.newyorkfed.org/markets/opolicy/operating_policy_141212.html""> December 12, 2014</a>.",124802000000,"[{'counterpartyType': 'bank', 'amtAccepted': 2300000000}, {'counterpartyType': 'gse', 'amtAccepted': 11550000000}, {'counterpartyType': 'mmf', 'amtAccepted': 107677000000}, {'counterpartyType': 'pd', 'amtAccepted': 3275000000}]"
RP 022315 1,2015-02-23,Reverse Repo,"See announcement from <a href=""http://www.newyorkfed.org/markets/opolicy/operating_policy_141212.html""> December 12, 2014</a>.",152311000000,"[{'counterpartyType': 'bank', 'amtAccepted': 4500000000}, {'counterpartyType': 'gse', 'amtAccepted': 41300000000}, {'counterpartyType': 'mmf', 'amtAccepted': 105536000000}, {'counterpartyType': 'pd', 'amtAccepted': 975000000}]"
RP 022015 1,2015-02-20,Reverse Repo,"See announcement from <a href=""http://www.newyorkfed.org/markets/opolicy/operating_policy_141212.html""> December 12, 2014</a>.",157518000000,"[{'counterpartyType': 'bank', 'amtAccepted': 3500000000}, {'counterpartyType': 'gse', 'amtAccepted': 36500000000}, {'counterpartyType': 'mmf', 'amtAccepted': 100343000000}, {'counterpartyType': 'pd', 'amtAccepted': 17175000000}]"
RP 021915 2,2015-02-19,Reverse Repo,"See announcement from <a href=""http://www.newyorkfed.org/markets/opolicy/operating_policy_141212.html""> December 12, 2014</a>.",133105000000,"[{'counterpartyType': 'bank', 'amtAccepted': 0}, {'counterpartyType': 'gse', 'amtAccepted': 38750000000}, {'counterpartyType': 'mmf', 'amtAccepted': 93355000000}, {'counterpartyType': 'pd', 'amtAccepted': 1000000000}]"
RP 021915 1,2015-02-19,Reverse Repo,"See announcement from <a href=""http://www.newyorkfed.org/markets/opolicy/operating_policy_150217.html""> February 17, 2015</a>.",30000000000,"[{'counterpartyType': 'bank', 'amtAccepted': 0}, {'counterpartyType': 'gse', 'amtAccepted': 8372000000}, {'counterpartyType': 'mmf', 'amtAccepted': 21628000000}, {'counterpartyType': 'pd', 'amtAccepted': 0}]"
RP 021815 1,2015-02-18,Reverse Repo,"See announcement from <a href=""http://www.newyorkfed.org/markets/opolicy/operating_policy_141212.html""> December 12, 2014</a>.",157273000000,"[{'counterpartyType': 'bank', 'amtAccepted': 0}, {'counterpartyType': 'gse', 'amtAccepted': 39450000000}, {'counterpartyType': 'mmf', 'amtAccepted': 108248000000}, {'counterpartyType': 'pd', 'amtAccepted': 9575000000}]"
RP 021715 1,2015-02-17,Reverse Repo,"See announcement from <a href=""http://www.newyorkfed.org/markets/opolicy/operating_policy_141212.html""> December 12, 2014</a>.",111325000000,"[{'counterpartyType': 'bank', 'amtAccepted': 0}, {'counterpartyType': 'gse', 'amtAccepted': 13325000000}, {'counterpartyType': 'mmf', 'amtAccepted': 97975000000}, {'counterpartyType': 'pd', 'amtAccepted': 25000000}]"
RP 021315 1,2015-02-13,Reverse Repo,"See announcement from <a href=""http://www.newyorkfed.org/markets/opolicy/operating_policy_141212.html""> December 12, 2014</a>.",92532000000,"[{'counterpartyType': 'bank', 'amtAccepted': 0}, {'counterpartyType': 'gse', 'amtAccepted': 11625000000}, {'counterpartyType': 'mmf', 'amtAccepted': 80882000000}, {'counterpartyType': 'pd', 'amtAccepted': 25000000}]"
RP 021215 1,2015-02-12,Reverse Repo,"See announcement from <a href=""http://www.newyorkfed.org/markets/opolicy/operating_policy_150205.html""> February 5, 2015</a>.",10000000000,"[{'counterpartyType': 'bank', 'amtAccepted': 0}, {'counterpartyType': 'gse', 'amtAccepted': 1865000000}, {'counterpartyType': 'mmf', 'amtAccepted': 8135000000}, {'counterpartyType': 'pd', 'amtAccepted': 0}]"
RP 021215 2,2015-02-12,Reverse Repo,"See announcement from <a href=""http://www.newyorkfed.org/markets/opolicy/operating_policy_141212.html""> December 12, 2014</a>.",113479000000,"[{'counterpartyType': 'bank', 'amtAccepted': 0}, {'counterpartyType': 'gse', 'amtAccepted': 16600000000}, {'counterpartyType': 'mmf', 'amtAccepted': 94654000000}, {'counterpartyType': 'pd', 'amtAccepted': 2225000000}]"
RP 021115 1,2015-02-11,Reverse Repo,"See announcement from <a href=""http://www.newyorkfed.org/markets/opolicy/operating_policy_141212.html""> December 12, 2014</a>.",126752000000,"[{'counterpartyType': 'bank', 'amtAccepted': 0}, {'counterpartyType': 'gse', 'amtAccepted': 14400000000}, {'counterpartyType': 'mmf', 'amtAccepted': 112327000000}, {'counterpartyType': 'pd', 'amtAccepted': 25000000}]"
RP 021015 1,2015-02-10,Reverse Repo,"See announcement from <a href=""http://www.newyorkfed.org/markets/opolicy/operating_policy_141212.html""> December 12, 2014</a>.",122277000000,"[{'counterpartyType': 'bank', 'amtAccepted': 0}, {'counterpartyType': 'gse', 'amtAccepted': 12200000000}, {'counterpartyType': 'mmf', 'amtAccepted': 110052000000}, {'counterpartyType': 'pd', 'amtAccepted': 25000000}]"
RP 020915 1,2015-02-09,Reverse Repo,"See announcement from <a href=""http://www.newyorkfed.org/markets/opolicy/operating_policy_141212.html""> December 12, 2014</a>.",118986000000,"[{'counterpartyType': 'bank', 'amtAccepted': 0}, {'counterpartyType': 'gse', 'amtAccepted': 12600000000}, {'counterpartyType': 'mmf', 'amtAccepted': 106361000000}, {'counterpartyType': 'pd', 'amtAccepted': 25000000}]"
RP 020615 1,2015-02-06,Reverse Repo,"See announcement from <a href=""http://www.newyorkfed.org/markets/opolicy/operating_policy_141212.html""> December 12, 2014</a>.",121983000000,"[{'counterpartyType': 'bank', 'amtAccepted': 0}, {'counterpartyType': 'gse', 'amtAccepted': 12225000000}, {'counterpartyType': 'mmf', 'amtAccepted': 109733000000}, {'counterpartyType': 'pd', 'amtAccepted': 25000000}]"
RP 020515 1,2015-02-05,Reverse Repo,"See announcement from <a href=""http://www.newyorkfed.org/markets/opolicy/operating_policy_141212.html""> December 12, 2014</a>.",124667000000,"[{'counterpartyType': 'bank', 'amtAccepted': 0}, {'counterpartyType': 'gse', 'amtAccepted': 14470000000}, {'counterpartyType': 'mmf', 'amtAccepted': 110172000000}, {'counterpartyType': 'pd', 'amtAccepted': 25000000}]"
RP 020415 1,2015-02-04,Reverse Repo,"See announcement from <a href=""http://www.newyorkfed.org/markets/opolicy/operating_policy_141212.html""> December 12, 2014</a>.",145650000000,"[{'counterpartyType': 'bank', 'amtAccepted': 3700000000}, {'counterpartyType': 'gse', 'amtAccepted': 13380000000}, {'counterpartyType': 'mmf', 'amtAccepted': 128545000000}, {'counterpartyType': 'pd', 'amtAccepted': 25000000}]"
RP 020315 1,2015-02-03,Reverse Repo,"See announcement from <a href=""http://www.newyorkfed.org/markets/opolicy/operating_policy_141212.html""> December 12, 2014</a>.",142006000000,"[{'counterpartyType': 'bank', 'amtAccepted': 3150000000}, {'counterpartyType': 'gse', 'amtAccepted': 13630000000}, {'counterpartyType': 'mmf', 'amtAccepted': 125201000000}, {'counterpartyType': 'pd', 'amtAccepted': 25000000}]"
RP 020215 1,2015-02-02,Reverse Repo,"See announcement from <a href=""http://www.newyorkfed.org/markets/opolicy/operating_policy_141212.html""> December 12, 2014</a>.",132913000000,"[{'counterpartyType': 'bank', 'amtAccepted': 3150000000}, {'counterpartyType': 'gse', 'amtAccepted': 11250000000}, {'counterpartyType': 'mmf', 'amtAccepted': 118488000000}, {'counterpartyType': 'pd', 'amtAccepted': 25000000}]"
RP 013015 1,2015-01-30,Reverse Repo,"See announcement from <a href=""http://www.newyorkfed.org/markets/opolicy/operating_policy_141212.html""> December 12, 2014</a>.",190842000000,"[{'counterpartyType': 'bank', 'amtAccepted': 3150000000}, {'counterpartyType': 'gse', 'amtAccepted': 14500000000}, {'counterpartyType': 'mmf', 'amtAccepted': 173167000000}, {'counterpartyType': 'pd', 'amtAccepted': 25000000}]"
RP 012915 1,2015-01-29,Reverse Repo,"See announcement from <a href=""http://www.newyorkfed.org/markets/opolicy/operating_policy_141212.html""> December 12, 2014</a>.",148784000000,"[{'counterpartyType': 'bank', 'amtAccepted': 3150000000}, {'counterpartyType': 'gse', 'amtAccepted': 12600000000}, {'counterpartyType': 'mmf', 'amtAccepted': 133009000000}, {'counterpartyType': 'pd', 'amtAccepted': 25000000}]"
RP 012815 1,2015-01-28,Reverse Repo,"See announcement from <a href=""http://www.newyorkfed.org/markets/opolicy/operating_policy_141212.html""> December 12, 2014</a>.",163553000000,"[{'counterpartyType': 'bank', 'amtAccepted': 4250000000}, {'counterpartyType': 'gse', 'amtAccepted': 13600000000}, {'counterpartyType': 'mmf', 'amtAccepted': 138903000000}, {'counterpartyType': 'pd', 'amtAccepted': 6800000000}]"
RP 012715 1,2015-01-27,Reverse Repo,"See announcement from <a href=""http://www.newyorkfed.org/markets/opolicy/operating_policy_141212.html""> December 12, 2014</a>.",136677000000,"[{'counterpartyType': 'bank', 'amtAccepted': 3250000000}, {'counterpartyType': 'gse', 'amtAccepted': 10150000000}, {'counterpartyType': 'mmf', 'amtAccepted': 118477000000}, {'counterpartyType': 'pd', 'amtAccepted': 4800000000}]"
RP 012615 1,2015-01-26,Reverse Repo,"See announcement from <a href=""http://www.newyorkfed.org/markets/opolicy/operating_policy_141212.html""> December 12, 2014</a>.",132698000000,"[{'counterpartyType': 'bank', 'amtAccepted': 2600000000}, {'counterpartyType': 'gse', 'amtAccepted': 8375000000}, {'counterpartyType': 'mmf', 'amtAccepted': 111723000000}, {'counterpartyType': 'pd', 'amtAccepted': 10000000000}]"
RP 012315 1,2015-01-23,Reverse Repo,"See announcement from <a href=""http://www.newyorkfed.org/markets/opolicy/operating_policy_141212.html""> December 12, 2014</a>.",129836000000,"[{'counterpartyType': 'bank', 'amtAccepted': 2500000000}, {'counterpartyType': 'gse', 'amtAccepted': 6600000000}, {'counterpartyType': 'mmf', 'amtAccepted': 116351000000}, {'counterpartyType': 'pd', 'amtAccepted': 4385000000}]"
RP 012215 1,2015-01-22,Reverse Repo,"See announcement from <a href=""http://www.newyorkfed.org/markets/opolicy/operating_policy_141212.html""> December 12, 2014</a>.",168182000000,"[{'counterpartyType': 'bank', 'amtAccepted': 2500000000}, {'counterpartyType': 'gse', 'amtAccepted': 40650000000}, {'counterpartyType': 'mmf', 'amtAccepted': 122007000000}, {'counterpartyType': 'pd', 'amtAccepted': 3025000000}]"
RP 012115 1,2015-01-21,Reverse Repo,"See announcement from <a href=""http://www.newyorkfed.org/markets/opolicy/operating_policy_141212.html""> December 12, 2014</a>.",167769000000,"[{'counterpartyType': 'bank', 'amtAccepted': 2500000000}, {'counterpartyType': 'gse', 'amtAccepted': 41000000000}, {'counterpartyType': 'mmf', 'amtAccepted': 118519000000}, {'counterpartyType': 'pd', 'amtAccepted': 5750000000}]"
RP 012015 1,2015-01-20,Reverse Repo,"See announcement from <a href=""http://www.newyorkfed.org/markets/opolicy/operating_policy_141212.html""> December 12, 2014</a>.",147499000000,"[{'counterpartyType': 'bank', 'amtAccepted': 2500000000}, {'counterpartyType': 'gse', 'amtAccepted': 36700000000}, {'counterpartyType': 'mmf', 'amtAccepted': 104774000000}, {'counterpartyType': 'pd', 'amtAccepted': 3525000000}]"
RP 011615 1,2015-01-16,Reverse Repo,"See announcement from <a href=""http://www.newyorkfed.org/markets/opolicy/operating_policy_141212.html""> December 12, 2014</a>.",135836000000,"[{'counterpartyType': 'bank', 'amtAccepted': 2500000000}, {'counterpartyType': 'gse', 'amtAccepted': 39000000000}, {'counterpartyType': 'mmf', 'amtAccepted': 94311000000}, {'counterpartyType': 'pd', 'amtAccepted': 25000000}]"
RP 011515 1,2015-01-15,Reverse Repo,"See announcement from <a href=""http://www.newyorkfed.org/markets/opolicy/operating_policy_141212.html""> December 12, 2014</a>.",96517000000,"[{'counterpartyType': 'bank', 'amtAccepted': 2200000000}, {'counterpartyType': 'gse', 'amtAccepted': 7300000000}, {'counterpartyType': 'mmf', 'amtAccepted': 86992000000}, {'counterpartyType': 'pd', 'amtAccepted': 25000000}]"
RP 011415 1,2015-01-14,Reverse Repo,"See announcement from <a href=""http://www.newyorkfed.org/markets/opolicy/operating_policy_141212.html""> December 12, 2014</a>.",95400000000,"[{'counterpartyType': 'bank', 'amtAccepted': 2200000000}, {'counterpartyType': 'gse', 'amtAccepted': 7350000000}, {'counterpartyType': 'mmf', 'amtAccepted': 85825000000}, {'counterpartyType': 'pd', 'amtAccepted': 25000000}]"
RP 011315 1,2015-01-13,Reverse Repo,"See announcement from <a href=""http://www.newyorkfed.org/markets/opolicy/operating_policy_141212.html""> December 12, 2014</a>.",107316000000,"[{'counterpartyType': 'bank', 'amtAccepted': 1750000000}, {'counterpartyType': 'gse', 'amtAccepted': 6450000000}, {'counterpartyType': 'mmf', 'amtAccepted': 99091000000}, {'counterpartyType': 'pd', 'amtAccepted': 25000000}]"
RP 011215 1,2015-01-12,Reverse Repo,"See announcement from <a href=""http://www.newyorkfed.org/markets/opolicy/operating_policy_141212.html""> December 12, 2014</a>.",118125000000,"[{'counterpartyType': 'bank', 'amtAccepted': 1600000000}, {'counterpartyType': 'gse', 'amtAccepted': 13700000000}, {'counterpartyType': 'mmf', 'amtAccepted': 102800000000}, {'counterpartyType': 'pd', 'amtAccepted': 25000000}]"
RP 010915 1,2015-01-09,Reverse Repo,"See announcement from <a href=""http://www.newyorkfed.org/markets/opolicy/operating_policy_141212.html""> December 12, 2014</a>.",116195000000,"[{'counterpartyType': 'bank', 'amtAccepted': 1600000000}, {'counterpartyType': 'gse', 'amtAccepted': 8675000000}, {'counterpartyType': 'mmf', 'amtAccepted': 105895000000}, {'counterpartyType': 'pd', 'amtAccepted': 25000000}]"
RP 010815 1,2015-01-08,Reverse Repo,"See announcement from <a href=""http://www.newyorkfed.org/markets/opolicy/operating_policy_141212.html""> December 12, 2014</a>.",124293000000,"[{'counterpartyType': 'bank', 'amtAccepted': 1600000000}, {'counterpartyType': 'gse', 'amtAccepted': 5000000000}, {'counterpartyType': 'mmf', 'amtAccepted': 117668000000}, {'counterpartyType': 'pd', 'amtAccepted': 25000000}]"
RP 010715 1,2015-01-07,Reverse Repo,"See announcement from <a href=""http://www.newyorkfed.org/markets/opolicy/operating_policy_141212.html""> December 12, 2014</a>.",143749000000,"[{'counterpartyType': 'bank', 'amtAccepted': 1900000000}, {'counterpartyType': 'gse', 'amtAccepted': 6500000000}, {'counterpartyType': 'mmf', 'amtAccepted': 135324000000}, {'counterpartyType': 'pd', 'amtAccepted': 25000000}]"
RP 010615 1,2015-01-06,Reverse Repo,"See announcement from <a href=""http://www.newyorkfed.org/markets/opolicy/operating_policy_141212.html""> December 12, 2014</a>.",149885000000,"[{'counterpartyType': 'bank', 'amtAccepted': 1900000000}, {'counterpartyType': 'gse', 'amtAccepted': 4250000000}, {'counterpartyType': 'mmf', 'amtAccepted': 143710000000}, {'counterpartyType': 'pd', 'amtAccepted': 25000000}]"
RP 010515 1,2015-01-05,Reverse Repo,"See announcement from <a href=""http://www.newyorkfed.org/markets/opolicy/operating_policy_141212.html""> December 12, 2014</a>.",164177000000,"[{'counterpartyType': 'bank', 'amtAccepted': 1900000000}, {'counterpartyType': 'gse', 'amtAccepted': 2400000000}, {'counterpartyType': 'mmf', 'amtAccepted': 159852000000}, {'counterpartyType': 'pd', 'amtAccepted': 25000000}]"
RP 010215 1,2015-01-02,Reverse Repo,"See announcement from <a href=""http://www.newyorkfed.org/markets/opolicy/operating_policy_141212.html""> December 12, 2014</a>.",42186000000,"[{'counterpartyType': 'bank', 'amtAccepted': 0}, {'counterpartyType': 'gse', 'amtAccepted': 0}, {'counterpartyType': 'mmf', 'amtAccepted': 42161000000}, {'counterpartyType': 'pd', 'amtAccepted': 25000000}]"
RP 123114 1,2014-12-31,Reverse Repo,"See announcement from <a href=""http://www.newyorkfed.org/markets/opolicy/operating_policy_141212.html""> December 12, 2014</a>.",171120000000,"[{'counterpartyType': 'bank', 'amtAccepted': 1000000000}, {'counterpartyType': 'gse', 'amtAccepted': 2930000000}, {'counterpartyType': 'mmf', 'amtAccepted': 167165000000}, {'counterpartyType': 'pd', 'amtAccepted': 25000000}]"
RP 123014 1,2014-12-30,Reverse Repo,"See announcement from <a href=""http://www.newyorkfed.org/markets/opolicy/operating_policy_141212.html""> December 12, 2014</a>.",39621000000,"[{'counterpartyType': 'bank', 'amtAccepted': 800000000}, {'counterpartyType': 'gse', 'amtAccepted': 4250000000}, {'counterpartyType': 'mmf', 'amtAccepted': 34546000000}, {'counterpartyType': 'pd', 'amtAccepted': 25000000}]"
RP 122914 2,2014-12-29,Reverse Repo,"See announcement from <a href=""http://www.newyorkfed.org/markets/opolicy/operating_policy_141212.html""> December 12, 2014</a>.",29172000000,"[{'counterpartyType': 'bank', 'amtAccepted': 550000000}, {'counterpartyType': 'gse', 'amtAccepted': 3000000000}, {'counterpartyType': 'mmf', 'amtAccepted': 25597000000}, {'counterpartyType': 'pd', 'amtAccepted': 25000000}]"
RP 122914 1,2014-12-29,Reverse Repo,"See announcement from <a href=""http://www.newyorkfed.org/markets/opolicy/operating_policy_141201.html""> December 1, 2014</a>.",76085000000,"[{'counterpartyType': 'bank', 'amtAccepted': 0}, {'counterpartyType': 'gse', 'amtAccepted': 2800000000}, {'counterpartyType': 'mmf', 'amtAccepted': 73285000000}, {'counterpartyType': 'pd', 'amtAccepted': 0}]"
RP 122614 1,2014-12-26,Reverse Repo,"See announcement from <a href=""http://www.newyorkfed.org/markets/opolicy/operating_policy_141212.html""> December 12, 2014</a>.",41492000000,"[{'counterpartyType': 'bank', 'amtAccepted': 550000000}, {'counterpartyType': 'gse', 'amtAccepted': 1650000000}, {'counterpartyType': 'mmf', 'amtAccepted': 39267000000}, {'counterpartyType': 'pd', 'amtAccepted': 25000000}]"
RP 122414 1,2014-12-24,Reverse Repo,"See announcement from <a href=""http://www.newyorkfed.org/markets/opolicy/operating_policy_141212.html""> December 12, 2014</a>.",53237000000,"[{'counterpartyType': 'bank', 'amtAccepted': 1550000000}, {'counterpartyType': 'gse', 'amtAccepted': 7700000000}, {'counterpartyType': 'mmf', 'amtAccepted': 39487000000}, {'counterpartyType': 'pd', 'amtAccepted': 4500000000}]"
RP 122314 1,2014-12-23,Reverse Repo,"See announcement from <a href=""http://www.newyorkfed.org/markets/opolicy/operating_policy_141212.html""> December 12, 2014</a>.",55574000000,"[{'counterpartyType': 'bank', 'amtAccepted': 1550000000}, {'counterpartyType': 'gse', 'amtAccepted': 27050000000}, {'counterpartyType': 'mmf', 'amtAccepted': 26949000000}, {'counterpartyType': 'pd', 'amtAccepted': 25000000}]"
RP 122214 2,2014-12-22,Reverse Repo,"See announcement from <a href=""http://www.newyorkfed.org/markets/opolicy/operating_policy_141212.html""> December 12, 2014</a>.",59159000000,"[{'counterpartyType': 'bank', 'amtAccepted': 1550000000}, {'counterpartyType': 'gse', 'amtAccepted': 27700000000}, {'counterpartyType': 'mmf', 'amtAccepted': 29884000000}, {'counterpartyType': 'pd', 'amtAccepted': 25000000}]"
RP 122214 1,2014-12-22,Reverse Repo,"See announcement from <a href=""http://www.newyorkfed.org/markets/opolicy/operating_policy_141201.html""> December 1, 2014</a>.",49500000000,"[{'counterpartyType': 'bank', 'amtAccepted': 0}, {'counterpartyType': 'gse', 'amtAccepted': 11600000000}, {'counterpartyType': 'mmf', 'amtAccepted': 37900000000}, {'counterpartyType': 'pd', 'amtAccepted': 0}]"
RP 121914 1,2014-12-19,Reverse Repo,"See announcement from <a href=""http://www.newyorkfed.org/markets/opolicy/operating_policy_141212.html""> December 12, 2014</a>.",66423000000,"[{'counterpartyType': 'bank', 'amtAccepted': 1800000000}, {'counterpartyType': 'gse', 'amtAccepted': 34500000000}, {'counterpartyType': 'mmf', 'amtAccepted': 30098000000}, {'counterpartyType': 'pd', 'amtAccepted': 25000000}]"
RP 121814 1,2014-12-18,Reverse Repo,"See announcement from <a href=""http://www.newyorkfed.org/markets/opolicy/operating_policy_141212.html""> December 12, 2014</a>.",59473000000,"[{'counterpartyType': 'bank', 'amtAccepted': 1800000000}, {'counterpartyType': 'gse', 'amtAccepted': 36000000000}, {'counterpartyType': 'mmf', 'amtAccepted': 21648000000}, {'counterpartyType': 'pd', 'amtAccepted': 25000000}]"
RP 121714 1,2014-12-17,Reverse Repo,"See announcement from <a href=""http://www.newyorkfed.org/markets/opolicy/operating_policy_141212.html""> December 12, 2014</a>.",31783000000,"[{'counterpartyType': 'bank', 'amtAccepted': 2300000000}, {'counterpartyType': 'gse', 'amtAccepted': 2450000000}, {'counterpartyType': 'mmf', 'amtAccepted': 27008000000}, {'counterpartyType': 'pd', 'amtAccepted': 25000000}]"
RP 121614 1,2014-12-16,Reverse Repo,"See announcement from <a href=""http://www.newyorkfed.org/markets/opolicy/operating_policy_141212.html""> December 12, 2014</a>.",40717000000,"[{'counterpartyType': 'bank', 'amtAccepted': 2025000000}, {'counterpartyType': 'gse', 'amtAccepted': 3500000000}, {'counterpartyType': 'mmf', 'amtAccepted': 35167000000}, {'counterpartyType': 'pd', 'amtAccepted': 25000000}]"
RP 121514 2,2014-12-15,Reverse Repo,"See announcement from <a href=""http://www.newyorkfed.org/markets/opolicy/operating_policy_141212.html""> December 12, 2014</a>.",34587000000,"[{'counterpartyType': 'bank', 'amtAccepted': 2025000000}, {'counterpartyType': 'gse', 'amtAccepted': 4900000000}, {'counterpartyType': 'mmf', 'amtAccepted': 27637000000}, {'counterpartyType': 'pd', 'amtAccepted': 25000000}]"
RP 121514 1,2014-12-15,Reverse Repo,"See announcement from <a href=""http://www.newyorkfed.org/markets/opolicy/operating_policy_141201.html""> December 1, 2014</a>.",50000000000,"[{'counterpartyType': 'bank', 'amtAccepted': 1874000000}, {'counterpartyType': 'gse', 'amtAccepted': 4599000000}, {'counterpartyType': 'mmf', 'amtAccepted': 43527000000}, {'counterpartyType': 'pd', 'amtAccepted': 0}]"
RP 121214 1,2014-12-12,Reverse Repo,"See announcement from <a href=""http://www.newyorkfed.org/markets/opolicy/operating_policy_141128.html""> November 28, 2014</a>.",86425000000,"[{'counterpartyType': 'bank', 'amtAccepted': 3900000000}, {'counterpartyType': 'gse', 'amtAccepted': 8900000000}, {'counterpartyType': 'mmf', 'amtAccepted': 73600000000}, {'counterpartyType': 'pd', 'amtAccepted': 25000000}]"
RP 121114 1,2014-12-11,Reverse Repo,"See announcement from <a href=""http://www.newyorkfed.org/markets/opolicy/operating_policy_141128.html""> November 28, 2014</a>.",99829000000,"[{'counterpartyType': 'bank', 'amtAccepted': 3900000000}, {'counterpartyType': 'gse', 'amtAccepted': 17050000000}, {'counterpartyType': 'mmf', 'amtAccepted': 78854000000}, {'counterpartyType': 'pd', 'amtAccepted': 25000000}]"
RP 121014 1,2014-12-10,Reverse Repo,"See announcement from <a href=""http://www.newyorkfed.org/markets/opolicy/operating_policy_141128.html""> November 28, 2014</a>.",105322000000,"[{'counterpartyType': 'bank', 'amtAccepted': 0}, {'counterpartyType': 'gse', 'amtAccepted': 8450000000}, {'counterpartyType': 'mmf', 'amtAccepted': 96847000000}, {'counterpartyType': 'pd', 'amtAccepted': 25000000}]"
RP 120914 1,2014-12-09,Reverse Repo,"See announcement from <a href=""http://www.newyorkfed.org/markets/opolicy/operating_policy_141128.html""> November 28, 2014</a>.",94442000000,"[{'counterpartyType': 'bank', 'amtAccepted': 0}, {'counterpartyType': 'gse', 'amtAccepted': 5950000000}, {'counterpartyType': 'mmf', 'amtAccepted': 88467000000}, {'counterpartyType': 'pd', 'amtAccepted': 25000000}]"
RP 120814 2,2014-12-08,Reverse Repo,"See announcement from <a href=""http://www.newyorkfed.org/markets/opolicy/operating_policy_141128.html""> November 28, 2014</a>.",104199000000,"[{'counterpartyType': 'bank', 'amtAccepted': 0}, {'counterpartyType': 'gse', 'amtAccepted': 5900000000}, {'counterpartyType': 'mmf', 'amtAccepted': 97388000000}, {'counterpartyType': 'pd', 'amtAccepted': 911000000}]"
RP 120814 1,2014-12-08,Reverse Repo,"See announcement from <a href=""http://www.newyorkfed.org/markets/opolicy/operating_policy_141201.html""> December 1, 2014</a>.",50000000000,"[{'counterpartyType': 'bank', 'amtAccepted': 0}, {'counterpartyType': 'gse', 'amtAccepted': 650000000}, {'counterpartyType': 'mmf', 'amtAccepted': 49350000000}, {'counterpartyType': 'pd', 'amtAccepted': 0}]"
RP 120514 1,2014-12-05,Reverse Repo,"See announcement from <a href=""http://www.newyorkfed.org/markets/opolicy/operating_policy_141128.html""> November 28, 2014</a>.",145545000000,"[{'counterpartyType': 'bank', 'amtAccepted': 0}, {'counterpartyType': 'gse', 'amtAccepted': 5650000000}, {'counterpartyType': 'mmf', 'amtAccepted': 139870000000}, {'counterpartyType': 'pd', 'amtAccepted': 25000000}]"
RP 120414 1,2014-12-04,Reverse Repo,"See announcement from <a href=""http://www.newyorkfed.org/markets/opolicy/operating_policy_141128.html""> November 28, 2014</a>.",142641000000,"[{'counterpartyType': 'bank', 'amtAccepted': 0}, {'counterpartyType': 'gse', 'amtAccepted': 6450000000}, {'counterpartyType': 'mmf', 'amtAccepted': 136166000000}, {'counterpartyType': 'pd', 'amtAccepted': 25000000}]"
RP 120314 1,2014-12-03,Reverse Repo,"See announcement from <a href=""http://www.newyorkfed.org/markets/opolicy/operating_policy_141128.html""> November 28, 2014</a>.",166328000000,"[{'counterpartyType': 'bank', 'amtAccepted': 0}, {'counterpartyType': 'gse', 'amtAccepted': 8750000000}, {'counterpartyType': 'mmf', 'amtAccepted': 157553000000}, {'counterpartyType': 'pd', 'amtAccepted': 25000000}]"
RP 120214 1,2014-12-02,Reverse Repo,"See announcement from <a href=""http://www.newyorkfed.org/markets/opolicy/operating_policy_141128.html""> November 28, 2014</a>.",153531000000,"[{'counterpartyType': 'bank', 'amtAccepted': 0}, {'counterpartyType': 'gse', 'amtAccepted': 8400000000}, {'counterpartyType': 'mmf', 'amtAccepted': 145106000000}, {'counterpartyType': 'pd', 'amtAccepted': 25000000}]"
RP 120114 1,2014-12-01,Reverse Repo,"See announcement from <a href=""http://www.newyorkfed.org/markets/opolicy/operating_policy_141128.html""> November 28, 2014</a>.",154580000000,"[{'counterpartyType': 'bank', 'amtAccepted': 0}, {'counterpartyType': 'gse', 'amtAccepted': 8150000000}, {'counterpartyType': 'mmf', 'amtAccepted': 146405000000}, {'counterpartyType': 'pd', 'amtAccepted': 25000000}]"
RP 112814 1,2014-11-28,Reverse Repo,"See announcement from <a href=""http://www.newyorkfed.org/markets/opolicy/operating_policy_141114.html""> November 14, 2014</a>.",173910000000,"[{'counterpartyType': 'bank', 'amtAccepted': 0}, {'counterpartyType': 'gse', 'amtAccepted': 8350000000}, {'counterpartyType': 'mmf', 'amtAccepted': 165535000000}, {'counterpartyType': 'pd', 'amtAccepted': 25000000}]"
RP 112614 1,2014-11-26,Reverse Repo,"See announcement from <a href=""http://www.newyorkfed.org/markets/opolicy/operating_policy_141114.html""> November 14, 2014</a>.",148284000000,"[{'counterpartyType': 'bank', 'amtAccepted': 0}, {'counterpartyType': 'gse', 'amtAccepted': 9950000000}, {'counterpartyType': 'mmf', 'amtAccepted': 138234000000}, {'counterpartyType': 'pd', 'amtAccepted': 100000000}]"
RP 112514 1,2014-11-25,Reverse Repo,"See announcement from <a href=""http://www.newyorkfed.org/markets/opolicy/operating_policy_141114.html""> November 14, 2014</a>.",146679000000,"[{'counterpartyType': 'bank', 'amtAccepted': 0}, {'counterpartyType': 'gse', 'amtAccepted': 8600000000}, {'counterpartyType': 'mmf', 'amtAccepted': 131579000000}, {'counterpartyType': 'pd', 'amtAccepted': 6500000000}]"
RP 112414 1,2014-11-24,Reverse Repo,"See announcement from <a href=""http://www.newyorkfed.org/markets/opolicy/operating_policy_141114.html""> November 14, 2014</a>.",133559000000,"[{'counterpartyType': 'bank', 'amtAccepted': 0}, {'counterpartyType': 'gse', 'amtAccepted': 9400000000}, {'counterpartyType': 'mmf', 'amtAccepted': 124059000000}, {'counterpartyType': 'pd', 'amtAccepted': 100000000}]"
RP 112114 1,2014-11-21,Reverse Repo,"See announcement from <a href=""http://www.newyorkfed.org/markets/opolicy/operating_policy_141114.html""> November 14, 2014</a>.",162469000000,"[{'counterpartyType': 'bank', 'amtAccepted': 0}, {'counterpartyType': 'gse', 'amtAccepted': 37875000000}, {'counterpartyType': 'mmf', 'amtAccepted': 121594000000}, {'counterpartyType': 'pd', 'amtAccepted': 3000000000}]"
RP 112014 1,2014-11-20,Reverse Repo,"See announcement from <a href=""http://www.newyorkfed.org/markets/opolicy/operating_policy_141114.html""> November 14, 2014</a>.",163034000000,"[{'counterpartyType': 'bank', 'amtAccepted': 0}, {'counterpartyType': 'gse', 'amtAccepted': 39325000000}, {'counterpartyType': 'mmf', 'amtAccepted': 123609000000}, {'counterpartyType': 'pd', 'amtAccepted': 100000000}]"
RP 111914 1,2014-11-19,Reverse Repo,"See announcement from <a href=""http://www.newyorkfed.org/markets/opolicy/operating_policy_141114.html""> November 14, 2014</a>.",167377000000,"[{'counterpartyType': 'bank', 'amtAccepted': 0}, {'counterpartyType': 'gse', 'amtAccepted': 39150000000}, {'counterpartyType': 'mmf', 'amtAccepted': 128127000000}, {'counterpartyType': 'pd', 'amtAccepted': 100000000}]"
RP 111814 1,2014-11-18,Reverse Repo,"See announcement from <a href=""http://www.newyorkfed.org/markets/opolicy/operating_policy_141114.html""> November 14, 2014</a>.",158321000000,"[{'counterpartyType': 'bank', 'amtAccepted': 0}, {'counterpartyType': 'gse', 'amtAccepted': 37950000000}, {'counterpartyType': 'mmf', 'amtAccepted': 115971000000}, {'counterpartyType': 'pd', 'amtAccepted': 4400000000}]"
RP 111714 1,2014-11-17,Reverse Repo,"See announcement from <a href=""http://www.newyorkfed.org/markets/opolicy/operating_policy_141114.html""> November 14, 2014</a>.",115555000000,"[{'counterpartyType': 'bank', 'amtAccepted': 800000000}, {'counterpartyType': 'gse', 'amtAccepted': 6100000000}, {'counterpartyType': 'mmf', 'amtAccepted': 103905000000}, {'counterpartyType': 'pd', 'amtAccepted': 4750000000}]"
RP 111414 1,2014-11-14,Reverse Repo,"See announcement from <a href=""http://www.ny.frb.org/markets/opolicy/operating_policy_141031.html""> October 31, 2014</a>.",99376000000,"[{'counterpartyType': 'bank', 'amtAccepted': 0}, {'counterpartyType': 'gse', 'amtAccepted': 7400000000}, {'counterpartyType': 'mmf', 'amtAccepted': 91876000000}, {'counterpartyType': 'pd', 'amtAccepted': 100000000}]"
RP 111314 1,2014-11-13,Reverse Repo,"See announcement from <a href=""http://www.ny.frb.org/markets/opolicy/operating_policy_141031.html""> October 31, 2014</a>.",110881000000,"[{'counterpartyType': 'bank', 'amtAccepted': 0}, {'counterpartyType': 'gse', 'amtAccepted': 10450000000}, {'counterpartyType': 'mmf', 'amtAccepted': 100331000000}, {'counterpartyType': 'pd', 'amtAccepted': 100000000}]"
RP 111214 1,2014-11-12,Reverse Repo,"See announcement from <a href=""http://www.ny.frb.org/markets/opolicy/operating_policy_141031.html""> October 31, 2014</a>.",111681000000,"[{'counterpartyType': 'bank', 'amtAccepted': 0}, {'counterpartyType': 'gse', 'amtAccepted': 4350000000}, {'counterpartyType': 'mmf', 'amtAccepted': 107231000000}, {'counterpartyType': 'pd', 'amtAccepted': 100000000}]"
RP 111014 1,2014-11-10,Reverse Repo,"See announcement from <a href=""http://www.ny.frb.org/markets/opolicy/operating_policy_141031.html""> October 31, 2014</a>.",100452000000,"[{'counterpartyType': 'bank', 'amtAccepted': 0}, {'counterpartyType': 'gse', 'amtAccepted': 3450000000}, {'counterpartyType': 'mmf', 'amtAccepted': 96902000000}, {'counterpartyType': 'pd', 'amtAccepted': 100000000}]"
RP 110714 1,2014-11-07,Reverse Repo,"See announcement from <a href=""http://www.ny.frb.org/markets/opolicy/operating_policy_141031.html""> October 31, 2014</a>.",106216000000,"[{'counterpartyType': 'bank', 'amtAccepted': 0}, {'counterpartyType': 'gse', 'amtAccepted': 3700000000}, {'counterpartyType': 'mmf', 'amtAccepted': 102416000000}, {'counterpartyType': 'pd', 'amtAccepted': 100000000}]"
RP 110614 1,2014-11-06,Reverse Repo,"See announcement from <a href=""http://www.ny.frb.org/markets/opolicy/operating_policy_141031.html""> October 31, 2014</a>.",110247000000,"[{'counterpartyType': 'bank', 'amtAccepted': 0}, {'counterpartyType': 'gse', 'amtAccepted': 5150000000}, {'counterpartyType': 'mmf', 'amtAccepted': 104997000000}, {'counterpartyType': 'pd', 'amtAccepted': 100000000}]"
RP 110514 1,2014-11-05,Reverse Repo,"See announcement from <a href=""http://www.ny.frb.org/markets/opolicy/operating_policy_141031.html""> October 31, 2014</a>.",122900000000,"[{'counterpartyType': 'bank', 'amtAccepted': 0}, {'counterpartyType': 'gse', 'amtAccepted': 5500000000}, {'counterpartyType': 'mmf', 'amtAccepted': 112300000000}, {'counterpartyType': 'pd', 'amtAccepted': 5100000000}]"
RP 110414 1,2014-11-04,Reverse Repo,"See announcement from <a href=""http://www.ny.frb.org/markets/opolicy/operating_policy_141031.html""> October 31, 2014</a>.",124919000000,"[{'counterpartyType': 'bank', 'amtAccepted': 0}, {'counterpartyType': 'gse', 'amtAccepted': 8200000000}, {'counterpartyType': 'mmf', 'amtAccepted': 116619000000}, {'counterpartyType': 'pd', 'amtAccepted': 100000000}]"
RP 110314 1,2014-11-03,Reverse Repo,"See announcement from <a href=""http://www.ny.frb.org/markets/opolicy/operating_policy_141031.html""> October 31, 2014</a>.",122566000000,"[{'counterpartyType': 'bank', 'amtAccepted': 0}, {'counterpartyType': 'gse', 'amtAccepted': 8550000000}, {'counterpartyType': 'mmf', 'amtAccepted': 113916000000}, {'counterpartyType': 'pd', 'amtAccepted': 100000000}]"
RP 103114 1,2014-10-31,Reverse Repo,"See announcement from <a href=""http://www.newyorkfed.org/markets/opolicy/operating_policy_141029.html""> October 29, 2014</a>.",186282000000,"[{'counterpartyType': 'bank', 'amtAccepted': 0}, {'counterpartyType': 'gse', 'amtAccepted': 16600000000}, {'counterpartyType': 'mmf', 'amtAccepted': 169582000000}, {'counterpartyType': 'pd', 'amtAccepted': 100000000}]"
RP 103014 1,2014-10-30,Reverse Repo,"See announcement from <a href=""http://www.newyorkfed.org/markets/opolicy/operating_policy_141029.html""> October 29, 2014</a>.",142244000000,"[{'counterpartyType': 'bank', 'amtAccepted': 0}, {'counterpartyType': 'gse', 'amtAccepted': 14800000000}, {'counterpartyType': 'mmf', 'amtAccepted': 127344000000}, {'counterpartyType': 'pd', 'amtAccepted': 100000000}]"
RP 102914 1,2014-10-29,Reverse Repo,"See announcement from <a href=""http://www.newyorkfed.org/markets/opolicy/operating_policy_140917.html""> September 17, 2014</a>.",134690000000,"[{'counterpartyType': 'bank', 'amtAccepted': 0}, {'counterpartyType': 'gse', 'amtAccepted': 17500000000}, {'counterpartyType': 'mmf', 'amtAccepted': 117090000000}, {'counterpartyType': 'pd', 'amtAccepted': 100000000}]"
RP 102814 1,2014-10-28,Reverse Repo,"See announcement from <a href=""http://www.newyorkfed.org/markets/opolicy/operating_policy_140917.html""> September 17, 2014</a>.",118038000000,"[{'counterpartyType': 'bank', 'amtAccepted': 0}, {'counterpartyType': 'gse', 'amtAccepted': 18500000000}, {'counterpartyType': 'mmf', 'amtAccepted': 99438000000}, {'counterpartyType': 'pd', 'amtAccepted': 100000000}]"
RP 102714 1,2014-10-27,Reverse Repo,"See announcement from <a href=""http://www.newyorkfed.org/markets/opolicy/operating_policy_140917.html""> September 17, 2014</a>.",116857000000,"[{'counterpartyType': 'bank', 'amtAccepted': 250000000}, {'counterpartyType': 'gse', 'amtAccepted': 16400000000}, {'counterpartyType': 'mmf', 'amtAccepted': 100107000000}, {'counterpartyType': 'pd', 'amtAccepted': 100000000}]"
RP 102414 1,2014-10-24,Reverse Repo,"See announcement from <a href=""http://www.newyorkfed.org/markets/opolicy/operating_policy_140917.html""> September 17, 2014</a>.",103501000000,"[{'counterpartyType': 'bank', 'amtAccepted': 250000000}, {'counterpartyType': 'gse', 'amtAccepted': 11750000000}, {'counterpartyType': 'mmf', 'amtAccepted': 91401000000}, {'counterpartyType': 'pd', 'amtAccepted': 100000000}]"
RP 102314 1,2014-10-23,Reverse Repo,"See announcement from <a href=""http://www.newyorkfed.org/markets/opolicy/operating_policy_140917.html""> September 17, 2014</a>.",137137000000,"[{'counterpartyType': 'bank', 'amtAccepted': 0}, {'counterpartyType': 'gse', 'amtAccepted': 36400000000}, {'counterpartyType': 'mmf', 'amtAccepted': 100637000000}, {'counterpartyType': 'pd', 'amtAccepted': 100000000}]"
RP 102214 1,2014-10-22,Reverse Repo,"See announcement from <a href=""http://www.newyorkfed.org/markets/opolicy/operating_policy_140917.html""> September 17, 2014</a>.",135424000000,"[{'counterpartyType': 'bank', 'amtAccepted': 500000000}, {'counterpartyType': 'gse', 'amtAccepted': 34250000000}, {'counterpartyType': 'mmf', 'amtAccepted': 100574000000}, {'counterpartyType': 'pd', 'amtAccepted': 100000000}]"
RP 102114 1,2014-10-21,Reverse Repo,"See announcement from <a href=""http://www.newyorkfed.org/markets/opolicy/operating_policy_140917.html""> September 17, 2014</a>.",124658000000,"[{'counterpartyType': 'bank', 'amtAccepted': 750000000}, {'counterpartyType': 'gse', 'amtAccepted': 35400000000}, {'counterpartyType': 'mmf', 'amtAccepted': 88408000000}, {'counterpartyType': 'pd', 'amtAccepted': 100000000}]"
RP 102014 1,2014-10-20,Reverse Repo,"See announcement from <a href=""http://www.newyorkfed.org/markets/opolicy/operating_policy_140917.html""> September 17, 2014</a>.",137408000000,"[{'counterpartyType': 'bank', 'amtAccepted': 1750000000}, {'counterpartyType': 'gse', 'amtAccepted': 37750000000}, {'counterpartyType': 'mmf', 'amtAccepted': 97808000000}, {'counterpartyType': 'pd', 'amtAccepted': 100000000}]"
RP 101714 1,2014-10-17,Reverse Repo,"See announcement from <a href=""http://www.newyorkfed.org/markets/opolicy/operating_policy_140917.html""> September 17, 2014</a>.",122148000000,"[{'counterpartyType': 'bank', 'amtAccepted': 750000000}, {'counterpartyType': 'gse', 'amtAccepted': 26950000000}, {'counterpartyType': 'mmf', 'amtAccepted': 94348000000}, {'counterpartyType': 'pd', 'amtAccepted': 100000000}]"
RP 101614 1,2014-10-16,Reverse Repo,"See announcement from <a href=""http://www.newyorkfed.org/markets/opolicy/operating_policy_140917.html""> September 17, 2014</a>.",115559000000,"[{'counterpartyType': 'bank', 'amtAccepted': 1750000000}, {'counterpartyType': 'gse', 'amtAccepted': 13750000000}, {'counterpartyType': 'mmf', 'amtAccepted': 99959000000}, {'counterpartyType': 'pd', 'amtAccepted': 100000000}]"
RP 101514 1,2014-10-15,Reverse Repo,"See announcement from <a href=""http://www.newyorkfed.org/markets/opolicy/operating_policy_140917.html""> September 17, 2014</a>.",121915000000,"[{'counterpartyType': 'bank', 'amtAccepted': 3650000000}, {'counterpartyType': 'gse', 'amtAccepted': 12950000000}, {'counterpartyType': 'mmf', 'amtAccepted': 105215000000}, {'counterpartyType': 'pd', 'amtAccepted': 100000000}]"
RP 101414 1,2014-10-14,Reverse Repo,"See announcement from <a href=""http://www.newyorkfed.org/markets/opolicy/operating_policy_140917.html""> September 17, 2014</a>.",151111000000,"[{'counterpartyType': 'bank', 'amtAccepted': 3300000000}, {'counterpartyType': 'gse', 'amtAccepted': 15450000000}, {'counterpartyType': 'mmf', 'amtAccepted': 132361000000}, {'counterpartyType': 'pd', 'amtAccepted': 0}]"
RP 101014 1,2014-10-10,Reverse Repo,"See announcement from <a href=""http://www.newyorkfed.org/markets/opolicy/operating_policy_140917.html""> September 17, 2014</a>.",161647000000,"[{'counterpartyType': 'bank', 'amtAccepted': 2800000000}, {'counterpartyType': 'gse', 'amtAccepted': 13450000000}, {'counterpartyType': 'mmf', 'amtAccepted': 145297000000}, {'counterpartyType': 'pd', 'amtAccepted': 100000000}]"
RP 100914 1,2014-10-09,Reverse Repo,"See announcement from <a href=""http://www.newyorkfed.org/markets/opolicy/operating_policy_140917.html""> September 17, 2014</a>.",167770000000,"[{'counterpartyType': 'bank', 'amtAccepted': 2800000000}, {'counterpartyType': 'gse', 'amtAccepted': 16000000000}, {'counterpartyType': 'mmf', 'amtAccepted': 148870000000}, {'counterpartyType': 'pd', 'amtAccepted': 100000000}]"
RP 100814 1,2014-10-08,Reverse Repo,"See announcement from <a href=""http://www.newyorkfed.org/markets/opolicy/operating_policy_140917.html""> September 17, 2014</a>.",182531000000,"[{'counterpartyType': 'bank', 'amtAccepted': 2800000000}, {'counterpartyType': 'gse', 'amtAccepted': 17000000000}, {'counterpartyType': 'mmf', 'amtAccepted': 160631000000}, {'counterpartyType': 'pd', 'amtAccepted': 2100000000}]"
RP 100714 1,2014-10-07,Reverse Repo,"See announcement from <a href=""http://www.newyorkfed.org/markets/opolicy/operating_policy_140917.html""> September 17, 2014</a>.",184514000000,"[{'counterpartyType': 'bank', 'amtAccepted': 2800000000}, {'counterpartyType': 'gse', 'amtAccepted': 17450000000}, {'counterpartyType': 'mmf', 'amtAccepted': 153864000000}, {'counterpartyType': 'pd', 'amtAccepted': 10400000000}]"
RP 100614 1,2014-10-06,Reverse Repo,"See announcement from <a href=""http://www.newyorkfed.org/markets/opolicy/operating_policy_140917.html""> September 17, 2014</a>.",185508000000,"[{'counterpartyType': 'bank', 'amtAccepted': 3100000000}, {'counterpartyType': 'gse', 'amtAccepted': 17750000000}, {'counterpartyType': 'mmf', 'amtAccepted': 164558000000}, {'counterpartyType': 'pd', 'amtAccepted': 100000000}]"
RP 100314 1,2014-10-03,Reverse Repo,"See announcement from <a href=""http://www.newyorkfed.org/markets/opolicy/operating_policy_140917.html""> September 17, 2014</a>.",184682000000,"[{'counterpartyType': 'bank', 'amtAccepted': 2650000000}, {'counterpartyType': 'gse', 'amtAccepted': 16350000000}, {'counterpartyType': 'mmf', 'amtAccepted': 162582000000}, {'counterpartyType': 'pd', 'amtAccepted': 3100000000}]"
RP 100214 1,2014-10-02,Reverse Repo,"See announcement from <a href=""http://www.newyorkfed.org/markets/opolicy/operating_policy_140917.html""> September 17, 2014</a>.",179039000000,"[{'counterpartyType': 'bank', 'amtAccepted': 2700000000}, {'counterpartyType': 'gse', 'amtAccepted': 17350000000}, {'counterpartyType': 'mmf', 'amtAccepted': 158889000000}, {'counterpartyType': 'pd', 'amtAccepted': 100000000}]"
RP 100114 1,2014-10-01,Reverse Repo,"See announcement from <a href=""http://www.newyorkfed.org/markets/opolicy/operating_policy_140917.html""> September 17, 2014</a>.",212481000000,"[{'counterpartyType': 'bank', 'amtAccepted': 3450000000}, {'counterpartyType': 'gse', 'amtAccepted': 25800000000}, {'counterpartyType': 'mmf', 'amtAccepted': 183131000000}, {'counterpartyType': 'pd', 'amtAccepted': 100000000}]"
RP 093014 2,2014-09-30,Reverse Repo,"See announcement from <a href=""http://www.newyorkfed.org/markets/opolicy/operating_policy_140917.html""> September 17, 2014</a>.",300000000000,"[{'counterpartyType': 'bank', 'amtAccepted': 2550000000}, {'counterpartyType': 'gse', 'amtAccepted': 0}, {'counterpartyType': 'mmf', 'amtAccepted': 294368000000}, {'counterpartyType': 'pd', 'amtAccepted': 3082000000}]"
RP 092914 1,2014-09-29,Reverse Repo,"See announcement from <a href=""http://www.newyorkfed.org/markets/opolicy/operating_policy_140917.html""> September 17, 2014</a>.",194566000000,"[{'counterpartyType': 'bank', 'amtAccepted': 7450000000}, {'counterpartyType': 'gse', 'amtAccepted': 27890000000}, {'counterpartyType': 'mmf', 'amtAccepted': 133166000000}, {'counterpartyType': 'pd', 'amtAccepted': 26060000000}]"
RP 092614 1,2014-09-26,Reverse Repo,"See announcement from <a href=""http://www.newyorkfed.org/markets/opolicy/operating_policy_140917.html""> September 17, 2014</a>.",172960000000,"[{'counterpartyType': 'bank', 'amtAccepted': 3550000000}, {'counterpartyType': 'gse', 'amtAccepted': 21550000000}, {'counterpartyType': 'mmf', 'amtAccepted': 136385000000}, {'counterpartyType': 'pd', 'amtAccepted': 11475000000}]"
RP 092514 1,2014-09-25,Reverse Repo,"See announcement from <a href=""http://www.newyorkfed.org/markets/opolicy/operating_policy_140917.html""> September 17, 2014</a>.",158090000000,"[{'counterpartyType': 'bank', 'amtAccepted': 3250000000}, {'counterpartyType': 'gse', 'amtAccepted': 21500000000}, {'counterpartyType': 'mmf', 'amtAccepted': 133240000000}, {'counterpartyType': 'pd', 'amtAccepted': 100000000}]"
RP 092414 1,2014-09-24,Reverse Repo,"See announcement from <a href=""http://www.newyorkfed.org/markets/opolicy/operating_policy_140917.html""> September 17, 2014</a>.",162317000000,"[{'counterpartyType': 'bank', 'amtAccepted': 4100000000}, {'counterpartyType': 'gse', 'amtAccepted': 15950000000}, {'counterpartyType': 'mmf', 'amtAccepted': 137167000000}, {'counterpartyType': 'pd', 'amtAccepted': 5100000000}]"
RP 092314 1,2014-09-23,Reverse Repo,"See announcement from <a href=""http://www.newyorkfed.org/markets/opolicy/operating_policy_140917.html""> September 17, 2014</a>.",174426000000,"[{'counterpartyType': 'bank', 'amtAccepted': 10450000000}, {'counterpartyType': 'gse', 'amtAccepted': 22200000000}, {'counterpartyType': 'mmf', 'amtAccepted': 135676000000}, {'counterpartyType': 'pd', 'amtAccepted': 6100000000}]"
RP 092214 1,2014-09-22,Reverse Repo,"See announcement from <a href=""http://www.newyorkfed.org/markets/opolicy/operating_policy_140917.html""> September 17, 2014</a>.",178327000000,"[{'counterpartyType': 'bank', 'amtAccepted': 5701000000}, {'counterpartyType': 'gse', 'amtAccepted': 23450000000}, {'counterpartyType': 'mmf', 'amtAccepted': 126976000000}, {'counterpartyType': 'pd', 'amtAccepted': 22200000000}]"
RP 091914 1,2014-09-19,Reverse Repo,"See announcement from <a href=""http://www.newyorkfed.org/markets/opolicy/operating_policy_140404.html""> April 4, 2014</a>.",169519000000,"[{'counterpartyType': 'bank', 'amtAccepted': 3700000000}, {'counterpartyType': 'gse', 'amtAccepted': 23450000000}, {'counterpartyType': 'mmf', 'amtAccepted': 128719000000}, {'counterpartyType': 'pd', 'amtAccepted': 13650000000}]"
RP 091814 1,2014-09-18,Reverse Repo,"See announcement from <a href=""http://www.newyorkfed.org/markets/opolicy/operating_policy_140404.html""> April 4, 2014</a>.",168148000000,"[{'counterpartyType': 'bank', 'amtAccepted': 4850000000}, {'counterpartyType': 'gse', 'amtAccepted': 21500000000}, {'counterpartyType': 'mmf', 'amtAccepted': 132998000000}, {'counterpartyType': 'pd', 'amtAccepted': 8800000000}]"
RP 091714 1,2014-09-17,Reverse Repo,"See announcement from <a href=""http://www.newyorkfed.org/markets/opolicy/operating_policy_140404.html""> April 4, 2014</a>.",156936000000,"[{'counterpartyType': 'bank', 'amtAccepted': 3050000000}, {'counterpartyType': 'gse', 'amtAccepted': 9600000000}, {'counterpartyType': 'mmf', 'amtAccepted': 144186000000}, {'counterpartyType': 'pd', 'amtAccepted': 100000000}]"
RP 091614 1,2014-09-16,Reverse Repo,"See announcement from <a href=""http://www.newyorkfed.org/markets/opolicy/operating_policy_140404.html""> April 4, 2014</a>.",147752000000,"[{'counterpartyType': 'bank', 'amtAccepted': 4050000000}, {'counterpartyType': 'gse', 'amtAccepted': 11300000000}, {'counterpartyType': 'mmf', 'amtAccepted': 132302000000}, {'counterpartyType': 'pd', 'amtAccepted': 100000000}]"
RP 091514 1,2014-09-15,Reverse Repo,"See announcement from <a href=""http://www.newyorkfed.org/markets/opolicy/operating_policy_140404.html""> April 4, 2014</a>.",135916000000,"[{'counterpartyType': 'bank', 'amtAccepted': 3050000000}, {'counterpartyType': 'gse', 'amtAccepted': 11850000000}, {'counterpartyType': 'mmf', 'amtAccepted': 120916000000}, {'counterpartyType': 'pd', 'amtAccepted': 100000000}]"
RP 091214 1,2014-09-12,Reverse Repo,"See announcement from <a href=""http://www.newyorkfed.org/markets/opolicy/operating_policy_140404.html""> April 4, 2014</a>.",148338000000,"[{'counterpartyType': 'bank', 'amtAccepted': 3050000000}, {'counterpartyType': 'gse', 'amtAccepted': 9950000000}, {'counterpartyType': 'mmf', 'amtAccepted': 135238000000}, {'counterpartyType': 'pd', 'amtAccepted': 100000000}]"
RP 091114 1,2014-09-11,Reverse Repo,"See announcement from <a href=""http://www.newyorkfed.org/markets/opolicy/operating_policy_140404.html""> April 4, 2014</a>.",167400000000,"[{'counterpartyType': 'bank', 'amtAccepted': 4800000000}, {'counterpartyType': 'gse', 'amtAccepted': 17950000000}, {'counterpartyType': 'mmf', 'amtAccepted': 144550000000}, {'counterpartyType': 'pd', 'amtAccepted': 100000000}]"
RP 091014 1,2014-09-10,Reverse Repo,"See announcement from <a href=""http://www.newyorkfed.org/markets/opolicy/operating_policy_140404.html""> April 4, 2014</a>.",160299000000,"[{'counterpartyType': 'bank', 'amtAccepted': 3050000000}, {'counterpartyType': 'gse', 'amtAccepted': 11250000000}, {'counterpartyType': 'mmf', 'amtAccepted': 143899000000}, {'counterpartyType': 'pd', 'amtAccepted': 2100000000}]"
RP 090914 1,2014-09-09,Reverse Repo,"See announcement from <a href=""http://www.newyorkfed.org/markets/opolicy/operating_policy_140404.html""> April 4, 2014</a>.",168607000000,"[{'counterpartyType': 'bank', 'amtAccepted': 4050000000}, {'counterpartyType': 'gse', 'amtAccepted': 16100000000}, {'counterpartyType': 'mmf', 'amtAccepted': 148357000000}, {'counterpartyType': 'pd', 'amtAccepted': 100000000}]"
RP 090814 1,2014-09-08,Reverse Repo,"See announcement from <a href=""http://www.newyorkfed.org/markets/opolicy/operating_policy_140404.html""> April 4, 2014</a>.",180493000000,"[{'counterpartyType': 'bank', 'amtAccepted': 5550000000}, {'counterpartyType': 'gse', 'amtAccepted': 16300000000}, {'counterpartyType': 'mmf', 'amtAccepted': 150243000000}, {'counterpartyType': 'pd', 'amtAccepted': 8400000000}]"
RP 090514 1,2014-09-05,Reverse Repo,"See announcement from <a href=""http://www.newyorkfed.org/markets/opolicy/operating_policy_140404.html""> April 4, 2014</a>.",160186000000,"[{'counterpartyType': 'bank', 'amtAccepted': 3900000000}, {'counterpartyType': 'gse', 'amtAccepted': 15600000000}, {'counterpartyType': 'mmf', 'amtAccepted': 140586000000}, {'counterpartyType': 'pd', 'amtAccepted': 100000000}]"
RP 090414 1,2014-09-04,Reverse Repo,"See announcement from <a href=""http://www.newyorkfed.org/markets/opolicy/operating_policy_140404.html""> April 4, 2014</a>.",160534000000,"[{'counterpartyType': 'bank', 'amtAccepted': 3150000000}, {'counterpartyType': 'gse', 'amtAccepted': 15200000000}, {'counterpartyType': 'mmf', 'amtAccepted': 142084000000}, {'counterpartyType': 'pd', 'amtAccepted': 100000000}]"
RP 090314 1,2014-09-03,Reverse Repo,"See announcement from <a href=""http://www.newyorkfed.org/markets/opolicy/operating_policy_140404.html""> April 4, 2014</a>.",151016000000,"[{'counterpartyType': 'bank', 'amtAccepted': 3200000000}, {'counterpartyType': 'gse', 'amtAccepted': 14050000000}, {'counterpartyType': 'mmf', 'amtAccepted': 133666000000}, {'counterpartyType': 'pd', 'amtAccepted': 100000000}]"
RP 090214 1,2014-09-02,Reverse Repo,"See announcement from <a href=""http://www.newyorkfed.org/markets/opolicy/operating_policy_140404.html""> April 4, 2014</a>.",143468000000,"[{'counterpartyType': 'bank', 'amtAccepted': 3500000000}, {'counterpartyType': 'gse', 'amtAccepted': 16150000000}, {'counterpartyType': 'mmf', 'amtAccepted': 123718000000}, {'counterpartyType': 'pd', 'amtAccepted': 100000000}]"
RP 082914 1,2014-08-29,Reverse Repo,"See announcement from <a href=""http://www.newyorkfed.org/markets/opolicy/operating_policy_140404.html""> April 4, 2014</a>.",172590000000,"[{'counterpartyType': 'bank', 'amtAccepted': 4050000000}, {'counterpartyType': 'gse', 'amtAccepted': 17050000000}, {'counterpartyType': 'mmf', 'amtAccepted': 151390000000}, {'counterpartyType': 'pd', 'amtAccepted': 100000000}]"
RP 082814 1,2014-08-28,Reverse Repo,"See announcement from <a href=""http://www.newyorkfed.org/markets/opolicy/operating_policy_140404.html""> April 4, 2014</a>.",157845000000,"[{'counterpartyType': 'bank', 'amtAccepted': 3050000000}, {'counterpartyType': 'gse', 'amtAccepted': 19000000000}, {'counterpartyType': 'mmf', 'amtAccepted': 135695000000}, {'counterpartyType': 'pd', 'amtAccepted': 100000000}]"
RP 082714 1,2014-08-27,Reverse Repo,"See announcement from <a href=""http://www.newyorkfed.org/markets/opolicy/operating_policy_140404.html""> April 4, 2014</a>.",179845000000,"[{'counterpartyType': 'bank', 'amtAccepted': 6950000000}, {'counterpartyType': 'gse', 'amtAccepted': 20900000000}, {'counterpartyType': 'mmf', 'amtAccepted': 135995000000}, {'counterpartyType': 'pd', 'amtAccepted': 16000000000}]"
RP 082614 1,2014-08-26,Reverse Repo,"See announcement from <a href=""http://www.newyorkfed.org/markets/opolicy/operating_policy_140404.html""> April 4, 2014</a>.",156973000000,"[{'counterpartyType': 'bank', 'amtAccepted': 3650000000}, {'counterpartyType': 'gse', 'amtAccepted': 12250000000}, {'counterpartyType': 'mmf', 'amtAccepted': 130323000000}, {'counterpartyType': 'pd', 'amtAccepted': 10750000000}]"
RP 082514 1,2014-08-25,Reverse Repo,"See announcement from <a href=""http://www.newyorkfed.org/markets/opolicy/operating_policy_140404.html""> April 4, 2014</a>.",152159000000,"[{'counterpartyType': 'bank', 'amtAccepted': 3150000000}, {'counterpartyType': 'gse', 'amtAccepted': 19400000000}, {'counterpartyType': 'mmf', 'amtAccepted': 126509000000}, {'counterpartyType': 'pd', 'amtAccepted': 3100000000}]"
RP 082214 1,2014-08-22,Reverse Repo,"See announcement from <a href=""http://www.newyorkfed.org/markets/opolicy/operating_policy_140404.html""> April 4, 2014</a>.",130543000000,"[{'counterpartyType': 'bank', 'amtAccepted': 2950000000}, {'counterpartyType': 'gse', 'amtAccepted': 6950000000}, {'counterpartyType': 'mmf', 'amtAccepted': 119543000000}, {'counterpartyType': 'pd', 'amtAccepted': 1100000000}]"
RP 082114 1,2014-08-21,Reverse Repo,"See announcement from <a href=""http://www.newyorkfed.org/markets/opolicy/operating_policy_140404.html""> April 4, 2014</a>.",145418000000,"[{'counterpartyType': 'bank', 'amtAccepted': 2950000000}, {'counterpartyType': 'gse', 'amtAccepted': 18000000000}, {'counterpartyType': 'mmf', 'amtAccepted': 124368000000}, {'counterpartyType': 'pd', 'amtAccepted': 100000000}]"
RP 082014 1,2014-08-20,Reverse Repo,"See announcement from <a href=""http://www.newyorkfed.org/markets/opolicy/operating_policy_140404.html""> April 4, 2014</a>.",150444000000,"[{'counterpartyType': 'bank', 'amtAccepted': 3150000000}, {'counterpartyType': 'gse', 'amtAccepted': 18750000000}, {'counterpartyType': 'mmf', 'amtAccepted': 128444000000}, {'counterpartyType': 'pd', 'amtAccepted': 100000000}]"
RP 081914 1,2014-08-19,Reverse Repo,"See announcement from <a href=""http://www.newyorkfed.org/markets/opolicy/operating_policy_140404.html""> April 4, 2014</a>.",143128000000,"[{'counterpartyType': 'bank', 'amtAccepted': 2950000000}, {'counterpartyType': 'gse', 'amtAccepted': 15150000000}, {'counterpartyType': 'mmf', 'amtAccepted': 124928000000}, {'counterpartyType': 'pd', 'amtAccepted': 100000000}]"
RP 081814 1,2014-08-18,Reverse Repo,"See announcement from <a href=""http://www.newyorkfed.org/markets/opolicy/operating_policy_140404.html""> April 4, 2014</a>.",135842000000,"[{'counterpartyType': 'bank', 'amtAccepted': 2950000000}, {'counterpartyType': 'gse', 'amtAccepted': 17100000000}, {'counterpartyType': 'mmf', 'amtAccepted': 111692000000}, {'counterpartyType': 'pd', 'amtAccepted': 4100000000}]"
RP 081514 1,2014-08-15,Reverse Repo,"See announcement from <a href=""http://www.newyorkfed.org/markets/opolicy/operating_policy_140404.html""> April 4, 2014</a>.",116783000000,"[{'counterpartyType': 'bank', 'amtAccepted': 2950000000}, {'counterpartyType': 'gse', 'amtAccepted': 7400000000}, {'counterpartyType': 'mmf', 'amtAccepted': 106333000000}, {'counterpartyType': 'pd', 'amtAccepted': 100000000}]"
RP 081414 1,2014-08-14,Reverse Repo,"See announcement from <a href=""http://www.newyorkfed.org/markets/opolicy/operating_policy_140404.html""> April 4, 2014</a>.",121978000000,"[{'counterpartyType': 'bank', 'amtAccepted': 2950000000}, {'counterpartyType': 'gse', 'amtAccepted': 6950000000}, {'counterpartyType': 'mmf', 'amtAccepted': 111978000000}, {'counterpartyType': 'pd', 'amtAccepted': 100000000}]"
RP 081314 1,2014-08-13,Reverse Repo,"See announcement from <a href=""http://www.newyorkfed.org/markets/opolicy/operating_policy_140404.html""> April 4, 2014</a>.",135622000000,"[{'counterpartyType': 'bank', 'amtAccepted': 3150000000}, {'counterpartyType': 'gse', 'amtAccepted': 10500000000}, {'counterpartyType': 'mmf', 'amtAccepted': 120872000000}, {'counterpartyType': 'pd', 'amtAccepted': 1100000000}]"
RP 081214 1,2014-08-12,Reverse Repo,"See announcement from <a href=""http://www.newyorkfed.org/markets/opolicy/operating_policy_140404.html""> April 4, 2014</a>.",130713000000,"[{'counterpartyType': 'bank', 'amtAccepted': 2450000000}, {'counterpartyType': 'gse', 'amtAccepted': 14650000000}, {'counterpartyType': 'mmf', 'amtAccepted': 113513000000}, {'counterpartyType': 'pd', 'amtAccepted': 100000000}]"
RP 081114 1,2014-08-11,Reverse Repo,"See announcement from <a href=""http://www.newyorkfed.org/markets/opolicy/operating_policy_140404.html""> April 4, 2014</a>.",128408000000,"[{'counterpartyType': 'bank', 'amtAccepted': 2450000000}, {'counterpartyType': 'gse', 'amtAccepted': 12000000000}, {'counterpartyType': 'mmf', 'amtAccepted': 113858000000}, {'counterpartyType': 'pd', 'amtAccepted': 100000000}]"
RP 080814 1,2014-08-08,Reverse Repo,"See announcement from <a href=""http://www.newyorkfed.org/markets/opolicy/operating_policy_140404.html""> April 4, 2014</a>.",127846000000,"[{'counterpartyType': 'bank', 'amtAccepted': 2450000000}, {'counterpartyType': 'gse', 'amtAccepted': 12700000000}, {'counterpartyType': 'mmf', 'amtAccepted': 112596000000}, {'counterpartyType': 'pd', 'amtAccepted': 100000000}]"
RP 080714 1,2014-08-07,Reverse Repo,"See announcement from <a href=""http://www.newyorkfed.org/markets/opolicy/operating_policy_140404.html""> April 4, 2014</a>.",128981000000,"[{'counterpartyType': 'bank', 'amtAccepted': 2450000000}, {'counterpartyType': 'gse', 'amtAccepted': 11850000000}, {'counterpartyType': 'mmf', 'amtAccepted': 114581000000}, {'counterpartyType': 'pd', 'amtAccepted': 100000000}]"
RP 080614 1,2014-08-06,Reverse Repo,"See announcement from <a href=""http://www.newyorkfed.org/markets/opolicy/operating_policy_140404.html""> April 4, 2014</a>.",123782000000,"[{'counterpartyType': 'bank', 'amtAccepted': 3150000000}, {'counterpartyType': 'gse', 'amtAccepted': 9850000000}, {'counterpartyType': 'mmf', 'amtAccepted': 110682000000}, {'counterpartyType': 'pd', 'amtAccepted': 100000000}]"
RP 080514 1,2014-08-05,Reverse Repo,"See announcement from <a href=""http://www.newyorkfed.org/markets/opolicy/operating_policy_140404.html""> April 4, 2014</a>.",118152000000,"[{'counterpartyType': 'bank', 'amtAccepted': 3150000000}, {'counterpartyType': 'gse', 'amtAccepted': 11800000000}, {'counterpartyType': 'mmf', 'amtAccepted': 103102000000}, {'counterpartyType': 'pd', 'amtAccepted': 100000000}]"
RP 080414 1,2014-08-04,Reverse Repo,"See announcement from <a href=""http://www.newyorkfed.org/markets/opolicy/operating_policy_140404.html""> April 4, 2014</a>.",114198000000,"[{'counterpartyType': 'bank', 'amtAccepted': 3150000000}, {'counterpartyType': 'gse', 'amtAccepted': 10700000000}, {'counterpartyType': 'mmf', 'amtAccepted': 100248000000}, {'counterpartyType': 'pd', 'amtAccepted': 100000000}]"
RP 080114 1,2014-08-01,Reverse Repo,"See announcement from <a href=""http://www.newyorkfed.org/markets/opolicy/operating_policy_140404.html""> April 4, 2014</a>.",101035000000,"[{'counterpartyType': 'bank', 'amtAccepted': 3200000000}, {'counterpartyType': 'gse', 'amtAccepted': 10650000000}, {'counterpartyType': 'mmf', 'amtAccepted': 87085000000}, {'counterpartyType': 'pd', 'amtAccepted': 100000000}]"
RP 073114 1,2014-07-31,Reverse Repo,"See announcement from <a href=""http://www.newyorkfed.org/markets/opolicy/operating_policy_140404.html""> April 4, 2014</a>.",156374000000,"[{'counterpartyType': 'bank', 'amtAccepted': 3200000000}, {'counterpartyType': 'gse', 'amtAccepted': 16900000000}, {'counterpartyType': 'mmf', 'amtAccepted': 136174000000}, {'counterpartyType': 'pd', 'amtAccepted': 100000000}]"
RP 073014 1,2014-07-30,Reverse Repo,"See announcement from <a href=""http://www.newyorkfed.org/markets/opolicy/operating_policy_140404.html""> April 4, 2014</a>.",115757000000,"[{'counterpartyType': 'bank', 'amtAccepted': 3200000000}, {'counterpartyType': 'gse', 'amtAccepted': 19950000000}, {'counterpartyType': 'mmf', 'amtAccepted': 92507000000}, {'counterpartyType': 'pd', 'amtAccepted': 100000000}]"
RP 072914 1,2014-07-29,Reverse Repo,"See announcement from <a href=""http://www.newyorkfed.org/markets/opolicy/operating_policy_140404.html""> April 4, 2014</a>.",118021000000,"[{'counterpartyType': 'bank', 'amtAccepted': 3200000000}, {'counterpartyType': 'gse', 'amtAccepted': 19000000000}, {'counterpartyType': 'mmf', 'amtAccepted': 95721000000}, {'counterpartyType': 'pd', 'amtAccepted': 100000000}]"
RP 072814 1,2014-07-28,Reverse Repo,"See announcement from <a href=""http://www.newyorkfed.org/markets/opolicy/operating_policy_140404.html""> April 4, 2014</a>.",103848000000,"[{'counterpartyType': 'bank', 'amtAccepted': 3700000000}, {'counterpartyType': 'gse', 'amtAccepted': 20150000000}, {'counterpartyType': 'mmf', 'amtAccepted': 79898000000}, {'counterpartyType': 'pd', 'amtAccepted': 100000000}]"
RP 072514 1,2014-07-25,Reverse Repo,"See announcement from <a href=""http://www.newyorkfed.org/markets/opolicy/operating_policy_140404.html""> April 4, 2014</a>.",90379000000,"[{'counterpartyType': 'bank', 'amtAccepted': 3200000000}, {'counterpartyType': 'gse', 'amtAccepted': 16600000000}, {'counterpartyType': 'mmf', 'amtAccepted': 70479000000}, {'counterpartyType': 'pd', 'amtAccepted': 100000000}]"
RP 072414 1,2014-07-24,Reverse Repo,"See announcement from <a href=""http://www.newyorkfed.org/markets/opolicy/operating_policy_140404.html""> April 4, 2014</a>.",87923000000,"[{'counterpartyType': 'bank', 'amtAccepted': 3300000000}, {'counterpartyType': 'gse', 'amtAccepted': 14200000000}, {'counterpartyType': 'mmf', 'amtAccepted': 70323000000}, {'counterpartyType': 'pd', 'amtAccepted': 100000000}]"
RP 072314 1,2014-07-23,Reverse Repo,"See announcement from <a href=""http://www.newyorkfed.org/markets/opolicy/operating_policy_140404.html""> April 4, 2014</a>.",136740000000,"[{'counterpartyType': 'bank', 'amtAccepted': 3300000000}, {'counterpartyType': 'gse', 'amtAccepted': 26550000000}, {'counterpartyType': 'mmf', 'amtAccepted': 101090000000}, {'counterpartyType': 'pd', 'amtAccepted': 5800000000}]"
RP 072214 1,2014-07-22,Reverse Repo,"See announcement from <a href=""http://www.newyorkfed.org/markets/opolicy/operating_policy_140404.html""> April 4, 2014</a>.",127244000000,"[{'counterpartyType': 'bank', 'amtAccepted': 3300000000}, {'counterpartyType': 'gse', 'amtAccepted': 23650000000}, {'counterpartyType': 'mmf', 'amtAccepted': 97244000000}, {'counterpartyType': 'pd', 'amtAccepted': 3050000000}]"
RP 072114 1,2014-07-21,Reverse Repo,"See announcement from <a href=""http://www.newyorkfed.org/markets/opolicy/operating_policy_140404.html""> April 4, 2014</a>.",113836000000,"[{'counterpartyType': 'bank', 'amtAccepted': 3100000000}, {'counterpartyType': 'gse', 'amtAccepted': 24100000000}, {'counterpartyType': 'mmf', 'amtAccepted': 86536000000}, {'counterpartyType': 'pd', 'amtAccepted': 100000000}]"
RP 071814 1,2014-07-18,Reverse Repo,"See announcement from <a href=""http://www.newyorkfed.org/markets/opolicy/operating_policy_140404.html""> April 4, 2014</a>.",113503000000,"[{'counterpartyType': 'bank', 'amtAccepted': 3100000000}, {'counterpartyType': 'gse', 'amtAccepted': 24050000000}, {'counterpartyType': 'mmf', 'amtAccepted': 82853000000}, {'counterpartyType': 'pd', 'amtAccepted': 3500000000}]"
RP 071714 1,2014-07-17,Reverse Repo,"See announcement from <a href=""http://www.newyorkfed.org/markets/opolicy/operating_policy_140404.html""> April 4, 2014</a>.",94361000000,"[{'counterpartyType': 'bank', 'amtAccepted': 3110000000}, {'counterpartyType': 'gse', 'amtAccepted': 8400000000}, {'counterpartyType': 'mmf', 'amtAccepted': 82751000000}, {'counterpartyType': 'pd', 'amtAccepted': 100000000}]"
RP 071614 1,2014-07-16,Reverse Repo,"See announcement from <a href=""http://www.newyorkfed.org/markets/opolicy/operating_policy_140404.html""> April 4, 2014</a>.",105841000000,"[{'counterpartyType': 'bank', 'amtAccepted': 3100000000}, {'counterpartyType': 'gse', 'amtAccepted': 13900000000}, {'counterpartyType': 'mmf', 'amtAccepted': 88741000000}, {'counterpartyType': 'pd', 'amtAccepted': 100000000}]"
RP 071514 1,2014-07-15,Reverse Repo,"See announcement from <a href=""http://www.newyorkfed.org/markets/opolicy/operating_policy_140404.html""> April 4, 2014</a>.",96922000000,"[{'counterpartyType': 'bank', 'amtAccepted': 3100000000}, {'counterpartyType': 'gse', 'amtAccepted': 10350000000}, {'counterpartyType': 'mmf', 'amtAccepted': 83372000000}, {'counterpartyType': 'pd', 'amtAccepted': 100000000}]"
RP 071414 1,2014-07-14,Reverse Repo,"See announcement from <a href=""http://www.newyorkfed.org/markets/opolicy/operating_policy_140404.html""> April 4, 2014</a>.",108675000000,"[{'counterpartyType': 'bank', 'amtAccepted': 3200000000}, {'counterpartyType': 'gse', 'amtAccepted': 12200000000}, {'counterpartyType': 'mmf', 'amtAccepted': 93175000000}, {'counterpartyType': 'pd', 'amtAccepted': 100000000}]"
RP 071114 1,2014-07-11,Reverse Repo,"See announcement from <a href=""http://www.newyorkfed.org/markets/opolicy/operating_policy_140404.html""> April 4, 2014</a>.",113623000000,"[{'counterpartyType': 'bank', 'amtAccepted': 3200000000}, {'counterpartyType': 'gse', 'amtAccepted': 12400000000}, {'counterpartyType': 'mmf', 'amtAccepted': 97923000000}, {'counterpartyType': 'pd', 'amtAccepted': 100000000}]"
RP 071014 1,2014-07-10,Reverse Repo,"See announcement from <a href=""http://www.newyorkfed.org/markets/opolicy/operating_policy_140404.html""> April 4, 2014</a>.",125926000000,"[{'counterpartyType': 'bank', 'amtAccepted': 0}, {'counterpartyType': 'gse', 'amtAccepted': 10350000000}, {'counterpartyType': 'mmf', 'amtAccepted': 115476000000}, {'counterpartyType': 'pd', 'amtAccepted': 100000000}]"
RP 070914 2,2014-07-09,Reverse Repo,"See announcement from <a href=""http://www.newyorkfed.org/markets/opolicy/operating_policy_140404.html""> April 4, 2014</a>.",144921000000,"[{'counterpartyType': 'bank', 'amtAccepted': 3200000000}, {'counterpartyType': 'gse', 'amtAccepted': 10700000000}, {'counterpartyType': 'mmf', 'amtAccepted': 130921000000}, {'counterpartyType': 'pd', 'amtAccepted': 100000000}]"
RP 070814 1,2014-07-08,Reverse Repo,"See announcement from <a href=""http://www.newyorkfed.org/markets/opolicy/operating_policy_140404.html""> April 4, 2014</a>.",136387000000,"[{'counterpartyType': 'bank', 'amtAccepted': 3200000000}, {'counterpartyType': 'gse', 'amtAccepted': 7350000000}, {'counterpartyType': 'mmf', 'amtAccepted': 124737000000}, {'counterpartyType': 'pd', 'amtAccepted': 1100000000}]"
RP 070714 1,2014-07-07,Reverse Repo,"See announcement from <a href=""http://www.newyorkfed.org/markets/opolicy/operating_policy_140404.html""> April 4, 2014</a>.",143020000000,"[{'counterpartyType': 'bank', 'amtAccepted': 3200000000}, {'counterpartyType': 'gse', 'amtAccepted': 11150000000}, {'counterpartyType': 'mmf', 'amtAccepted': 128570000000}, {'counterpartyType': 'pd', 'amtAccepted': 100000000}]"
RP 070314 1,2014-07-03,Reverse Repo,"See announcement from <a href=""http://www.newyorkfed.org/markets/opolicy/operating_policy_140404.html""> April 4, 2014</a>.",136039000000,"[{'counterpartyType': 'bank', 'amtAccepted': 3300000000}, {'counterpartyType': 'gse', 'amtAccepted': 10800000000}, {'counterpartyType': 'mmf', 'amtAccepted': 121839000000}, {'counterpartyType': 'pd', 'amtAccepted': 100000000}]"
RP 070214 1,2014-07-02,Reverse Repo,"See announcement from <a href=""http://www.newyorkfed.org/markets/opolicy/operating_policy_140404.html""> April 4, 2014</a>.",148492000000,"[{'counterpartyType': 'bank', 'amtAccepted': 3300000000}, {'counterpartyType': 'gse', 'amtAccepted': 11050000000}, {'counterpartyType': 'mmf', 'amtAccepted': 134042000000}, {'counterpartyType': 'pd', 'amtAccepted': 100000000}]"
RP 070114 1,2014-07-01,Reverse Repo,"See announcement from <a href=""http://www.newyorkfed.org/markets/opolicy/operating_policy_140404.html""> April 4, 2014</a>.",150572000000,"[{'counterpartyType': 'bank', 'amtAccepted': 3300000000}, {'counterpartyType': 'gse', 'amtAccepted': 14050000000}, {'counterpartyType': 'mmf', 'amtAccepted': 133122000000}, {'counterpartyType': 'pd', 'amtAccepted': 100000000}]"
RP 063014 1,2014-06-30,Reverse Repo,"See announcement from <a href=""http://www.newyorkfed.org/markets/opolicy/operating_policy_140404.html""> April 4, 2014</a>.",339481000000,"[{'counterpartyType': 'bank', 'amtAccepted': 4550000000}, {'counterpartyType': 'gse', 'amtAccepted': 24800000000}, {'counterpartyType': 'mmf', 'amtAccepted': 305531000000}, {'counterpartyType': 'pd', 'amtAccepted': 4600000000}]"
RP 062714 1,2014-06-27,Reverse Repo,"See announcement from <a href=""http://www.newyorkfed.org/markets/opolicy/operating_policy_140404.html""> April 4, 2014</a>.",140898000000,"[{'counterpartyType': 'bank', 'amtAccepted': 3300000000}, {'counterpartyType': 'gse', 'amtAccepted': 10100000000}, {'counterpartyType': 'mmf', 'amtAccepted': 122398000000}, {'counterpartyType': 'pd', 'amtAccepted': 5100000000}]"
RP 062614 1,2014-06-26,Reverse Repo,"See announcement from <a href=""http://www.newyorkfed.org/markets/opolicy/operating_policy_140404.html""> April 4, 2014</a>.",137105000000,"[{'counterpartyType': 'bank', 'amtAccepted': 3300000000}, {'counterpartyType': 'gse', 'amtAccepted': 16450000000}, {'counterpartyType': 'mmf', 'amtAccepted': 117255000000}, {'counterpartyType': 'pd', 'amtAccepted': 100000000}]"
RP 062514 1,2014-06-25,Reverse Repo,"See announcement from <a href=""http://www.newyorkfed.org/markets/opolicy/operating_policy_140404.html""> April 4, 2014</a>.",119673000000,"[{'counterpartyType': 'bank', 'amtAccepted': 3300000000}, {'counterpartyType': 'gse', 'amtAccepted': 13950000000}, {'counterpartyType': 'mmf', 'amtAccepted': 102323000000}, {'counterpartyType': 'pd', 'amtAccepted': 100000000}]"
RP 062414 1,2014-06-24,Reverse Repo,"See announcement from <a href=""http://www.newyorkfed.org/markets/opolicy/operating_policy_140404.html""> April 4, 2014</a>.",107244000000,"[{'counterpartyType': 'bank', 'amtAccepted': 3150000000}, {'counterpartyType': 'gse', 'amtAccepted': 9250000000}, {'counterpartyType': 'mmf', 'amtAccepted': 94744000000}, {'counterpartyType': 'pd', 'amtAccepted': 100000000}]"
RP 062314 1,2014-06-23,Reverse Repo,"See announcement from <a href=""http://www.newyorkfed.org/markets/opolicy/operating_policy_140404.html""> April 4, 2014</a>.",120333000000,"[{'counterpartyType': 'bank', 'amtAccepted': 4400000000}, {'counterpartyType': 'gse', 'amtAccepted': 18500000000}, {'counterpartyType': 'mmf', 'amtAccepted': 97333000000}, {'counterpartyType': 'pd', 'amtAccepted': 100000000}]"
RP 062014 1,2014-06-20,Reverse Repo,"See announcement from <a href=""http://www.newyorkfed.org/markets/opolicy/operating_policy_140404.html""> April 4, 2014</a>.",109656000000,"[{'counterpartyType': 'bank', 'amtAccepted': 3150000000}, {'counterpartyType': 'gse', 'amtAccepted': 15125000000}, {'counterpartyType': 'mmf', 'amtAccepted': 91281000000}, {'counterpartyType': 'pd', 'amtAccepted': 100000000}]"
RP 061914 1,2014-06-19,Reverse Repo,"See announcement from <a href=""http://www.newyorkfed.org/markets/opolicy/operating_policy_140404.html""> April 4, 2014</a>.",95938000000,"[{'counterpartyType': 'bank', 'amtAccepted': 4650000000}, {'counterpartyType': 'gse', 'amtAccepted': 16150000000}, {'counterpartyType': 'mmf', 'amtAccepted': 75038000000}, {'counterpartyType': 'pd', 'amtAccepted': 100000000}]"
RP 061814 2,2014-06-18,Reverse Repo,"See announcement from <a href=""http://www.newyorkfed.org/markets/opolicy/operating_policy_140404.html""> April 4, 2014</a>.",88388000000,"[{'counterpartyType': 'bank', 'amtAccepted': 3150000000}, {'counterpartyType': 'gse', 'amtAccepted': 16850000000}, {'counterpartyType': 'mmf', 'amtAccepted': 68288000000}, {'counterpartyType': 'pd', 'amtAccepted': 100000000}]"
RP 061714 1,2014-06-17,Reverse Repo,"See announcement from <a href=""http://www.newyorkfed.org/markets/opolicy/operating_policy_140404.html""> April 4, 2014</a>.",53362000000,"[{'counterpartyType': 'bank', 'amtAccepted': 2900000000}, {'counterpartyType': 'gse', 'amtAccepted': 5850000000}, {'counterpartyType': 'mmf', 'amtAccepted': 44512000000}, {'counterpartyType': 'pd', 'amtAccepted': 100000000}]"
RP 061614 1,2014-06-16,Reverse Repo,"See announcement from <a href=""http://www.newyorkfed.org/markets/opolicy/operating_policy_140404.html""> April 4, 2014</a>.",53376000000,"[{'counterpartyType': 'bank', 'amtAccepted': 2800000000}, {'counterpartyType': 'gse', 'amtAccepted': 6350000000}, {'counterpartyType': 'mmf', 'amtAccepted': 44126000000}, {'counterpartyType': 'pd', 'amtAccepted': 100000000}]"
RP 061314 1,2014-06-13,Reverse Repo,"See announcement from <a href=""http://www.newyorkfed.org/markets/opolicy/operating_policy_140404.html""> April 4, 2014</a>.",67629000000,"[{'counterpartyType': 'bank', 'amtAccepted': 2800000000}, {'counterpartyType': 'gse', 'amtAccepted': 8850000000}, {'counterpartyType': 'mmf', 'amtAccepted': 55879000000}, {'counterpartyType': 'pd', 'amtAccepted': 100000000}]"
RP 061214 1,2014-06-12,Reverse Repo,"See announcement from <a href=""http://www.newyorkfed.org/markets/opolicy/operating_policy_140404.html""> April 4, 2014</a>.",104237000000,"[{'counterpartyType': 'bank', 'amtAccepted': 2800000000}, {'counterpartyType': 'gse', 'amtAccepted': 10700000000}, {'counterpartyType': 'mmf', 'amtAccepted': 90637000000}, {'counterpartyType': 'pd', 'amtAccepted': 100000000}]"
RP 061114 1,2014-06-11,Reverse Repo,"See announcement from <a href=""http://www.newyorkfed.org/markets/opolicy/operating_policy_140404.html""> April 4, 2014</a>.",110875000000,"[{'counterpartyType': 'bank', 'amtAccepted': 2800000000}, {'counterpartyType': 'gse', 'amtAccepted': 9300000000}, {'counterpartyType': 'mmf', 'amtAccepted': 98675000000}, {'counterpartyType': 'pd', 'amtAccepted': 100000000}]"
RP 061014 1,2014-06-10,Reverse Repo,"See announcement from <a href=""http://www.newyorkfed.org/markets/opolicy/operating_policy_140404.html""> April 4, 2014</a>.",106527000000,"[{'counterpartyType': 'bank', 'amtAccepted': 2800000000}, {'counterpartyType': 'gse', 'amtAccepted': 11950000000}, {'counterpartyType': 'mmf', 'amtAccepted': 91677000000}, {'counterpartyType': 'pd', 'amtAccepted': 100000000}]"
RP 060914 1,2014-06-09,Reverse Repo,"See announcement from <a href=""http://www.newyorkfed.org/markets/opolicy/operating_policy_140404.html""> April 4, 2014</a>.",105036000000,"[{'counterpartyType': 'bank', 'amtAccepted': 3700000000}, {'counterpartyType': 'gse', 'amtAccepted': 10500000000}, {'counterpartyType': 'mmf', 'amtAccepted': 90736000000}, {'counterpartyType': 'pd', 'amtAccepted': 100000000}]"
RP 060614 1,2014-06-06,Reverse Repo,"See announcement from <a href=""http://www.newyorkfed.org/markets/opolicy/operating_policy_140404.html""> April 4, 2014</a>.",101903000000,"[{'counterpartyType': 'bank', 'amtAccepted': 4200000000}, {'counterpartyType': 'gse', 'amtAccepted': 12150000000}, {'counterpartyType': 'mmf', 'amtAccepted': 85453000000}, {'counterpartyType': 'pd', 'amtAccepted': 100000000}]"
RP 060514 1,2014-06-05,Reverse Repo,"See announcement from <a href=""http://www.newyorkfed.org/markets/opolicy/operating_policy_140404.html""> April 4, 2014</a>.",103755000000,"[{'counterpartyType': 'bank', 'amtAccepted': 3700000000}, {'counterpartyType': 'gse', 'amtAccepted': 11150000000}, {'counterpartyType': 'mmf', 'amtAccepted': 88805000000}, {'counterpartyType': 'pd', 'amtAccepted': 100000000}]"
RP 060414 1,2014-06-04,Reverse Repo,"See announcement from <a href=""http://www.newyorkfed.org/markets/opolicy/operating_policy_140404.html""> April 4, 2014</a>.",127401000000,"[{'counterpartyType': 'bank', 'amtAccepted': 2700000000}, {'counterpartyType': 'gse', 'amtAccepted': 9950000000}, {'counterpartyType': 'mmf', 'amtAccepted': 114651000000}, {'counterpartyType': 'pd', 'amtAccepted': 100000000}]"
RP 060314 1,2014-06-03,Reverse Repo,"See announcement from <a href=""http://www.newyorkfed.org/markets/opolicy/operating_policy_140404.html""> April 4, 2014</a>.",130952000000,"[{'counterpartyType': 'bank', 'amtAccepted': 2700000000}, {'counterpartyType': 'gse', 'amtAccepted': 6950000000}, {'counterpartyType': 'mmf', 'amtAccepted': 121202000000}, {'counterpartyType': 'pd', 'amtAccepted': 100000000}]"
RP 060214 1,2014-06-02,Reverse Repo,"See announcement from <a href=""http://www.newyorkfed.org/markets/opolicy/operating_policy_140404.html""> April 4, 2014</a>.",129721000000,"[{'counterpartyType': 'bank', 'amtAccepted': 2700000000}, {'counterpartyType': 'gse', 'amtAccepted': 8950000000}, {'counterpartyType': 'mmf', 'amtAccepted': 117971000000}, {'counterpartyType': 'pd', 'amtAccepted': 100000000}]"
RP 053014 1,2014-05-30,Reverse Repo,"See announcement from <a href=""http://www.newyorkfed.org/markets/opolicy/operating_policy_140404.html""> April 4, 2014</a>.",164726000000,"[{'counterpartyType': 'bank', 'amtAccepted': 2900000000}, {'counterpartyType': 'gse', 'amtAccepted': 8700000000}, {'counterpartyType': 'mmf', 'amtAccepted': 152026000000}, {'counterpartyType': 'pd', 'amtAccepted': 1100000000}]"
RP 052914 1,2014-05-29,Reverse Repo,"See announcement from <a href=""http://www.newyorkfed.org/markets/opolicy/operating_policy_140404.html""> April 4, 2014</a>.",155686000000,"[{'counterpartyType': 'bank', 'amtAccepted': 3000000000}, {'counterpartyType': 'gse', 'amtAccepted': 8100000000}, {'counterpartyType': 'mmf', 'amtAccepted': 144076000000}, {'counterpartyType': 'pd', 'amtAccepted': 510000000}]"
RP 052814 1,2014-05-28,Reverse Repo,"See announcement from <a href=""http://www.newyorkfed.org/markets/opolicy/operating_policy_140404.html""> April 4, 2014</a>.",171269000000,"[{'counterpartyType': 'bank', 'amtAccepted': 3100000000}, {'counterpartyType': 'gse', 'amtAccepted': 9450000000}, {'counterpartyType': 'mmf', 'amtAccepted': 157719000000}, {'counterpartyType': 'pd', 'amtAccepted': 1000000000}]"
RP 052714 1,2014-05-27,Reverse Repo,"See announcement from <a href=""http://www.newyorkfed.org/markets/opolicy/operating_policy_140404.html""> April 4, 2014</a>.",185923000000,"[{'counterpartyType': 'bank', 'amtAccepted': 3300000000}, {'counterpartyType': 'gse', 'amtAccepted': 11300000000}, {'counterpartyType': 'mmf', 'amtAccepted': 167323000000}, {'counterpartyType': 'pd', 'amtAccepted': 4000000000}]"
RP 052314 1,2014-05-23,Reverse Repo,"See announcement from <a href=""http://www.newyorkfed.org/markets/opolicy/operating_policy_140404.html""> April 4, 2014</a>.",182124000000,"[{'counterpartyType': 'bank', 'amtAccepted': 4300000000}, {'counterpartyType': 'gse', 'amtAccepted': 7350000000}, {'counterpartyType': 'mmf', 'amtAccepted': 163474000000}, {'counterpartyType': 'pd', 'amtAccepted': 7000000000}]"
RP 052214 1,2014-05-22,Reverse Repo,"See announcement from <a href=""http://www.newyorkfed.org/markets/opolicy/operating_policy_140404.html""> April 4, 2014</a>.",209095000000,"[{'counterpartyType': 'bank', 'amtAccepted': 4500000000}, {'counterpartyType': 'gse', 'amtAccepted': 20450000000}, {'counterpartyType': 'mmf', 'amtAccepted': 175145000000}, {'counterpartyType': 'pd', 'amtAccepted': 9000000000}]"
RP 052114 1,2014-05-21,Reverse Repo,"See announcement from <a href=""http://www.newyorkfed.org/markets/opolicy/operating_policy_140404.html""> April 4, 2014</a>.",220722000000,"[{'counterpartyType': 'bank', 'amtAccepted': 3300000000}, {'counterpartyType': 'gse', 'amtAccepted': 20850000000}, {'counterpartyType': 'mmf', 'amtAccepted': 173097000000}, {'counterpartyType': 'pd', 'amtAccepted': 23475000000}]"
RP 052014 1,2014-05-20,Reverse Repo,"See announcement from <a href=""http://www.newyorkfed.org/markets/opolicy/operating_policy_140404.html""> April 4, 2014</a>.",212512000000,"[{'counterpartyType': 'bank', 'amtAccepted': 3600000000}, {'counterpartyType': 'gse', 'amtAccepted': 23350000000}, {'counterpartyType': 'mmf', 'amtAccepted': 174062000000}, {'counterpartyType': 'pd', 'amtAccepted': 11500000000}]"
RP 051914 1,2014-05-19,Reverse Repo,"See announcement from <a href=""http://www.newyorkfed.org/markets/opolicy/operating_policy_140404.html""> April 4, 2014</a>.",201974000000,"[{'counterpartyType': 'bank', 'amtAccepted': 3600000000}, {'counterpartyType': 'gse', 'amtAccepted': 16800000000}, {'counterpartyType': 'mmf', 'amtAccepted': 173574000000}, {'counterpartyType': 'pd', 'amtAccepted': 8000000000}]"
RP 051614 1,2014-05-16,Reverse Repo,"See announcement from <a href=""http://www.newyorkfed.org/markets/opolicy/operating_policy_140404.html""> April 4, 2014</a>.",203540000000,"[{'counterpartyType': 'bank', 'amtAccepted': 3400000000}, {'counterpartyType': 'gse', 'amtAccepted': 18300000000}, {'counterpartyType': 'mmf', 'amtAccepted': 173840000000}, {'counterpartyType': 'pd', 'amtAccepted': 8000000000}]"
RP 051514 1,2014-05-15,Reverse Repo,"See announcement from <a href=""http://www.newyorkfed.org/markets/opolicy/operating_policy_140404.html""> April 4, 2014</a>.",192416000000,"[{'counterpartyType': 'bank', 'amtAccepted': 3400000000}, {'counterpartyType': 'gse', 'amtAccepted': 7300000000}, {'counterpartyType': 'mmf', 'amtAccepted': 173716000000}, {'counterpartyType': 'pd', 'amtAccepted': 8000000000}]"
RP 051414 1,2014-05-14,Reverse Repo,"See announcement from <a href=""http://www.newyorkfed.org/markets/opolicy/operating_policy_140404.html""> April 4, 2014</a>.",183187000000,"[{'counterpartyType': 'bank', 'amtAccepted': 3900000000}, {'counterpartyType': 'gse', 'amtAccepted': 7950000000}, {'counterpartyType': 'mmf', 'amtAccepted': 154137000000}, {'counterpartyType': 'pd', 'amtAccepted': 17200000000}]"
RP 051314 1,2014-05-13,Reverse Repo,"See announcement from <a href=""http://www.newyorkfed.org/markets/opolicy/operating_policy_140404.html""> April 4, 2014</a>.",204839000000,"[{'counterpartyType': 'bank', 'amtAccepted': 5200000000}, {'counterpartyType': 'gse', 'amtAccepted': 10450000000}, {'counterpartyType': 'mmf', 'amtAccepted': 158289000000}, {'counterpartyType': 'pd', 'amtAccepted': 30900000000}]"
RP 051214 1,2014-05-12,Reverse Repo,"See announcement from <a href=""http://www.newyorkfed.org/markets/opolicy/operating_policy_140404.html""> April 4, 2014</a>.",188963000000,"[{'counterpartyType': 'bank', 'amtAccepted': 3900000000}, {'counterpartyType': 'gse', 'amtAccepted': 9575000000}, {'counterpartyType': 'mmf', 'amtAccepted': 155638000000}, {'counterpartyType': 'pd', 'amtAccepted': 19850000000}]"
RP 050914 1,2014-05-09,Reverse Repo,"See announcement from <a href=""http://www.newyorkfed.org/markets/opolicy/operating_policy_140404.html""> April 4, 2014</a>.",186455000000,"[{'counterpartyType': 'bank', 'amtAccepted': 4400000000}, {'counterpartyType': 'gse', 'amtAccepted': 7250000000}, {'counterpartyType': 'mmf', 'amtAccepted': 158455000000}, {'counterpartyType': 'pd', 'amtAccepted': 16350000000}]"
RP 050814 1,2014-05-08,Reverse Repo,"See announcement from <a href=""http://www.newyorkfed.org/markets/opolicy/operating_policy_140404.html""> April 4, 2014</a>.",192030000000,"[{'counterpartyType': 'bank', 'amtAccepted': 3660000000}, {'counterpartyType': 'gse', 'amtAccepted': 5750000000}, {'counterpartyType': 'mmf', 'amtAccepted': 165860000000}, {'counterpartyType': 'pd', 'amtAccepted': 16760000000}]"
RP 050714 1,2014-05-07,Reverse Repo,"See announcement from <a href=""http://www.newyorkfed.org/markets/opolicy/operating_policy_140404.html""> April 4, 2014</a>.",193706000000,"[{'counterpartyType': 'bank', 'amtAccepted': 3410000000}, {'counterpartyType': 'gse', 'amtAccepted': 5650000000}, {'counterpartyType': 'mmf', 'amtAccepted': 167646000000}, {'counterpartyType': 'pd', 'amtAccepted': 17000000000}]"
RP 050614 1,2014-05-06,Reverse Repo,"See announcement from <a href=""http://www.newyorkfed.org/markets/opolicy/operating_policy_140404.html""> April 4, 2014</a>.",198721000000,"[{'counterpartyType': 'bank', 'amtAccepted': 3410000000}, {'counterpartyType': 'gse', 'amtAccepted': 5050000000}, {'counterpartyType': 'mmf', 'amtAccepted': 173511000000}, {'counterpartyType': 'pd', 'amtAccepted': 16750000000}]"
RP 050514 1,2014-05-05,Reverse Repo,"See announcement from <a href=""http://www.newyorkfed.org/markets/opolicy/operating_policy_140404.html""> April 4, 2014</a>.",199895000000,"[{'counterpartyType': 'bank', 'amtAccepted': 3410000000}, {'counterpartyType': 'gse', 'amtAccepted': 6800000000}, {'counterpartyType': 'mmf', 'amtAccepted': 168420000000}, {'counterpartyType': 'pd', 'amtAccepted': 21265000000}]"
RP 050214 1,2014-05-02,Reverse Repo,"See announcement from <a href=""http://www.newyorkfed.org/markets/opolicy/operating_policy_140404.html""> April 4, 2014</a>.",185246000000,"[{'counterpartyType': 'bank', 'amtAccepted': 3460000000}, {'counterpartyType': 'gse', 'amtAccepted': 6850000000}, {'counterpartyType': 'mmf', 'amtAccepted': 164926000000}, {'counterpartyType': 'pd', 'amtAccepted': 10010000000}]"
RP 050114 1,2014-05-01,Reverse Repo,"See announcement from <a href=""http://www.newyorkfed.org/markets/opolicy/operating_policy_140404.html""> April 4, 2014</a>.",175868000000,"[{'counterpartyType': 'bank', 'amtAccepted': 3360000000}, {'counterpartyType': 'gse', 'amtAccepted': 6300000000}, {'counterpartyType': 'mmf', 'amtAccepted': 157198000000}, {'counterpartyType': 'pd', 'amtAccepted': 9010000000}]"
RP 043014 1,2014-04-30,Reverse Repo,"See announcement from <a href=""http://www.newyorkfed.org/markets/opolicy/operating_policy_140404.html""> April 4, 2014</a>.",208222000000,"[{'counterpartyType': 'bank', 'amtAccepted': 3460000000}, {'counterpartyType': 'gse', 'amtAccepted': 11450000000}, {'counterpartyType': 'mmf', 'amtAccepted': 175052000000}, {'counterpartyType': 'pd', 'amtAccepted': 18260000000}]"
RP 042914 1,2014-04-29,Reverse Repo,"See announcement from <a href=""http://www.newyorkfed.org/markets/opolicy/operating_policy_140404.html""> April 4, 2014</a>.",183327000000,"[{'counterpartyType': 'bank', 'amtAccepted': 2960000000}, {'counterpartyType': 'gse', 'amtAccepted': 8500000000}, {'counterpartyType': 'mmf', 'amtAccepted': 135157000000}, {'counterpartyType': 'pd', 'amtAccepted': 36710000000}]"
RP 042814 1,2014-04-28,Reverse Repo,"See announcement from <a href=""http://www.newyorkfed.org/markets/opolicy/operating_policy_140404.html""> April 4, 2014</a>.",180822000000,"[{'counterpartyType': 'bank', 'amtAccepted': 2960000000}, {'counterpartyType': 'gse', 'amtAccepted': 9950000000}, {'counterpartyType': 'mmf', 'amtAccepted': 131202000000}, {'counterpartyType': 'pd', 'amtAccepted': 36710000000}]"
RP 042514 1,2014-04-25,Reverse Repo,"See announcement from <a href=""http://www.newyorkfed.org/markets/opolicy/operating_policy_140404.html""> April 4, 2014</a>.",166168000000,"[{'counterpartyType': 'bank', 'amtAccepted': 3110000000}, {'counterpartyType': 'gse', 'amtAccepted': 9400000000}, {'counterpartyType': 'mmf', 'amtAccepted': 125798000000}, {'counterpartyType': 'pd', 'amtAccepted': 27860000000}]"
RP 042414 1,2014-04-24,Reverse Repo,"See announcement from <a href=""http://www.newyorkfed.org/markets/opolicy/operating_policy_140404.html""> April 4, 2014</a>.",153847000000,"[{'counterpartyType': 'bank', 'amtAccepted': 2870000000}, {'counterpartyType': 'gse', 'amtAccepted': 6000000000}, {'counterpartyType': 'mmf', 'amtAccepted': 126367000000}, {'counterpartyType': 'pd', 'amtAccepted': 18610000000}]"
RP 042314 1,2014-04-23,Reverse Repo,"See announcement from <a href=""http://www.newyorkfed.org/markets/opolicy/operating_policy_140404.html""> April 4, 2014</a>.",147951000000,"[{'counterpartyType': 'bank', 'amtAccepted': 4160000000}, {'counterpartyType': 'gse', 'amtAccepted': 14500000000}, {'counterpartyType': 'mmf', 'amtAccepted': 110631000000}, {'counterpartyType': 'pd', 'amtAccepted': 18660000000}]"
RP 042214 1,2014-04-22,Reverse Repo,"See announcement from <a href=""http://www.newyorkfed.org/markets/opolicy/operating_policy_140404.html""> April 4, 2014</a>.",159202000000,"[{'counterpartyType': 'bank', 'amtAccepted': 4060000000}, {'counterpartyType': 'gse', 'amtAccepted': 13500000000}, {'counterpartyType': 'mmf', 'amtAccepted': 107232000000}, {'counterpartyType': 'pd', 'amtAccepted': 34410000000}]"
RP 042114 1,2014-04-21,Reverse Repo,"See announcement from <a href=""http://www.newyorkfed.org/markets/opolicy/operating_policy_140404.html""> April 4, 2014</a>.",129837000000,"[{'counterpartyType': 'bank', 'amtAccepted': 4010000000}, {'counterpartyType': 'gse', 'amtAccepted': 14250000000}, {'counterpartyType': 'mmf', 'amtAccepted': 83867000000}, {'counterpartyType': 'pd', 'amtAccepted': 27710000000}]"
RP 041714 1,2014-04-17,Reverse Repo,"See announcement from <a href=""http://www.newyorkfed.org/markets/opolicy/operating_policy_140404.html""> April 4, 2014</a>.",75608000000,
RP 041614 1,2014-04-16,Reverse Repo,"See announcement from <a href=""http://www.newyorkfed.org/markets/opolicy/operating_policy_140404.html""> April 4, 2014</a>.",71744000000,"[{'counterpartyType': 'bank', 'amtAccepted': 2210000000}, {'counterpartyType': 'gse', 'amtAccepted': 2250000000}, {'counterpartyType': 'mmf', 'amtAccepted': 67174000000}, {'counterpartyType': 'pd', 'amtAccepted': 110000000}]"
RP 041514 1,2014-04-15,Reverse Repo,"See announcement from <a href=""http://www.newyorkfed.org/markets/opolicy/operating_policy_140404.html""> April 4, 2014</a>.",64907000000,"[{'counterpartyType': 'bank', 'amtAccepted': 2210000000}, {'counterpartyType': 'gse', 'amtAccepted': 2550000000}, {'counterpartyType': 'mmf', 'amtAccepted': 58037000000}, {'counterpartyType': 'pd', 'amtAccepted': 2110000000}]"
RP 041414 1,2014-04-14,Reverse Repo,"See announcement from <a href=""http://www.newyorkfed.org/markets/opolicy/operating_policy_140404.html""> April 4, 2014</a>.",75823000000,"[{'counterpartyType': 'bank', 'amtAccepted': 3260000000}, {'counterpartyType': 'gse', 'amtAccepted': 4000000000}, {'counterpartyType': 'mmf', 'amtAccepted': 68453000000}, {'counterpartyType': 'pd', 'amtAccepted': 110000000}]"
RP 041114 1,2014-04-11,Reverse Repo,"See announcement from <a href=""http://www.newyorkfed.org/markets/opolicy/operating_policy_140404.html""> April 4, 2014</a>.",80874000000,"[{'counterpartyType': 'bank', 'amtAccepted': 2460000000}, {'counterpartyType': 'gse', 'amtAccepted': 3500000000}, {'counterpartyType': 'mmf', 'amtAccepted': 73804000000}, {'counterpartyType': 'pd', 'amtAccepted': 1110000000}]"
RP 041014 1,2014-04-10,Reverse Repo,"See announcement from <a href=""http://www.newyorkfed.org/markets/opolicy/operating_policy_140404.html""> April 4, 2014</a>.",93958000000,"[{'counterpartyType': 'bank', 'amtAccepted': 2161000000}, {'counterpartyType': 'gse', 'amtAccepted': 3500000000}, {'counterpartyType': 'mmf', 'amtAccepted': 83687000000}, {'counterpartyType': 'pd', 'amtAccepted': 4610000000}]"
RP 040914 1,2014-04-09,Reverse Repo,"See announcement from <a href=""http://www.newyorkfed.org/markets/opolicy/operating_policy_140404.html""> April 4, 2014</a>.",89023000000,"[{'counterpartyType': 'bank', 'amtAccepted': 1910000000}, {'counterpartyType': 'gse', 'amtAccepted': 3250000000}, {'counterpartyType': 'mmf', 'amtAccepted': 83753000000}, {'counterpartyType': 'pd', 'amtAccepted': 110000000}]"
RP 040814 1,2014-04-08,Reverse Repo,"See announcement from <a href=""http://www.newyorkfed.org/markets/opolicy/operating_policy_140404.html""> April 4, 2014</a>.",94435000000,"[{'counterpartyType': 'bank', 'amtAccepted': 1561000000}, {'counterpartyType': 'gse', 'amtAccepted': 4850000000}, {'counterpartyType': 'mmf', 'amtAccepted': 85414000000}, {'counterpartyType': 'pd', 'amtAccepted': 2610000000}]"
RP 040714 1,2014-04-07,Reverse Repo,"See announcement from <a href=""http://www.newyorkfed.org/markets/opolicy/operating_policy_140404.html""> April 4, 2014</a>.",94739000000,"[{'counterpartyType': 'bank', 'amtAccepted': 1260000000}, {'counterpartyType': 'gse', 'amtAccepted': 3000000000}, {'counterpartyType': 'mmf', 'amtAccepted': 90369000000}, {'counterpartyType': 'pd', 'amtAccepted': 110000000}]"
RP 040414 1,2014-04-04,Reverse Repo,"See announcement from <a href=""http://www.newyorkfed.org/markets/opolicy/operating_policy_140304.html""> March 4, 2014</a>.",95244000000,"[{'counterpartyType': 'bank', 'amtAccepted': 1760000000}, {'counterpartyType': 'gse', 'amtAccepted': 3000000000}, {'counterpartyType': 'mmf', 'amtAccepted': 90374000000}, {'counterpartyType': 'pd', 'amtAccepted': 110000000}]"
RP 040314 1,2014-04-03,Reverse Repo,"See announcement from <a href=""http://www.newyorkfed.org/markets/opolicy/operating_policy_140304.html""> March 4, 2014</a>.",96380000000,"[{'counterpartyType': 'bank', 'amtAccepted': 2260000000}, {'counterpartyType': 'gse', 'amtAccepted': 4000000000}, {'counterpartyType': 'mmf', 'amtAccepted': 90010000000}, {'counterpartyType': 'pd', 'amtAccepted': 110000000}]"
RP 040214 1,2014-04-02,Reverse Repo,"See announcement from <a href=""http://www.newyorkfed.org/markets/opolicy/operating_policy_140304.html""> March 4, 2014</a>.",106045000000,"[{'counterpartyType': 'bank', 'amtAccepted': 2560000000}, {'counterpartyType': 'gse', 'amtAccepted': 4750000000}, {'counterpartyType': 'mmf', 'amtAccepted': 98625000000}, {'counterpartyType': 'pd', 'amtAccepted': 110000000}]"
RP 040114 1,2014-04-01,Reverse Repo,"See announcement from <a href=""http://www.newyorkfed.org/markets/opolicy/operating_policy_140304.html""> March 4, 2014</a>.",113017000000,"[{'counterpartyType': 'bank', 'amtAccepted': 2310000000}, {'counterpartyType': 'gse', 'amtAccepted': 10000000000}, {'counterpartyType': 'mmf', 'amtAccepted': 98597000000}, {'counterpartyType': 'pd', 'amtAccepted': 2110000000}]"
RP 033114 1,2014-03-31,Reverse Repo,"See announcement from <a href=""http://www.newyorkfed.org/markets/opolicy/operating_policy_140304.html""> March 4, 2014</a>.",242069000000,"[{'counterpartyType': 'bank', 'amtAccepted': 1710000000}, {'counterpartyType': 'gse', 'amtAccepted': 18265000000}, {'counterpartyType': 'mmf', 'amtAccepted': 221984000000}, {'counterpartyType': 'pd', 'amtAccepted': 110000000}]"
RP 032814 1,2014-03-28,Reverse Repo,"See announcement from <a href=""http://www.newyorkfed.org/markets/opolicy/operating_policy_140304.html""> March 4, 2014</a>.",128162000000,"[{'counterpartyType': 'bank', 'amtAccepted': 1710000000}, {'counterpartyType': 'gse', 'amtAccepted': 19500000000}, {'counterpartyType': 'mmf', 'amtAccepted': 94152000000}, {'counterpartyType': 'pd', 'amtAccepted': 12800000000}]"
RP 032714 1,2014-03-27,Reverse Repo,"See announcement from <a href=""http://www.newyorkfed.org/markets/opolicy/operating_policy_140304.html""> March 4, 2014</a>.",112832000000,"[{'counterpartyType': 'bank', 'amtAccepted': 2910000000}, {'counterpartyType': 'gse', 'amtAccepted': 14050000000}, {'counterpartyType': 'mmf', 'amtAccepted': 83562000000}, {'counterpartyType': 'pd', 'amtAccepted': 12310000000}]"
RP 032614 1,2014-03-26,Reverse Repo,"See announcement from <a href=""http://www.newyorkfed.org/markets/opolicy/operating_policy_140304.html""> March 4, 2014</a>.",101944000000,"[{'counterpartyType': 'bank', 'amtAccepted': 5960000000}, {'counterpartyType': 'gse', 'amtAccepted': 11300000000}, {'counterpartyType': 'mmf', 'amtAccepted': 72824000000}, {'counterpartyType': 'pd', 'amtAccepted': 11860000000}]"
RP 032514 1,2014-03-25,Reverse Repo,"See announcement from <a href=""http://www.newyorkfed.org/markets/opolicy/operating_policy_140304.html""> March 4, 2014</a>.",94432000000,"[{'counterpartyType': 'bank', 'amtAccepted': 2710000000}, {'counterpartyType': 'gse', 'amtAccepted': 11400000000}, {'counterpartyType': 'mmf', 'amtAccepted': 65322000000}, {'counterpartyType': 'pd', 'amtAccepted': 15000000000}]"
RP 032414 1,2014-03-24,Reverse Repo,"See announcement from <a href=""http://www.newyorkfed.org/markets/opolicy/operating_policy_140304.html""> March 4, 2014</a>.",79629000000,"[{'counterpartyType': 'bank', 'amtAccepted': 1710000000}, {'counterpartyType': 'gse', 'amtAccepted': 9700000000}, {'counterpartyType': 'mmf', 'amtAccepted': 65609000000}, {'counterpartyType': 'pd', 'amtAccepted': 2610000000}]"
RP 032114 1,2014-03-21,Reverse Repo,"See announcement from <a href=""http://www.newyorkfed.org/markets/opolicy/operating_policy_140304.html""> March 4, 2014</a>.",96847000000,"[{'counterpartyType': 'bank', 'amtAccepted': 3710000000}, {'counterpartyType': 'gse', 'amtAccepted': 12975000000}, {'counterpartyType': 'mmf', 'amtAccepted': 72802000000}, {'counterpartyType': 'pd', 'amtAccepted': 7360000000}]"
RP 032014 1,2014-03-20,Reverse Repo,"See announcement from <a href=""http://www.newyorkfed.org/markets/opolicy/operating_policy_140304.html""> March 4, 2014</a>.",80564000000,"[{'counterpartyType': 'bank', 'amtAccepted': 1710000000}, {'counterpartyType': 'gse', 'amtAccepted': 12050000000}, {'counterpartyType': 'mmf', 'amtAccepted': 62044000000}, {'counterpartyType': 'pd', 'amtAccepted': 4760000000}]"
RP 031914 1,2014-03-19,Reverse Repo,"See announcement from <a href=""http://www.newyorkfed.org/markets/opolicy/operating_policy_140304.html""> March 4, 2014</a>.",76145000000,"[{'counterpartyType': 'bank', 'amtAccepted': 1710000000}, {'counterpartyType': 'gse', 'amtAccepted': 14130000000}, {'counterpartyType': 'mmf', 'amtAccepted': 56795000000}, {'counterpartyType': 'pd', 'amtAccepted': 3510000000}]"
RP 031814 1,2014-03-18,Reverse Repo,"See announcement from <a href=""http://www.newyorkfed.org/markets/opolicy/operating_policy_140304.html""> March 4, 2014</a>.",78606000000,"[{'counterpartyType': 'bank', 'amtAccepted': 2710000000}, {'counterpartyType': 'gse', 'amtAccepted': 9400000000}, {'counterpartyType': 'mmf', 'amtAccepted': 59386000000}, {'counterpartyType': 'pd', 'amtAccepted': 7110000000}]"
RP 031714 2,2014-03-17,Reverse Repo,"See announcement from <a href=""http://www.newyorkfed.org/markets/opolicy/operating_policy_140304.html""> March 4, 2014</a>.",48592000000,"[{'counterpartyType': 'bank', 'amtAccepted': 1710000000}, {'counterpartyType': 'gse', 'amtAccepted': 3500000000}, {'counterpartyType': 'mmf', 'amtAccepted': 43272000000}, {'counterpartyType': 'pd', 'amtAccepted': 110000000}]"
RP 031414 1,2014-03-14,Reverse Repo,"See announcement from <a href=""http://www.newyorkfed.org/markets/opolicy/operating_policy_140304.html""> March 4, 2014</a>.",54253000000,"[{'counterpartyType': 'bank', 'amtAccepted': 1660000000}, {'counterpartyType': 'gse', 'amtAccepted': 3700000000}, {'counterpartyType': 'mmf', 'amtAccepted': 48783000000}, {'counterpartyType': 'pd', 'amtAccepted': 110000000}]"
RP 031314 1,2014-03-13,Reverse Repo,"See announcement from <a href=""http://www.newyorkfed.org/markets/opolicy/operating_policy_140304.html""> March 4, 2014</a>.",70357000000,"[{'counterpartyType': 'bank', 'amtAccepted': 1610000000}, {'counterpartyType': 'gse', 'amtAccepted': 6550000000}, {'counterpartyType': 'mmf', 'amtAccepted': 57587000000}, {'counterpartyType': 'pd', 'amtAccepted': 4610000000}]"
RP 031214 1,2014-03-12,Reverse Repo,"See announcement from <a href=""http://www.newyorkfed.org/markets/opolicy/operating_policy_140304.html""> March 4, 2014</a>.",66200000000,"[{'counterpartyType': 'bank', 'amtAccepted': 1610000000}, {'counterpartyType': 'gse', 'amtAccepted': 4550000000}, {'counterpartyType': 'mmf', 'amtAccepted': 59930000000}, {'counterpartyType': 'pd', 'amtAccepted': 110000000}]"
RP 031114 1,2014-03-11,Reverse Repo,"See announcement from <a href=""http://www.newyorkfed.org/markets/opolicy/operating_policy_140304.html""> March 4, 2014</a>.",72275000000,"[{'counterpartyType': 'bank', 'amtAccepted': 1710000000}, {'counterpartyType': 'gse', 'amtAccepted': 4350000000}, {'counterpartyType': 'mmf', 'amtAccepted': 58705000000}, {'counterpartyType': 'pd', 'amtAccepted': 7510000000}]"
RP 031014 1,2014-03-10,Reverse Repo,"See announcement from <a href=""http://www.newyorkfed.org/markets/opolicy/operating_policy_140304.html""> March 4, 2014</a>.",71890000000,"[{'counterpartyType': 'bank', 'amtAccepted': 2210000000}, {'counterpartyType': 'gse', 'amtAccepted': 4900000000}, {'counterpartyType': 'mmf', 'amtAccepted': 62670000000}, {'counterpartyType': 'pd', 'amtAccepted': 2110000000}]"
RP 030714 1,2014-03-07,Reverse Repo,"See announcement from <a href=""http://www.newyorkfed.org/markets/opolicy/operating_policy_140304.html""> March 4, 2014</a>.",57908000000,"[{'counterpartyType': 'bank', 'amtAccepted': 2010000000}, {'counterpartyType': 'gse', 'amtAccepted': 5000000000}, {'counterpartyType': 'mmf', 'amtAccepted': 50788000000}, {'counterpartyType': 'pd', 'amtAccepted': 110000000}]"
RP 030614 1,2014-03-06,Reverse Repo,"See announcement from <a href=""http://www.newyorkfed.org/markets/opolicy/operating_policy_140304.html""> March 4, 2014</a>.",55489000000,"[{'counterpartyType': 'bank', 'amtAccepted': 1712000000}, {'counterpartyType': 'gse', 'amtAccepted': 6000000000}, {'counterpartyType': 'mmf', 'amtAccepted': 47667000000}, {'counterpartyType': 'pd', 'amtAccepted': 110000000}]"
RP 030514 1,2014-03-05,Reverse Repo,"See announcement from <a href=""http://www.newyorkfed.org/markets/opolicy/operating_policy_140304.html""> March 4, 2014</a>.",76183000000,"[{'counterpartyType': 'bank', 'amtAccepted': 2311000000}, {'counterpartyType': 'gse', 'amtAccepted': 6750000000}, {'counterpartyType': 'mmf', 'amtAccepted': 62012000000}, {'counterpartyType': 'pd', 'amtAccepted': 5110000000}]"
RP 030414 1,2014-03-04,Reverse Repo,"See announcement from <a href=""http://www.newyorkfed.org/markets/opolicy/operating_policy_140225.html""> February 25, 2014</a>.",66129000000,"[{'counterpartyType': 'bank', 'amtAccepted': 1910000000}, {'counterpartyType': 'gse', 'amtAccepted': 6300000000}, {'counterpartyType': 'mmf', 'amtAccepted': 57809000000}, {'counterpartyType': 'pd', 'amtAccepted': 110000000}]"
RP 030314 1,2014-03-03,Reverse Repo,"See announcement from <a href=""http://www.newyorkfed.org/markets/opolicy/operating_policy_140225.html""> February 25, 2014</a>.",80225000000,"[{'counterpartyType': 'bank', 'amtAccepted': 1910000000}, {'counterpartyType': 'gse', 'amtAccepted': 6750000000}, {'counterpartyType': 'mmf', 'amtAccepted': 71455000000}, {'counterpartyType': 'pd', 'amtAccepted': 110000000}]"
RP 022814 1,2014-02-28,Reverse Repo,"See announcement from <a href=""http://www.newyorkfed.org/markets/opolicy/operating_policy_140225.html""> February 25, 2014</a>.",114479000000,"[{'counterpartyType': 'bank', 'amtAccepted': 1710000000}, {'counterpartyType': 'gse', 'amtAccepted': 8250000000}, {'counterpartyType': 'mmf', 'amtAccepted': 104409000000}, {'counterpartyType': 'pd', 'amtAccepted': 110000000}]"
RP 022714 1,2014-02-27,Reverse Repo,"See announcement from <a href=""http://www.newyorkfed.org/markets/opolicy/operating_policy_140225.html""> February 25, 2014</a>.",120886000000,"[{'counterpartyType': 'bank', 'amtAccepted': 1710000000}, {'counterpartyType': 'gse', 'amtAccepted': 14000000000}, {'counterpartyType': 'mmf', 'amtAccepted': 101166000000}, {'counterpartyType': 'pd', 'amtAccepted': 4010000000}]"
RP 022614 1,2014-02-26,Reverse Repo,"See announcement from <a href=""http://www.newyorkfed.org/markets/opolicy/operating_policy_140225.html""> February 25, 2014</a>.",130111000000,"[{'counterpartyType': 'bank', 'amtAccepted': 1010000000}, {'counterpartyType': 'gse', 'amtAccepted': 16650000000}, {'counterpartyType': 'mmf', 'amtAccepted': 88601000000}, {'counterpartyType': 'pd', 'amtAccepted': 23850000000}]"
RP 022514 1,2014-02-25,Reverse Repo,"See announcement from <a href=""http://www.newyorkfed.org/markets/opolicy/operating_policy_140214.html""> February 14, 2014</a>.",103735000000,"[{'counterpartyType': 'bank', 'amtAccepted': 760000000}, {'counterpartyType': 'gse', 'amtAccepted': 14100000000}, {'counterpartyType': 'mmf', 'amtAccepted': 75265000000}, {'counterpartyType': 'pd', 'amtAccepted': 13610000000}]"
RP 022414 1,2014-02-24,Reverse Repo,"See announcement from <a href=""http://www.newyorkfed.org/markets/opolicy/operating_policy_140214.html""> February 14, 2014</a>.",96142000000,"[{'counterpartyType': 'bank', 'amtAccepted': 2110000000}, {'counterpartyType': 'gse', 'amtAccepted': 8900000000}, {'counterpartyType': 'mmf', 'amtAccepted': 77572000000}, {'counterpartyType': 'pd', 'amtAccepted': 7560000000}]"
RP 022114 1,2014-02-21,Reverse Repo,"See announcement from <a href=""http://www.newyorkfed.org/markets/opolicy/operating_policy_140214.html""> February 14, 2014</a>.",104045000000,"[{'counterpartyType': 'bank', 'amtAccepted': 1160000000}, {'counterpartyType': 'gse', 'amtAccepted': 12750000000}, {'counterpartyType': 'mmf', 'amtAccepted': 73685000000}, {'counterpartyType': 'pd', 'amtAccepted': 16450000000}]"
RP 022014 1,2014-02-20,Reverse Repo,"See announcement from <a href=""http://www.newyorkfed.org/markets/opolicy/operating_policy_140214.html""> February 14, 2014</a>.",84254000000,"[{'counterpartyType': 'bank', 'amtAccepted': 1010000000}, {'counterpartyType': 'gse', 'amtAccepted': 13100000000}, {'counterpartyType': 'mmf', 'amtAccepted': 63534000000}, {'counterpartyType': 'pd', 'amtAccepted': 6610000000}]"
RP 021914 1,2014-02-19,Reverse Repo,"See announcement from <a href=""http://www.newyorkfed.org/markets/opolicy/operating_policy_140214.html""> February 14, 2014</a>.",83299000000,"[{'counterpartyType': 'bank', 'amtAccepted': 1010000000}, {'counterpartyType': 'gse', 'amtAccepted': 14200000000}, {'counterpartyType': 'mmf', 'amtAccepted': 59289000000}, {'counterpartyType': 'pd', 'amtAccepted': 8800000000}]"
RP 021814 1,2014-02-18,Reverse Repo,"See announcement from <a href=""http://www.newyorkfed.org/markets/opolicy/operating_policy_140214.html""> February 14, 2014</a>.",70834000000,"[{'counterpartyType': 'bank', 'amtAccepted': 1010000000}, {'counterpartyType': 'gse', 'amtAccepted': 16500000000}, {'counterpartyType': 'mmf', 'amtAccepted': 53214000000}, {'counterpartyType': 'pd', 'amtAccepted': 110000000}]"
RP 021414 1,2014-02-14,Reverse Repo,"See announcement from <a href=""http://www.newyorkfed.org/markets/opolicy/operating_policy_140129.html""> January 29, 2014</a>.",87715000000,"[{'counterpartyType': 'bank', 'amtAccepted': 1410000000}, {'counterpartyType': 'gse', 'amtAccepted': 11750000000}, {'counterpartyType': 'mmf', 'amtAccepted': 66805000000}, {'counterpartyType': 'pd', 'amtAccepted': 7750000000}]"
RP 021314 1,2014-02-13,Reverse Repo,"See announcement from <a href=""http://www.newyorkfed.org/markets/opolicy/operating_policy_140129.html""> January 29, 2014</a>.",101186000000,"[{'counterpartyType': 'bank', 'amtAccepted': 1960000000}, {'counterpartyType': 'gse', 'amtAccepted': 8600000000}, {'counterpartyType': 'mmf', 'amtAccepted': 67666000000}, {'counterpartyType': 'pd', 'amtAccepted': 22960000000}]"
RP 021214 1,2014-02-12,Reverse Repo,"See announcement from <a href=""http://www.newyorkfed.org/markets/opolicy/operating_policy_140129.html""> January 29, 2014</a>.",94026000000,"[{'counterpartyType': 'bank', 'amtAccepted': 1960000000}, {'counterpartyType': 'gse', 'amtAccepted': 8850000000}, {'counterpartyType': 'mmf', 'amtAccepted': 75506000000}, {'counterpartyType': 'pd', 'amtAccepted': 7710000000}]"
RP 021114 1,2014-02-11,Reverse Repo,"See announcement from <a href=""http://www.newyorkfed.org/markets/opolicy/operating_policy_140129.html""> January 29, 2014</a>.",98871000000,"[{'counterpartyType': 'bank', 'amtAccepted': 2061000000}, {'counterpartyType': 'gse', 'amtAccepted': 8650000000}, {'counterpartyType': 'mmf', 'amtAccepted': 72860000000}, {'counterpartyType': 'pd', 'amtAccepted': 15300000000}]"
RP 021014 1,2014-02-10,Reverse Repo,"See announcement from <a href=""http://www.newyorkfed.org/markets/opolicy/operating_policy_140129.html""> January 29, 2014</a>.",112214000000,"[{'counterpartyType': 'bank', 'amtAccepted': 3510000000}, {'counterpartyType': 'gse', 'amtAccepted': 14000000000}, {'counterpartyType': 'mmf', 'amtAccepted': 84604000000}, {'counterpartyType': 'pd', 'amtAccepted': 10100000000}]"
RP 020714 1,2014-02-07,Reverse Repo,"See announcement from <a href=""http://www.newyorkfed.org/markets/opolicy/operating_policy_140129.html""> January 29, 2014</a>.",101109000000,"[{'counterpartyType': 'bank', 'amtAccepted': 3010000000}, {'counterpartyType': 'gse', 'amtAccepted': 12959000000}, {'counterpartyType': 'mmf', 'amtAccepted': 82080000000}, {'counterpartyType': 'pd', 'amtAccepted': 3060000000}]"
RP 020614 1,2014-02-06,Reverse Repo,"See announcement from <a href=""http://www.newyorkfed.org/markets/opolicy/operating_policy_140129.html""> January 29, 2014</a>.",101917000000,"[{'counterpartyType': 'bank', 'amtAccepted': 2010000000}, {'counterpartyType': 'gse', 'amtAccepted': 15100000000}, {'counterpartyType': 'mmf', 'amtAccepted': 79107000000}, {'counterpartyType': 'pd', 'amtAccepted': 5700000000}]"
RP 020514 1,2014-02-05,Reverse Repo,"See announcement from <a href=""http://www.newyorkfed.org/markets/opolicy/operating_policy_140129.html""> January 29, 2014</a>.",100382000000,"[{'counterpartyType': 'bank', 'amtAccepted': 1610000000}, {'counterpartyType': 'gse', 'amtAccepted': 14600000000}, {'counterpartyType': 'mmf', 'amtAccepted': 77962000000}, {'counterpartyType': 'pd', 'amtAccepted': 6210000000}]"
RP 020414 1,2014-02-04,Reverse Repo,"See announcement from <a href=""http://www.newyorkfed.org/markets/opolicy/operating_policy_140129.html""> January 29, 2014</a>.",105798000000,"[{'counterpartyType': 'bank', 'amtAccepted': 2361000000}, {'counterpartyType': 'gse', 'amtAccepted': 15300000000}, {'counterpartyType': 'mmf', 'amtAccepted': 73027000000}, {'counterpartyType': 'pd', 'amtAccepted': 15110000000}]"
RP 020314 1,2014-02-03,Reverse Repo,"See announcement from <a href=""http://www.newyorkfed.org/markets/opolicy/operating_policy_140129.html""> January 29, 2014</a>.",69923000000,"[{'counterpartyType': 'bank', 'amtAccepted': 1610000000}, {'counterpartyType': 'gse', 'amtAccepted': 11850000000}, {'counterpartyType': 'mmf', 'amtAccepted': 53353000000}, {'counterpartyType': 'pd', 'amtAccepted': 3110000000}]"
RP 013114 1,2014-01-31,Reverse Repo,"See announcement from <a href=""http://www.newyorkfed.org/markets/opolicy/operating_policy_140129.html""> January 29, 2014</a>.",102139000000,"[{'counterpartyType': 'bank', 'amtAccepted': 1410000000}, {'counterpartyType': 'gse', 'amtAccepted': 14150000000}, {'counterpartyType': 'mmf', 'amtAccepted': 82469000000}, {'counterpartyType': 'pd', 'amtAccepted': 4110000000}]"
RP 013014 1,2014-01-30,Reverse Repo,"See announcement from <a href=""http://www.newyorkfed.org/markets/opolicy/operating_policy_140129.html""> January 29, 2014</a>.",98320000000,"[{'counterpartyType': 'bank', 'amtAccepted': 910000000}, {'counterpartyType': 'gse', 'amtAccepted': 13400000000}, {'counterpartyType': 'mmf', 'amtAccepted': 71100000000}, {'counterpartyType': 'pd', 'amtAccepted': 12910000000}]"
RP 012914 1,2014-01-29,Reverse Repo,"See announcement from <a href=""http://www.newyorkfed.org/markets/opolicy/operating_policy_140113.html""> January 13, 2014</a>.",94276000000,"[{'counterpartyType': 'bank', 'amtAccepted': 811000000}, {'counterpartyType': 'gse', 'amtAccepted': 11200000000}, {'counterpartyType': 'mmf', 'amtAccepted': 55205000000}, {'counterpartyType': 'pd', 'amtAccepted': 27060000000}]"
RP 012814 1,2014-01-28,Reverse Repo,"See announcement from <a href=""http://www.newyorkfed.org/markets/opolicy/operating_policy_140113.html""> January 13, 2014</a>.",94530000000,"[{'counterpartyType': 'bank', 'amtAccepted': 1510000000}, {'counterpartyType': 'gse', 'amtAccepted': 10800000000}, {'counterpartyType': 'mmf', 'amtAccepted': 57860000000}, {'counterpartyType': 'pd', 'amtAccepted': 24360000000}]"
RP 012714 1,2014-01-27,Reverse Repo,"See announcement from <a href=""http://www.newyorkfed.org/markets/opolicy/operating_policy_140113.html""> January 13, 2014</a>.",85680000000,"[{'counterpartyType': 'bank', 'amtAccepted': 160000000}, {'counterpartyType': 'gse', 'amtAccepted': 8950000000}, {'counterpartyType': 'mmf', 'amtAccepted': 52260000000}, {'counterpartyType': 'pd', 'amtAccepted': 24310000000}]"
RP 012414 1,2014-01-24,Reverse Repo,"See announcement from <a href=""http://www.newyorkfed.org/markets/opolicy/operating_policy_140113.html""> January 13, 2014</a>.",72495000000,"[{'counterpartyType': 'bank', 'amtAccepted': 2010000000}, {'counterpartyType': 'gse', 'amtAccepted': 2950000000}, {'counterpartyType': 'mmf', 'amtAccepted': 54835000000}, {'counterpartyType': 'pd', 'amtAccepted': 12700000000}]"
RP 012314 1,2014-01-23,Reverse Repo,"See announcement from <a href=""http://www.newyorkfed.org/markets/opolicy/operating_policy_140113.html""> January 13, 2014</a>.",84917000000,"[{'counterpartyType': 'bank', 'amtAccepted': 2010000000}, {'counterpartyType': 'gse', 'amtAccepted': 7450000000}, {'counterpartyType': 'mmf', 'amtAccepted': 61697000000}, {'counterpartyType': 'pd', 'amtAccepted': 13760000000}]"
RP 012214 1,2014-01-22,Reverse Repo,"See announcement from <a href=""http://www.newyorkfed.org/markets/opolicy/operating_policy_140113.html""> January 13, 2014</a>.",93711000000,"[{'counterpartyType': 'bank', 'amtAccepted': 510000000}, {'counterpartyType': 'gse', 'amtAccepted': 6100000000}, {'counterpartyType': 'mmf', 'amtAccepted': 58651000000}, {'counterpartyType': 'pd', 'amtAccepted': 28450000000}]"
RP 012114 1,2014-01-21,Reverse Repo,"See announcement from <a href=""http://www.newyorkfed.org/markets/opolicy/operating_policy_140113.html""> January 13, 2014</a>.",82420000000,"[{'counterpartyType': 'bank', 'amtAccepted': 1360000000}, {'counterpartyType': 'gse', 'amtAccepted': 9500000000}, {'counterpartyType': 'mmf', 'amtAccepted': 51100000000}, {'counterpartyType': 'pd', 'amtAccepted': 20460000000}]"
RP 011714 1,2014-01-17,Reverse Repo,"See announcement from <a href=""http://www.newyorkfed.org/markets/opolicy/operating_policy_140113.html""> January 13, 2014</a>.",73016000000,"[{'counterpartyType': 'bank', 'amtAccepted': 160000000}, {'counterpartyType': 'gse', 'amtAccepted': 6500000000}, {'counterpartyType': 'mmf', 'amtAccepted': 47566000000}, {'counterpartyType': 'pd', 'amtAccepted': 18790000000}]"
RP 011614 1,2014-01-16,Reverse Repo,"See announcement from <a href=""http://www.newyorkfed.org/markets/opolicy/operating_policy_140113.html""> January 13, 2014</a>.",67829000000,"[{'counterpartyType': 'bank', 'amtAccepted': 1010000000}, {'counterpartyType': 'gse', 'amtAccepted': 4250000000}, {'counterpartyType': 'mmf', 'amtAccepted': 48959000000}, {'counterpartyType': 'pd', 'amtAccepted': 13610000000}]"
RP 011514 1,2014-01-15,Reverse Repo,"See announcement from <a href=""http://www.newyorkfed.org/markets/opolicy/operating_policy_140113.html""> January 13, 2014</a>.",46752000000,"[{'counterpartyType': 'bank', 'amtAccepted': 160000000}, {'counterpartyType': 'gse', 'amtAccepted': 5650000000}, {'counterpartyType': 'mmf', 'amtAccepted': 38832000000}, {'counterpartyType': 'pd', 'amtAccepted': 2110000000}]"
RP 011414 1,2014-01-14,Reverse Repo,"See announcement from <a href=""http://www.newyorkfed.org/markets/opolicy/operating_policy_131220.html""> December 20, 2013</a>.",54160000000,"[{'counterpartyType': 'bank', 'amtAccepted': 1360000000}, {'counterpartyType': 'gse', 'amtAccepted': 5550000000}, {'counterpartyType': 'mmf', 'amtAccepted': 33700000000}, {'counterpartyType': 'pd', 'amtAccepted': 13550000000}]"
RP 011314 1,2014-01-13,Reverse Repo,"See announcement from <a href=""http://www.newyorkfed.org/markets/opolicy/operating_policy_131220.html""> December 20, 2013</a>.",60470000000,"[{'counterpartyType': 'bank', 'amtAccepted': 160000000}, {'counterpartyType': 'gse', 'amtAccepted': 8200000000}, {'counterpartyType': 'mmf', 'amtAccepted': 45550000000}, {'counterpartyType': 'pd', 'amtAccepted': 6560000000}]"
RP 011014 1,2014-01-10,Reverse Repo,"See announcement from <a href=""http://www.newyorkfed.org/markets/opolicy/operating_policy_131220.html""> December 20, 2013</a>.",49565000000,"[{'counterpartyType': 'bank', 'amtAccepted': 1110000000}, {'counterpartyType': 'gse', 'amtAccepted': 4250000000}, {'counterpartyType': 'mmf', 'amtAccepted': 37345000000}, {'counterpartyType': 'pd', 'amtAccepted': 6860000000}]"
RP 010914 1,2014-01-09,Reverse Repo,"See announcement from <a href=""http://www.newyorkfed.org/markets/opolicy/operating_policy_131220.html""> December 20, 2013</a>.",51200000000,"[{'counterpartyType': 'bank', 'amtAccepted': 10000000}, {'counterpartyType': 'gse', 'amtAccepted': 5350000000}, {'counterpartyType': 'mmf', 'amtAccepted': 40730000000}, {'counterpartyType': 'pd', 'amtAccepted': 5110000000}]"
RP 010814 1,2014-01-08,Reverse Repo,"See announcement from <a href=""http://www.newyorkfed.org/markets/opolicy/operating_policy_131220.html""> December 20, 2013</a>.",43545000000,"[{'counterpartyType': 'bank', 'amtAccepted': 10000000}, {'counterpartyType': 'gse', 'amtAccepted': 7400000000}, {'counterpartyType': 'mmf', 'amtAccepted': 33025000000}, {'counterpartyType': 'pd', 'amtAccepted': 3110000000}]"
RP 010714 1,2014-01-07,Reverse Repo,"See announcement from <a href=""http://www.newyorkfed.org/markets/opolicy/operating_policy_131220.html""> December 20, 2013</a>.",60261000000,"[{'counterpartyType': 'bank', 'amtAccepted': 11000000}, {'counterpartyType': 'gse', 'amtAccepted': 8300000000}, {'counterpartyType': 'mmf', 'amtAccepted': 46840000000}, {'counterpartyType': 'pd', 'amtAccepted': 5110000000}]"
RP 010614 1,2014-01-06,Reverse Repo,"See announcement from <a href=""http://www.newyorkfed.org/markets/opolicy/operating_policy_131220.html""> December 20, 2013</a>.",77265000000,"[{'counterpartyType': 'bank', 'amtAccepted': 10000000}, {'counterpartyType': 'gse', 'amtAccepted': 8000000000}, {'counterpartyType': 'mmf', 'amtAccepted': 59645000000}, {'counterpartyType': 'pd', 'amtAccepted': 9610000000}]"
RP 010314 1,2014-01-03,Reverse Repo,"See announcement from <a href=""http://www.newyorkfed.org/markets/opolicy/operating_policy_131220.html""> December 20, 2013</a>.",56682000000,"[{'counterpartyType': 'bank', 'amtAccepted': 10000000}, {'counterpartyType': 'gse', 'amtAccepted': 5000000000}, {'counterpartyType': 'mmf', 'amtAccepted': 42572000000}, {'counterpartyType': 'pd', 'amtAccepted': 9100000000}]"
RP 010214 1,2014-01-02,Reverse Repo,"See announcement from <a href=""http://www.newyorkfed.org/markets/opolicy/operating_policy_131220.html""> December 20, 2013</a>.",83725000000,"[{'counterpartyType': 'bank', 'amtAccepted': 10000000}, {'counterpartyType': 'gse', 'amtAccepted': 10050000000}, {'counterpartyType': 'mmf', 'amtAccepted': 73555000000}, {'counterpartyType': 'pd', 'amtAccepted': 110000000}]"
RP 123113 1,2013-12-31,Reverse Repo,"See announcement from <a href=""http://www.newyorkfed.org/markets/opolicy/operating_policy_131220.html""> December 20, 2013</a>.",197755000000,"[{'counterpartyType': 'bank', 'amtAccepted': 10000000}, {'counterpartyType': 'gse', 'amtAccepted': 14000000000}, {'counterpartyType': 'mmf', 'amtAccepted': 163295000000}, {'counterpartyType': 'pd', 'amtAccepted': 20450000000}]"
RP 123013 1,2013-12-30,Reverse Repo,"See announcement from <a href=""http://www.newyorkfed.org/markets/opolicy/operating_policy_131220.html""> December 20, 2013</a>.",102573000000,"[{'counterpartyType': 'bank', 'amtAccepted': 2810000000}, {'counterpartyType': 'gse', 'amtAccepted': 7150000000}, {'counterpartyType': 'mmf', 'amtAccepted': 65638000000}, {'counterpartyType': 'pd', 'amtAccepted': 26975000000}]"
RP 122713 1,2013-12-27,Reverse Repo,"See announcement from <a href=""http://www.newyorkfed.org/markets/opolicy/operating_policy_131220.html""> December 20, 2013</a>.",94995000000,"[{'counterpartyType': 'bank', 'amtAccepted': 2510000000}, {'counterpartyType': 'gse', 'amtAccepted': 8000000000}, {'counterpartyType': 'mmf', 'amtAccepted': 65985000000}, {'counterpartyType': 'pd', 'amtAccepted': 18500000000}]"
RP 122613 1,2013-12-26,Reverse Repo,"See announcement from <a href=""http://www.newyorkfed.org/markets/opolicy/operating_policy_131220.html""> December 20, 2013</a>.",46970000000,"[{'counterpartyType': 'bank', 'amtAccepted': 10000000}, {'counterpartyType': 'gse', 'amtAccepted': 7600000000}, {'counterpartyType': 'mmf', 'amtAccepted': 38800000000}, {'counterpartyType': 'pd', 'amtAccepted': 560000000}]"
RP 122413 1,2013-12-24,Reverse Repo,"See announcement from <a href=""http://www.newyorkfed.org/markets/opolicy/operating_policy_131220.html""> December 20, 2013</a>.",42245000000,"[{'counterpartyType': 'bank', 'amtAccepted': 10000000}, {'counterpartyType': 'gse', 'amtAccepted': 6350000000}, {'counterpartyType': 'mmf', 'amtAccepted': 28585000000}, {'counterpartyType': 'pd', 'amtAccepted': 7300000000}]"
RP 122313 1,2013-12-23,Reverse Repo,"See announcement from <a href=""http://www.newyorkfed.org/markets/opolicy/operating_policy_131220.html""> December 20, 2013</a>.",28761000000,"[{'counterpartyType': 'bank', 'amtAccepted': 11000000}, {'counterpartyType': 'gse', 'amtAccepted': 9750000000}, {'counterpartyType': 'mmf', 'amtAccepted': 16040000000}, {'counterpartyType': 'pd', 'amtAccepted': 2960000000}]"
RP 122013 1,2013-12-20,Reverse Repo,"See announcement from <a href=""http://www.newyorkfed.org/markets/opolicy/operating_policy_131118.html""> November 18, 2013</a>.",26525000000,"[{'counterpartyType': 'bank', 'amtAccepted': 10000000}, {'counterpartyType': 'gse', 'amtAccepted': 5000000000}, {'counterpartyType': 'mmf', 'amtAccepted': 15055000000}, {'counterpartyType': 'pd', 'amtAccepted': 6460000000}]"
RP 121913 1,2013-12-19,Reverse Repo,"See announcement from <a href=""http://www.newyorkfed.org/markets/opolicy/operating_policy_131118.html""> November 18, 2013</a>.",15391000000,"[{'counterpartyType': 'bank', 'amtAccepted': 11000000}, {'counterpartyType': 'gse', 'amtAccepted': 5000000000}, {'counterpartyType': 'mmf', 'amtAccepted': 10270000000}, {'counterpartyType': 'pd', 'amtAccepted': 110000000}]"
RP 121813 1,2013-12-18,Reverse Repo,"See announcement from <a href=""http://www.newyorkfed.org/markets/opolicy/operating_policy_131118.html""> November 18, 2013</a>.",11105000000,"[{'counterpartyType': 'bank', 'amtAccepted': 10000000}, {'counterpartyType': 'gse', 'amtAccepted': 5000000000}, {'counterpartyType': 'mmf', 'amtAccepted': 5985000000}, {'counterpartyType': 'pd', 'amtAccepted': 110000000}]"
RP 121713 1,2013-12-17,Reverse Repo,"See announcement from <a href=""http://www.newyorkfed.org/markets/opolicy/operating_policy_131118.html""> November 18, 2013</a>.",14070000000,"[{'counterpartyType': 'bank', 'amtAccepted': 10000000}, {'counterpartyType': 'gse', 'amtAccepted': 3050000000}, {'counterpartyType': 'mmf', 'amtAccepted': 10900000000}, {'counterpartyType': 'pd', 'amtAccepted': 110000000}]"
RP 121613 1,2013-12-16,Reverse Repo,"See announcement from <a href=""http://www.newyorkfed.org/markets/opolicy/operating_policy_131118.html""> November 18, 2013</a>.",6146000000,"[{'counterpartyType': 'bank', 'amtAccepted': 11000000}, {'counterpartyType': 'gse', 'amtAccepted': 4000000000}, {'counterpartyType': 'mmf', 'amtAccepted': 2025000000}, {'counterpartyType': 'pd', 'amtAccepted': 110000000}]"
RP 121313 1,2013-12-13,Reverse Repo,"See announcement from <a href=""http://www.newyorkfed.org/markets/opolicy/operating_policy_131118.html""> November 18, 2013</a>.",17515000000,"[{'counterpartyType': 'bank', 'amtAccepted': 510000000}, {'counterpartyType': 'gse', 'amtAccepted': 4000000000}, {'counterpartyType': 'mmf', 'amtAccepted': 12895000000}, {'counterpartyType': 'pd', 'amtAccepted': 110000000}]"
RP 121213 1,2013-12-12,Reverse Repo,"See announcement from <a href=""http://www.newyorkfed.org/markets/opolicy/operating_policy_131118.html""> November 18, 2013</a>.",26120000000,"[{'counterpartyType': 'bank', 'amtAccepted': 10000000}, {'counterpartyType': 'gse', 'amtAccepted': 4000000000}, {'counterpartyType': 'mmf', 'amtAccepted': 21000000000}, {'counterpartyType': 'pd', 'amtAccepted': 1110000000}]"
RP 121113 1,2013-12-11,Reverse Repo,"See announcement from <a href=""http://www.newyorkfed.org/markets/opolicy/operating_policy_131118.html""> November 18, 2013</a>.",34461000000,"[{'counterpartyType': 'bank', 'amtAccepted': 1011000000}, {'counterpartyType': 'gse', 'amtAccepted': 3000000000}, {'counterpartyType': 'mmf', 'amtAccepted': 22450000000}, {'counterpartyType': 'pd', 'amtAccepted': 8000000000}]"
RP 121013 1,2013-12-10,Reverse Repo,"See announcement from <a href=""http://www.newyorkfed.org/markets/opolicy/operating_policy_131118.html""> November 18, 2013</a>.",14220000000,"[{'counterpartyType': 'bank', 'amtAccepted': 10000000}, {'counterpartyType': 'gse', 'amtAccepted': 3000000000}, {'counterpartyType': 'mmf', 'amtAccepted': 10000000000}, {'counterpartyType': 'pd', 'amtAccepted': 1210000000}]"
RP 120913 1,2013-12-09,Reverse Repo,"See announcement from <a href=""http://www.newyorkfed.org/markets/opolicy/operating_policy_131118.html""> November 18, 2013</a>.",10845000000,"[{'counterpartyType': 'bank', 'amtAccepted': 10000000}, {'counterpartyType': 'gse', 'amtAccepted': 4000000000}, {'counterpartyType': 'mmf', 'amtAccepted': 6725000000}, {'counterpartyType': 'pd', 'amtAccepted': 110000000}]"
RP 120613 1,2013-12-06,Reverse Repo,"See announcement from <a href=""http://www.newyorkfed.org/markets/opolicy/operating_policy_131118.html""> November 18, 2013</a>.",7420000000,"[{'counterpartyType': 'bank', 'amtAccepted': 10000000}, {'counterpartyType': 'gse', 'amtAccepted': 2450000000}, {'counterpartyType': 'mmf', 'amtAccepted': 4850000000}, {'counterpartyType': 'pd', 'amtAccepted': 110000000}]"
RP 120513 1,2013-12-05,Reverse Repo,"See announcement from <a href=""http://www.newyorkfed.org/markets/opolicy/operating_policy_131118.html""> November 18, 2013</a>.",5696000000,"[{'counterpartyType': 'bank', 'amtAccepted': 11000000}, {'counterpartyType': 'gse', 'amtAccepted': 2550000000}, {'counterpartyType': 'mmf', 'amtAccepted': 3025000000}, {'counterpartyType': 'pd', 'amtAccepted': 110000000}]"
RP 120413 1,2013-12-04,Reverse Repo,"See announcement from <a href=""http://www.newyorkfed.org/markets/opolicy/operating_policy_131118.html""> November 18, 2013</a>.",11095000000,"[{'counterpartyType': 'bank', 'amtAccepted': 10000000}, {'counterpartyType': 'gse', 'amtAccepted': 2500000000}, {'counterpartyType': 'mmf', 'amtAccepted': 8475000000}, {'counterpartyType': 'pd', 'amtAccepted': 110000000}]"
RP 120313 1,2013-12-03,Reverse Repo,"See announcement from <a href=""http://www.newyorkfed.org/markets/opolicy/operating_policy_131118.html""> November 18, 2013</a>.",7120000000,"[{'counterpartyType': 'bank', 'amtAccepted': 10000000}, {'counterpartyType': 'gse', 'amtAccepted': 2000000000}, {'counterpartyType': 'mmf', 'amtAccepted': 5000000000}, {'counterpartyType': 'pd', 'amtAccepted': 110000000}]"
RP 120213 1,2013-12-02,Reverse Repo,"See announcement from <a href=""http://www.newyorkfed.org/markets/opolicy/operating_policy_131118.html""> November 18, 2013</a>.",8020000000,"[{'counterpartyType': 'bank', 'amtAccepted': 10000000}, {'counterpartyType': 'gse', 'amtAccepted': 2000000000}, {'counterpartyType': 'mmf', 'amtAccepted': 5900000000}, {'counterpartyType': 'pd', 'amtAccepted': 110000000}]"
RP 112913 1,2013-11-29,Reverse Repo,"See announcement from <a href=""http://www.newyorkfed.org/markets/opolicy/operating_policy_131118.html""> November 18, 2013</a>.",22018000000,"[{'counterpartyType': 'bank', 'amtAccepted': 10000000}, {'counterpartyType': 'gse', 'amtAccepted': 1500000000}, {'counterpartyType': 'mmf', 'amtAccepted': 17998000000}, {'counterpartyType': 'pd', 'amtAccepted': 2510000000}]"
RP 112713 1,2013-11-27,Reverse Repo,"See announcement from <a href=""http://www.newyorkfed.org/markets/opolicy/operating_policy_131118.html""> November 18, 2013</a>.",5721000000,"[{'counterpartyType': 'bank', 'amtAccepted': 511000000}, {'counterpartyType': 'gse', 'amtAccepted': 1000000000}, {'counterpartyType': 'mmf', 'amtAccepted': 3100000000}, {'counterpartyType': 'pd', 'amtAccepted': 1110000000}]"
RP 112613 1,2013-11-26,Reverse Repo,"See announcement from <a href=""http://www.newyorkfed.org/markets/opolicy/operating_policy_131118.html""> November 18, 2013</a>.",3950000000,"[{'counterpartyType': 'bank', 'amtAccepted': 10000000}, {'counterpartyType': 'gse', 'amtAccepted': 2700000000}, {'counterpartyType': 'mmf', 'amtAccepted': 1125000000}, {'counterpartyType': 'pd', 'amtAccepted': 115000000}]"
RP 112513 1,2013-11-25,Reverse Repo,"See announcement from <a href=""http://www.newyorkfed.org/markets/opolicy/operating_policy_131118.html""> November 18, 2013</a>.",3370000000,"[{'counterpartyType': 'bank', 'amtAccepted': 10000000}, {'counterpartyType': 'gse', 'amtAccepted': 1450000000}, {'counterpartyType': 'mmf', 'amtAccepted': 1800000000}, {'counterpartyType': 'pd', 'amtAccepted': 110000000}]"
RP 112213 1,2013-11-22,Reverse Repo,"See announcement from <a href=""http://www.newyorkfed.org/markets/opolicy/operating_policy_131118.html""> November 18, 2013</a>.",3345000000,"[{'counterpartyType': 'bank', 'amtAccepted': 10000000}, {'counterpartyType': 'gse', 'amtAccepted': 2500000000}, {'counterpartyType': 'mmf', 'amtAccepted': 725000000}, {'counterpartyType': 'pd', 'amtAccepted': 110000000}]"
RP 112113 1,2013-11-21,Reverse Repo,"See announcement from <a href=""http://www.newyorkfed.org/markets/opolicy/operating_policy_131118.html""> November 18, 2013</a>.",5571000000,"[{'counterpartyType': 'bank', 'amtAccepted': 11000000}, {'counterpartyType': 'gse', 'amtAccepted': 3200000000}, {'counterpartyType': 'mmf', 'amtAccepted': 2150000000}, {'counterpartyType': 'pd', 'amtAccepted': 210000000}]"
RP 112013 1,2013-11-20,Reverse Repo,"See announcement from <a href=""http://www.newyorkfed.org/markets/opolicy/operating_policy_131118.html""> November 18, 2013</a>.",6121000000,"[{'counterpartyType': 'bank', 'amtAccepted': 10000000}, {'counterpartyType': 'gse', 'amtAccepted': 3250000000}, {'counterpartyType': 'mmf', 'amtAccepted': 2750000000}, {'counterpartyType': 'pd', 'amtAccepted': 111000000}]"
RP 111913 1,2013-11-19,Reverse Repo,"See announcement from <a href=""http://www.newyorkfed.org/markets/opolicy/operating_policy_131118.html""> November 18, 2013</a>.",5070000000,"[{'counterpartyType': 'bank', 'amtAccepted': 10000000}, {'counterpartyType': 'gse', 'amtAccepted': 3000000000}, {'counterpartyType': 'mmf', 'amtAccepted': 1950000000}, {'counterpartyType': 'pd', 'amtAccepted': 110000000}]"
RP 111813 1,2013-11-18,Reverse Repo,"See announcement from <a href=""http://www.newyorkfed.org/markets/opolicy/operating_policy_131108a.html""> November 8, 2013</a>.",2320000000,"[{'counterpartyType': 'bank', 'amtAccepted': 10000000}, {'counterpartyType': 'gse', 'amtAccepted': 1000000000}, {'counterpartyType': 'mmf', 'amtAccepted': 1200000000}, {'counterpartyType': 'pd', 'amtAccepted': 110000000}]"
RP 111513 1,2013-11-15,Reverse Repo,"See announcement from <a href=""http://www.newyorkfed.org/markets/opolicy/operating_policy_131108a.html""> November 8, 2013</a>.",345000000,"[{'counterpartyType': 'bank', 'amtAccepted': 10000000}, {'counterpartyType': 'gse', 'amtAccepted': 0}, {'counterpartyType': 'mmf', 'amtAccepted': 225000000}, {'counterpartyType': 'pd', 'amtAccepted': 110000000}]"
RP 111413 1,2013-11-14,Reverse Repo,"See announcement from <a href=""http://www.newyorkfed.org/markets/opolicy/operating_policy_131108a.html""> November 8, 2013</a>.",1341000000,"[{'counterpartyType': 'bank', 'amtAccepted': 31000000}, {'counterpartyType': 'gse', 'amtAccepted': 0}, {'counterpartyType': 'mmf', 'amtAccepted': 1200000000}, {'counterpartyType': 'pd', 'amtAccepted': 110000000}]"
RP 111313 1,2013-11-13,Reverse Repo,"See announcement from <a href=""http://www.newyorkfed.org/markets/opolicy/operating_policy_131108a.html""> November 8, 2013</a>.",3970000000,"[{'counterpartyType': 'bank', 'amtAccepted': 10000000}, {'counterpartyType': 'gse', 'amtAccepted': 1000000000}, {'counterpartyType': 'mmf', 'amtAccepted': 2850000000}, {'counterpartyType': 'pd', 'amtAccepted': 110000000}]"
RP 111213 1,2013-11-12,Reverse Repo,"See announcement from <a href=""http://www.newyorkfed.org/markets/opolicy/operating_policy_131108a.html""> November 8, 2013</a>.",4400000000,"[{'counterpartyType': 'bank', 'amtAccepted': 10000000}, {'counterpartyType': 'gse', 'amtAccepted': 1000000000}, {'counterpartyType': 'mmf', 'amtAccepted': 3225000000}, {'counterpartyType': 'pd', 'amtAccepted': 165000000}]"
RP 110813 1,2013-11-08,Reverse Repo,"See announcement from <a href=""http://www.newyorkfed.org/markets/opolicy/operating_policy_131101.html""> November 1, 2013</a>.",1480000000,"[{'counterpartyType': 'bank', 'amtAccepted': 10000000}, {'counterpartyType': 'gse', 'amtAccepted': 0}, {'counterpartyType': 'mmf', 'amtAccepted': 1350000000}, {'counterpartyType': 'pd', 'amtAccepted': 120000000}]"
RP 110713 1,2013-11-07,Reverse Repo,"See announcement from <a href=""http://www.newyorkfed.org/markets/opolicy/operating_policy_131101.html""> November 1, 2013</a>.",1075000000,"[{'counterpartyType': 'bank', 'amtAccepted': 10000000}, {'counterpartyType': 'gse', 'amtAccepted': 0}, {'counterpartyType': 'mmf', 'amtAccepted': 950000000}, {'counterpartyType': 'pd', 'amtAccepted': 115000000}]"
RP 110613 1,2013-11-06,Reverse Repo,"See announcement from <a href=""http://www.newyorkfed.org/markets/opolicy/operating_policy_131101.html""> November 1, 2013</a>.",6715000000,"[{'counterpartyType': 'bank', 'amtAccepted': 1010000000}, {'counterpartyType': 'gse', 'amtAccepted': 1000000000}, {'counterpartyType': 'mmf', 'amtAccepted': 1450000000}, {'counterpartyType': 'pd', 'amtAccepted': 3255000000}]"
RP 110513 1,2013-11-05,Reverse Repo,"See announcement from <a href=""http://www.newyorkfed.org/markets/opolicy/operating_policy_131101.html""> November 1, 2013</a>.",2425000000,"[{'counterpartyType': 'bank', 'amtAccepted': 10000000}, {'counterpartyType': 'gse', 'amtAccepted': 0}, {'counterpartyType': 'mmf', 'amtAccepted': 2300000000}, {'counterpartyType': 'pd', 'amtAccepted': 115000000}]"
RP 110413 1,2013-11-04,Reverse Repo,"See announcement from <a href=""http://www.newyorkfed.org/markets/opolicy/operating_policy_131101.html""> November 1, 2013</a>.",4088000000,"[{'counterpartyType': 'bank', 'amtAccepted': 10000000}, {'counterpartyType': 'gse', 'amtAccepted': 800000000}, {'counterpartyType': 'mmf', 'amtAccepted': 3155000000}, {'counterpartyType': 'pd', 'amtAccepted': 123000000}]"
RP 110113 1,2013-11-01,Reverse Repo,"See announcement from <a href=""http://www.newyorkfed.org/markets/opolicy/operating_policy_131018.html""> October 18, 2013</a>.",4650000000,"[{'counterpartyType': 'bank', 'amtAccepted': 10000000}, {'counterpartyType': 'gse', 'amtAccepted': 500000000}, {'counterpartyType': 'mmf', 'amtAccepted': 4025000000}, {'counterpartyType': 'pd', 'amtAccepted': 115000000}]"
RP 103113 1,2013-10-31,Reverse Repo,"See announcement from <a href=""http://www.newyorkfed.org/markets/opolicy/operating_policy_131018.html""> October 18, 2013</a>.",13890000000,"[{'counterpartyType': 'bank', 'amtAccepted': 10000000}, {'counterpartyType': 'gse', 'amtAccepted': 2000000000}, {'counterpartyType': 'mmf', 'amtAccepted': 11770000000}, {'counterpartyType': 'pd', 'amtAccepted': 110000000}]"
RP 103013 1,2013-10-30,Reverse Repo,"See announcement from <a href=""http://www.newyorkfed.org/markets/opolicy/operating_policy_131018.html""> October 18, 2013</a>.",5456000000,"[{'counterpartyType': 'bank', 'amtAccepted': 11000000}, {'counterpartyType': 'gse', 'amtAccepted': 800000000}, {'counterpartyType': 'mmf', 'amtAccepted': 4535000000}, {'counterpartyType': 'pd', 'amtAccepted': 110000000}]"
RP 102913 1,2013-10-29,Reverse Repo,"See announcement from <a href=""http://www.newyorkfed.org/markets/opolicy/operating_policy_131018.html""> October 18, 2013</a>.",1872000000,"[{'counterpartyType': 'bank', 'amtAccepted': 10000000}, {'counterpartyType': 'gse', 'amtAccepted': 1000000000}, {'counterpartyType': 'mmf', 'amtAccepted': 750000000}, {'counterpartyType': 'pd', 'amtAccepted': 112000000}]"
RP 102813 1,2013-10-28,Reverse Repo,"See announcement from <a href=""http://www.newyorkfed.org/markets/opolicy/operating_policy_131018.html""> October 18, 2013</a>.",2148000000,"[{'counterpartyType': 'bank', 'amtAccepted': 10000000}, {'counterpartyType': 'gse', 'amtAccepted': 1000000000}, {'counterpartyType': 'mmf', 'amtAccepted': 1025000000}, {'counterpartyType': 'pd', 'amtAccepted': 113000000}]"
RP 102513 1,2013-10-25,Reverse Repo,"See announcement from <a href=""http://www.newyorkfed.org/markets/opolicy/operating_policy_131018.html""> October 18, 2013</a>.",3283000000,"[{'counterpartyType': 'bank', 'amtAccepted': 10000000}, {'counterpartyType': 'gse', 'amtAccepted': 2000000000}, {'counterpartyType': 'mmf', 'amtAccepted': 1160000000}, {'counterpartyType': 'pd', 'amtAccepted': 113000000}]"
RP 102413 1,2013-10-24,Reverse Repo,"See announcement from <a href=""http://www.newyorkfed.org/markets/opolicy/operating_policy_131018.html""> October 18, 2013</a>.",4949000000,"[{'counterpartyType': 'bank', 'amtAccepted': 11000000}, {'counterpartyType': 'gse', 'amtAccepted': 2000000000}, {'counterpartyType': 'mmf', 'amtAccepted': 2825000000}, {'counterpartyType': 'pd', 'amtAccepted': 113000000}]"
RP 102313 1,2013-10-23,Reverse Repo,"See announcement from <a href=""http://www.newyorkfed.org/markets/opolicy/operating_policy_131018.html""> October 18, 2013</a>.",15740000000,"[{'counterpartyType': 'bank', 'amtAccepted': 10000000}, {'counterpartyType': 'gse', 'amtAccepted': 3000000000}, {'counterpartyType': 'mmf', 'amtAccepted': 12620000000}, {'counterpartyType': 'pd', 'amtAccepted': 110000000}]"
RP 102213 1,2013-10-22,Reverse Repo,"See announcement from <a href=""http://www.newyorkfed.org/markets/opolicy/operating_policy_131018.html""> October 18, 2013</a>.",8370000000,"[{'counterpartyType': 'bank', 'amtAccepted': 10000000}, {'counterpartyType': 'gse', 'amtAccepted': 1000000000}, {'counterpartyType': 'mmf', 'amtAccepted': 4150000000}, {'counterpartyType': 'pd', 'amtAccepted': 3210000000}]"
RP 102113 1,2013-10-21,Reverse Repo,"See announcement from <a href=""http://www.newyorkfed.org/markets/opolicy/operating_policy_131018.html""> October 18, 2013</a>.",4876000000,"[{'counterpartyType': 'bank', 'amtAccepted': 10000000}, {'counterpartyType': 'gse', 'amtAccepted': 2000000000}, {'counterpartyType': 'mmf', 'amtAccepted': 2750000000}, {'counterpartyType': 'pd', 'amtAccepted': 116000000}]"
RP 101813 1,2013-10-18,Reverse Repo,"See announcement from <a href=""http://www.newyorkfed.org/markets/opolicy/operating_policy_130926.html""> September 26, 2013</a>.",4221000000,"[{'counterpartyType': 'bank', 'amtAccepted': 10000000}, {'counterpartyType': 'gse', 'amtAccepted': 2000000000}, {'counterpartyType': 'mmf', 'amtAccepted': 2100000000}, {'counterpartyType': 'pd', 'amtAccepted': 111000000}]"
RP 101713 1,2013-10-17,Reverse Repo,"See announcement from <a href=""http://www.newyorkfed.org/markets/opolicy/operating_policy_130926.html""> September 26, 2013</a>.",3122000000,"[{'counterpartyType': 'bank', 'amtAccepted': 11000000}, {'counterpartyType': 'gse', 'amtAccepted': 3000000000}, {'counterpartyType': 'mmf', 'amtAccepted': 0}, {'counterpartyType': 'pd', 'amtAccepted': 111000000}]"
RP 101613 1,2013-10-16,Reverse Repo,"See announcement from <a href=""http://www.newyorkfed.org/markets/opolicy/operating_policy_130926.html""> September 26, 2013</a>.",2970000000,"[{'counterpartyType': 'bank', 'amtAccepted': 10000000}, {'counterpartyType': 'gse', 'amtAccepted': 1200000000}, {'counterpartyType': 'mmf', 'amtAccepted': 1650000000}, {'counterpartyType': 'pd', 'amtAccepted': 110000000}]"
RP 101513 1,2013-10-15,Reverse Repo,"See announcement from <a href=""http://www.newyorkfed.org/markets/opolicy/operating_policy_130926.html""> September 26, 2013</a>.",2096000000,"[{'counterpartyType': 'bank', 'amtAccepted': 10000000}, {'counterpartyType': 'gse', 'amtAccepted': 0}, {'counterpartyType': 'mmf', 'amtAccepted': 1975000000}, {'counterpartyType': 'pd', 'amtAccepted': 111000000}]"
RP 101113 1,2013-10-11,Reverse Repo,"See announcement from <a href=""http://www.newyorkfed.org/markets/opolicy/operating_policy_130926.html""> September 26, 2013</a>.",1421000000,"[{'counterpartyType': 'bank', 'amtAccepted': 10000000}, {'counterpartyType': 'gse', 'amtAccepted': 500000000}, {'counterpartyType': 'mmf', 'amtAccepted': 800000000}, {'counterpartyType': 'pd', 'amtAccepted': 111000000}]"
RP 101013 1,2013-10-10,Reverse Repo,"See announcement from <a href=""http://www.newyorkfed.org/markets/opolicy/operating_policy_130926.html""> September 26, 2013</a>.",1997000000,"[{'counterpartyType': 'bank', 'amtAccepted': 11000000}, {'counterpartyType': 'gse', 'amtAccepted': 1500000000}, {'counterpartyType': 'mmf', 'amtAccepted': 375000000}, {'counterpartyType': 'pd', 'amtAccepted': 111000000}]"
RP 100913 1,2013-10-09,Reverse Repo,"See announcement from <a href=""http://www.newyorkfed.org/markets/opolicy/operating_policy_130926.html""> September 26, 2013</a>.",425000000,"[{'counterpartyType': 'bank', 'amtAccepted': 10000000}, {'counterpartyType': 'gse', 'amtAccepted': 0}, {'counterpartyType': 'mmf', 'amtAccepted': 250000000}, {'counterpartyType': 'pd', 'amtAccepted': 165000000}]"
RP 100813 1,2013-10-08,Reverse Repo,"See announcement from <a href=""http://www.newyorkfed.org/markets/opolicy/operating_policy_130926.html""> September 26, 2013</a>.",725000000,"[{'counterpartyType': 'bank', 'amtAccepted': 10000000}, {'counterpartyType': 'gse', 'amtAccepted': 0}, {'counterpartyType': 'mmf', 'amtAccepted': 550000000}, {'counterpartyType': 'pd', 'amtAccepted': 165000000}]"
RP 100713 1,2013-10-07,Reverse Repo,"See announcement from <a href=""http://www.newyorkfed.org/markets/opolicy/operating_policy_130926.html""> September 26, 2013</a>.",755000000,"[{'counterpartyType': 'bank', 'amtAccepted': 10000000}, {'counterpartyType': 'gse', 'amtAccepted': 100000000}, {'counterpartyType': 'mmf', 'amtAccepted': 475000000}, {'counterpartyType': 'pd', 'amtAccepted': 170000000}]"
RP 100413 1,2013-10-04,Reverse Repo,"See announcement from <a href=""http://www.newyorkfed.org/markets/opolicy/operating_policy_130926.html""> September 26, 2013</a>.",1381000000,"[{'counterpartyType': 'bank', 'amtAccepted': 10000000}, {'counterpartyType': 'gse', 'amtAccepted': 0}, {'counterpartyType': 'mmf', 'amtAccepted': 1200000000}, {'counterpartyType': 'pd', 'amtAccepted': 171000000}]"
RP 100313 1,2013-10-03,Reverse Repo,"See announcement from <a href=""http://www.newyorkfed.org/markets/opolicy/operating_policy_130926.html""> September 26, 2013</a>.",2256000000,"[{'counterpartyType': 'bank', 'amtAccepted': 10000000}, {'counterpartyType': 'gse', 'amtAccepted': 0}, {'counterpartyType': 'mmf', 'amtAccepted': 2075000000}, {'counterpartyType': 'pd', 'amtAccepted': 171000000}]"
RP 100213 1,2013-10-02,Reverse Repo,"See announcement from <a href=""http://www.newyorkfed.org/markets/opolicy/operating_policy_130926.html""> September 26, 2013</a>.",2702000000,"[{'counterpartyType': 'bank', 'amtAccepted': 11000000}, {'counterpartyType': 'gse', 'amtAccepted': 500000000}, {'counterpartyType': 'mmf', 'amtAccepted': 2030000000}, {'counterpartyType': 'pd', 'amtAccepted': 161000000}]"
RP 100113 1,2013-10-01,Reverse Repo,"See announcement from <a href=""http://www.newyorkfed.org/markets/opolicy/operating_policy_130926.html""> September 26, 2013</a>.",4507000000,"[{'counterpartyType': 'bank', 'amtAccepted': 10000000}, {'counterpartyType': 'gse', 'amtAccepted': 1000000000}, {'counterpartyType': 'mmf', 'amtAccepted': 3215000000}, {'counterpartyType': 'pd', 'amtAccepted': 282000000}]"
RP 093013 1,2013-09-30,Reverse Repo,"See announcement from <a href=""http://www.newyorkfed.org/markets/opolicy/operating_policy_130926.html""> September 26, 2013</a>.",58157000000,"[{'counterpartyType': 'bank', 'amtAccepted': 10000000}, {'counterpartyType': 'gse', 'amtAccepted': 3000000000}, {'counterpartyType': 'mmf', 'amtAccepted': 54865000000}, {'counterpartyType': 'pd', 'amtAccepted': 282000000}]"
RP 092713 1,2013-09-27,Reverse Repo,"See announcement from <a href=""http://www.newyorkfed.org/markets/opolicy/operating_policy_130926.html""> September 26, 2013</a>.",16622000000,"[{'counterpartyType': 'bank', 'amtAccepted': 10000000}, {'counterpartyType': 'gse', 'amtAccepted': 2000000000}, {'counterpartyType': 'mmf', 'amtAccepted': 14125000000}, {'counterpartyType': 'pd', 'amtAccepted': 487000000}]"
RP 092613 1,2013-09-26,Reverse Repo,"See announcement from <a href=""http://www.newyorkfed.org/markets/opolicy/operating_policy_130920.html""> September 20, 2013</a>.",9403000000,"[{'counterpartyType': 'bank', 'amtAccepted': 36000000}, {'counterpartyType': 'gse', 'amtAccepted': 500000000}, {'counterpartyType': 'mmf', 'amtAccepted': 8615000000}, {'counterpartyType': 'pd', 'amtAccepted': 252000000}]"
RP 092513 1,2013-09-25,Reverse Repo,"See announcement from <a href=""http://www.newyorkfed.org/markets/opolicy/operating_policy_130920.html""> September 20, 2013</a>.",6244000000,"[{'counterpartyType': 'bank', 'amtAccepted': 16000000}, {'counterpartyType': 'gse', 'amtAccepted': 500000000}, {'counterpartyType': 'mmf', 'amtAccepted': 5441000000}, {'counterpartyType': 'pd', 'amtAccepted': 287000000}]"
RP 092413 1,2013-09-24,Reverse Repo,"See announcement from <a href=""http://www.newyorkfed.org/markets/opolicy/operating_policy_130920.html""> September 20, 2013</a>.",12711000000,"[{'counterpartyType': 'bank', 'amtAccepted': 80000000}, {'counterpartyType': 'gse', 'amtAccepted': 500000000}, {'counterpartyType': 'mmf', 'amtAccepted': 11130000000}, {'counterpartyType': 'pd', 'amtAccepted': 1001000000}]"
RP 092313 1,2013-09-23,Reverse Repo,"This operation is part of the Fixed-Rate RRP operational readiness program announced in our September 20, 2013 <a href=""http://www.newyorkfed.org/markets/opolicy/operating_policy_130920.html"">statement</a>.",11809000000,"[{'counterpartyType': 'bank', 'amtAccepted': 92000000}, {'counterpartyType': 'gse', 'amtAccepted': 1000000000}, {'counterpartyType': 'mmf', 'amtAccepted': 9810000000}, {'counterpartyType': 'pd', 'amtAccepted': 907000000}]"
RP 082013 1,2013-08-20,Reverse Repo,"This operation is part of the operational readiness program announced in our August 5, 2013 <a href=""http://www.newyorkfed.org/markets/opolicy/operating_policy_130805.html"">statement</a>.",5000000000,
RP 081913 1,2013-08-19,Reverse Repo,"This operation is part of the operational readiness program announced in our August 5, 2013 <a href=""http://www.newyorkfed.org/markets/opolicy/operating_policy_130805.html"">statement</a>.",5000000000,
RP 081413 1,2013-08-14,Reverse Repo,"This operation is part of the operational readiness program announced in our August 5, 2013 <a href=""http://www.newyorkfed.org/markets/opolicy/operating_policy_130805.html"">statement</a>.",1210000000,
RP 081313 1,2013-08-13,Reverse Repo,"This operation is part of the operational readiness program announced in our August 5, 2013 <a href=""http://www.newyorkfed.org/markets/opolicy/operating_policy_130805.html"">statement</a>.",2320000000,
RP 080913 1,2013-08-09,Reverse Repo,"This operation is part of the operational readiness program announced in our August 5, 2013 <a href=""http://www.newyorkfed.org/markets/opolicy/operating_policy_130805.html"">statement</a>.",1020000000,
RP 080713 1,2013-08-07,Reverse Repo,"This operation is part of the operational readiness program announced in our August 5, 2013 <a href=""http://www.newyorkfed.org/markets/opolicy/operating_policy_130805.html"">statement</a>.",2260000000,
RP 040913 1,2013-04-09,Reverse Repo,"This operation is part of the operational readiness program announced in our April 1, 2013 <a href=""http://www.newyorkfed.org/markets/opolicy/operating_policy_130401.html"">statement</a>.",2750000000,
RP 040413 2,2013-04-04,Reverse Repo,"This operation is part of the operational readiness program announced in our April 1, 2013 <a href=""http://www.newyorkfed.org/markets/opolicy/operating_policy_130401.html"">statement</a>.",1190000000,
RP 040213 1,2013-04-02,Reverse Repo,"This operation is part of the operational readiness program announced in our April 1, 2013 <a href=""http://www.newyorkfed.org/markets/opolicy/operating_policy_130401.html"">statement</a>.",260000000,
RP 120312 1,2012-12-03,Reverse Repo,"This operation is part of the operational readiness program announced in our November 28, 2012 <a href=""http://www.newyorkfed.org/markets/opolicy/operating_policy_121128.html"">statement</a>.",2250000000,
RP 112912 1,2012-11-29,Reverse Repo,"This operation is part of the operational readiness program announced in our November 28, 2012 <a href=""http://www.newyorkfed.org/markets/opolicy/operating_policy_121128.html"">statement</a>.",1180000000,
RP 091212 1,2012-09-12,Reverse Repo,"This operation is part of the operational readiness program announced in our September 5, 2012 <a href=""http://www.newyorkfed.org/markets/opolicy/operating_policy_120905.html"">statement</a>.",2250000000,
RP 091012 1,2012-09-10,Reverse Repo,"This operation is part of the operational readiness program announced in our September 5, 2012 <a href=""http://www.newyorkfed.org/markets/opolicy/operating_policy_120905.html"">statement</a>.",3320000000,
RP 090612 1,2012-09-06,Reverse Repo,"This operation is part of the operational readiness program announced in our September 5, 2012 <a href=""http://www.newyorkfed.org/markets/opolicy/operating_policy_120905.html"">statement</a>.",60000000,
RP 030912 1,2012-03-09,Reverse Repo,"This operation is part of the operational readiness program announced in our February 28, 2012 <a href=""http://www.newyorkfed.org/markets/opolicy/operating_policy_120228.html"">statement</a>.",1500000000,
RP 030612 1,2012-03-06,Reverse Repo,"This operation is part of the operational readiness program announced in our February 28, 2012 <a href=""http://www.newyorkfed.org/markets/opolicy/operating_policy_120228.html"">statement</a>.",990000000,
RP 030212 1,2012-03-02,Reverse Repo,"This operation is part of the operational readiness program announced in our February 28, 2012 <a href=""http://www.newyorkfed.org/markets/opolicy/operating_policy_120228.html"">statement</a>.",270000000,
RP 022912 1,2012-02-29,Reverse Repo,"This operation is part of the operational readiness program announced in our February 28, 2012 <a href=""http://www.newyorkfed.org/markets/opolicy/operating_policy_120228.html"">statement</a>.",100000000,
RP 081711 1,2011-08-17,Reverse Repo,"This operation is part of the operational readiness program announced in our August 12, 2011 <a href=""http://www.newyorkfed.org/markets/opolicy/operating_policy_110812.html"">statement</a>.",2000000000,
RP 081511 1,2011-08-15,Reverse Repo,"This operation is part of the operational readiness program announced in our August 12, 2011 <a href=""http://www.newyorkfed.org/markets/opolicy/operating_policy_110812.html"">statement</a>.",60000000,
RP 061411 1,2011-06-14,Reverse Repo,"This operation is part of the operational readiness program announced in our June 7, 2011 <a href=""http://www.newyorkfed.org/markets/opolicy/operating_policy_110607.html"">statement</a>.",2250000000,
RP 061011 1,2011-06-10,Reverse Repo,"This operation is part of the operational readiness program announced in our June 7, 2011 <a href=""http://www.newyorkfed.org/markets/opolicy/operating_policy_110607.html"">statement</a>.",2910000000,
RP 060811 1,2011-06-08,Reverse Repo,"This operation is part of the operational readiness program announced in our June 7, 2011 <a href=""http://www.newyorkfed.org/markets/opolicy/operating_policy_110607.html"">statement</a>.",280000000,
RP 040111 1,2011-04-01,Reverse Repo,"This operation is part of the operational readiness program announced in our March 23, 2011 <a href=""http://www.newyorkfed.org/markets/opolicy/operating_policy_110323.html"">statement</a>.",1750000000,
RP 033011 1,2011-03-30,Reverse Repo,"This operation is part of the operational readiness program announced in our March 23, 2011 <a href=""http://www.newyorkfed.org/markets/opolicy/operating_policy_110323.html"">statement</a>.",750000000,
RP 032911 1,2011-03-29,Reverse Repo,"This operation is part of the operational readiness program announced in our March 23, 2011 <a href=""http://www.newyorkfed.org/markets/opolicy/operating_policy_110323.html"">statement</a>.",2180000000,
RP 032811 1,2011-03-28,Reverse Repo,"This operation is part of the operational readiness program announced in our March 23, 2011 <a href=""http://www.newyorkfed.org/markets/opolicy/operating_policy_110323.html"">statement</a>.",830000000,
RP 032411 1,2011-03-24,Reverse Repo,"This operation is part of the operational readiness program announced in our March 23, 2011 <a href=""http://www.newyorkfed.org/markets/opolicy/operating_policy_110323.html"">statement</a>.",310000000,
RP 102110 1,2010-10-21,Reverse Repo,"This operation is part of the operational readiness program announced in our October 12, 2010 <a href=""http://www.newyorkfed.org/markets/opolicy/operating_policy_101012.html"">statement</a>.",1500000000,
RP 102010 1,2010-10-20,Reverse Repo,"This operation is part of the operational readiness program announced in our October 12, 2010 <a href=""http://www.newyorkfed.org/markets/opolicy/operating_policy_101012.html"">statement</a>.",500000000,
RP 101810 1,2010-10-18,Reverse Repo,"This operation is part of the operational readiness program announced in our October 12, 2010 <a href=""http://www.newyorkfed.org/markets/opolicy/operating_policy_101012.html"">statement</a>.",1290000000,
RP 101510 1,2010-10-15,Reverse Repo,"This operation is part of the operational readiness program announced in our October 12, 2010 <a href=""http://www.newyorkfed.org/markets/opolicy/operating_policy_101012.html"">statement</a>.",780000000,
RP 101310 1,2010-10-13,Reverse Repo,"This operation is part of the operational readiness program announced in our October 12, 2010 <a href=""http://www.newyorkfed.org/markets/opolicy/operating_policy_101012.html"">statement</a>.",260000000,
RP 081110 1,2010-08-11,Reverse Repo,"This operation is part of the operational readiness program announced in our August 3, 2010 <a href='http://www.newyorkfed.org/markets/opolicy/operating_policy_100803.html'>statement</a>.",540000000,
RP 081010 1,2010-08-10,Reverse Repo,"This operation is part of the operational readiness program announced in our August 3, 2010 <a href='http://www.newyorkfed.org/markets/opolicy/operating_policy_100803.html'>statement</a>.",180000000,
RP 080910 2,2010-08-09,Reverse Repo,"This operation is part of the operational readiness program announced in our August 3, 2010 <a href='http://www.newyorkfed.org/markets/opolicy/operating_policy_100803.html'>statement</a>.",180000000,
RP 080910 1,2010-08-09,Reverse Repo,"This operation is part of the operational readiness program announced in our August 3, 2010 <a href='http://www.newyorkfed.org/markets/opolicy/operating_policy_100803.html'>statement</a>.",225000000,
RP 080610 1,2010-08-06,Reverse Repo,"This operation is part of the operational readiness program announced in our August 3, 2010 <a href='http://www.newyorkfed.org/markets/opolicy/operating_policy_100803.html'>statement</a>.",225000000,
RP 080410 1,2010-08-04,Reverse Repo,"This operation is part of the operational readiness program announced in our August 3, 2010 <a href='http://www.newyorkfed.org/markets/opolicy/operating_policy_100803.html'>statement</a>.",180000000,
RP 121109 1,2009-12-11,Reverse Repo,"This operation is part of the operational readiness program announced in our November 30, 2009 <a href=""http://www.newyorkfed.org/markets/opolicy/operating_policy_091130.html"">statement</a>.",180000000,
RP 121009 1,2009-12-10,Reverse Repo,"This operation is part of the operational readiness program announced in our November 30, 2009 <a href=""http://www.newyorkfed.org/markets/opolicy/operating_policy_091130.html"">statement</a>.",225000000,
RP 120909 1,2009-12-09,Reverse Repo,"This operation is part of the operational readiness program announced in our November 30, 2009 <a href=""http://www.newyorkfed.org/markets/opolicy/operating_policy_091130.html"">statement</a>.",225000000,
RP 120809 1,2009-12-08,Reverse Repo,"This operation is part of the operational readiness program announced in our November 30, 2009 <a href=""http://www.newyorkfed.org/markets/opolicy/operating_policy_091130.html"">statement</a>.",180000000,
RP 120309 1,2009-12-03,Reverse Repo,"This operation is part of the tri-party reverse repo operational readiness program announced in our November 30, 2009 <a href=""http://www.newyorkfed.org/markets/opolicy/operating_policy_091130.html"">statement</a>.",180000000,
RP 121608 1,2008-12-16,Reverse Repo,,25000000000,
RP 121508 1,2008-12-15,Reverse Repo,,25000000000,
RP 121208 1,2008-12-12,Reverse Repo,,25000000000,
RP 121108 1,2008-12-11,Reverse Repo,,25000000000,
RP 121008 1,2008-12-10,Reverse Repo,,25000000000,
RP 120908 1,2008-12-09,Reverse Repo,,25000000000,
RP 120808 1,2008-12-08,Reverse Repo,,25000000000,
RP 120508 1,2008-12-05,Reverse Repo,,25000000000,
RP 120408 1,2008-12-04,Reverse Repo,,25000000000,
RP 120308 1,2008-12-03,Reverse Repo,,25000000000,
RP 120208 1,2008-12-02,Reverse Repo,,25000000000,
RP 120108 1,2008-12-01,Reverse Repo,,25000000000,
RP 112808 1,2008-11-28,Reverse Repo,,25000000000,
RP 112608 1,2008-11-26,Reverse Repo,,25000000000,
RP 112508 1,2008-11-25,Reverse Repo,,25000000000,
RP 112408 1,2008-11-24,Reverse Repo,,25000000000,
RP 112108 1,2008-11-21,Reverse Repo,,25000000000,
RP 112008 1,2008-11-20,Reverse Repo,,25000000000,
RP 111908 1,2008-11-19,Reverse Repo,,25000000000,
RP 111808 1,2008-11-18,Reverse Repo,,20000000000,
RP 111708 1,2008-11-17,Reverse Repo,,25000000000,
RP 111408 1,2008-11-14,Reverse Repo,,25000000000,
RP 111308 1,2008-11-13,Reverse Repo,,25000000000,
RP 111208 1,2008-11-12,Reverse Repo,,25000000000,
RP 111008 1,2008-11-10,Reverse Repo,,15000000000,
RP 110708 1,2008-11-07,Reverse Repo,,25000000000,
RP 110608 1,2008-11-06,Reverse Repo,,25000000000,
RP 110508 1,2008-11-05,Reverse Repo,,25000000000,
RP 110408 1,2008-11-04,Reverse Repo,,25000000000,
RP 110308 1,2008-11-03,Reverse Repo,,25000000000,
RP 103108 1,2008-10-31,Reverse Repo,,25000000000,
RP 103008 1,2008-10-30,Reverse Repo,,25000000000,
RP 102908 1,2008-10-29,Reverse Repo,,25000000000,
RP 102808 1,2008-10-28,Reverse Repo,,25000000000,
RP 102708 1,2008-10-27,Reverse Repo,,25000000000,
RP 102408 1,2008-10-24,Reverse Repo,,25000000000,
RP 102308 1,2008-10-23,Reverse Repo,,25000000000,
RP 102208 1,2008-10-22,Reverse Repo,,25000000000,
RP 102108 1,2008-10-21,Reverse Repo,,25000000000,
RP 102008 1,2008-10-20,Reverse Repo,,25000000000,
RP 101708 1,2008-10-17,Reverse Repo,,25000000000,
RP 101608 1,2008-10-16,Reverse Repo,,25000000000,
RP 101508 2,2008-10-15,Reverse Repo,,25000000000,
RP 101408 1,2008-10-14,Reverse Repo,,25000000000,
RP 100608 1,2008-10-06,Reverse Repo,,25000000000,
RP 100308 1,2008-10-03,Reverse Repo,,25000000000,
RP 100208 1,2008-10-02,Reverse Repo,,25000000000,
RP 100108 1,2008-10-01,Reverse Repo,,20000000000,
RP 092608 2,2008-09-26,Reverse Repo,,6000000000,
RP 092608 1,2008-09-26,Reverse Repo,,20000000000,
RP 092508 2,2008-09-25,Reverse Repo,,2000000000,
RP 092508 1,2008-09-25,Reverse Repo,,20000000000,
RP 092408 1,2008-09-24,Reverse Repo,,25000000000,
RP 040208 1,2008-04-02,Reverse Repo,,3750000000,
RP 033108 1,2008-03-31,Reverse Repo,,5000000000,
RP 032808 1,2008-03-28,Reverse Repo,,6000000000,
RP 031908 1,2008-03-19,Reverse Repo,,7250000000,
RP 051007 2,2007-05-10,Reverse Repo,,1500000000,
RP 050207 1,2007-05-02,Reverse Repo,,5750000000,
RP 042707 1,2007-04-27,Reverse Repo,,6500000000,
RP 042607 2,2007-04-26,Reverse Repo,,5250000000,
RP01090412001,2004-01-09,Reverse Repo,,2250000000,
RP01060412001,2004-01-06,Reverse Repo,,2500000000,
RP12160312001,2003-12-16,Reverse Repo,,1750000000,
RP11050312001,2003-11-05,Reverse Repo,,2750000000,
RP11040312001,2003-11-04,Reverse Repo,,4000000000,
RP06200312001,2003-06-20,Reverse Repo,,3500000000,
RP06190312002,2003-06-19,Reverse Repo,,1250000000,
RP06180312001,2003-06-18,Reverse Repo,,2250000000,
RP06040312001,2003-06-04,Reverse Repo,,1250000000,
RP04080312001,2003-04-08,Reverse Repo,,2250000000,
RP03190312001,2003-03-19,Reverse Repo,,1250000000,
RP02070312001,2003-02-07,Reverse Repo,,2500000000,
